title,release_year,release_month,release_day,genres,rating_out_of_10,vote_count,runtime_minutes,box_office_usd,budget_usd,director,screenwriter,cast,production_company,content_rating,language,country,synopsis,wikipedia_url,poster_url
The Mummy Murders,2024,January,2,"Horror, Mystery, Thriller",7.8,280952,138,45264640,12501632,,Will Donahue,"Colin Bressler, Leila Annastasia Scott, Jason Scarbrough, Jeff Caperton, Will Donahue, Aimee Michelle, Destiny Soria, Cole Springer, Isak Tufic",Gravitas Ventures,R,English,United States,"'The Mummy Murders' (2024) is a feature film directed by acclaimed filmmakers, starring Colin Bressler, Leila Annastasia Scott, Jason Scarbrough, Jeff Caperton, Will Donahue, Aimee Michelle, Destiny Soria, Cole Springer, Isak Tufic, produced by Gravitas Ventures.",https://en.wikipedia.org/wiki/The_Mummy_Murders,https://images.unsplash.com/photo-1489599849927-2ee91cede3ba?w=500&auto=format&fit=crop&q=60
DarkGame,2024,January,4,"Horror, Mystery, Thriller",7.6,109812,103,40487340,11440392,Howard J. Ford,"Gary Grant,Niall Johnson","Ed Westwick, Andrew P. Stephen, Natalya Tsvetkova, Lola Wayne, Rory Alexander,Rose Reynolds",Gravitas Ventures,R,English,United States,"'DarkGame' (2024) is a feature film directed by Howard J. Ford, starring Ed Westwick, Andrew P. Stephen, Natalya Tsvetkova, Lola Wayne, Rory Alexander,Rose Reynolds, produced by Gravitas Ventures.",https://en.wikipedia.org/wiki/DarkGame,https://images.unsplash.com/photo-1489599849927-2ee91cede3ba?w=500&auto=format&fit=crop&q=60
He Went That Way,2024,January,,"Sci-Fi, Adventure",7.4,234187,128,29375529,22583686,Jeffrey Darling,Evan M. Wiener,"Jacob Elordi,Zachary Quinto,Patrick J. Adams",Vertical Entertainment/Mister Smith Entertainment,PG-13,English,United States,"'He Went That Way' (2024) is a feature film directed by Jeffrey Darling, starring Jacob Elordi,Zachary Quinto,Patrick J. Adams, produced by Vertical Entertainment/Mister Smith Entertainment.",https://en.wikipedia.org/wiki/He_Went_That_Way,https://images.unsplash.com/photo-1489599849927-2ee91cede3ba?w=500&auto=format&fit=crop&q=60
The Painter,2024,January,,"Sci-Fi, Adventure",9.2,165532,158,28225644,21817096,Kimani Ray Smith,Brian Buccellato,"Charlie Weber,Jon Voight,Marie Avgeropoulos, Max Montesi, Rryla McIntosh,Luisa D'Oliveira",Republic Pictures,PG-13,English,United States,"'The Painter' (2024) is a feature film directed by Kimani Ray Smith, starring Charlie Weber,Jon Voight,Marie Avgeropoulos, Max Montesi, Rryla McIntosh,Luisa D'Oliveira, produced by Republic Pictures.",https://en.wikipedia.org/wiki/The_Painter_(2024_film),https://images.unsplash.com/photo-1489599849927-2ee91cede3ba?w=500&auto=format&fit=crop&q=60
The Bricklayer,2024,January,,"Sci-Fi, Adventure",7.1,227023,92,29255541,22503694,Renny Harlin,"Hanna Weg, Matt Johnson","Aaron Eckhart,Nina Dobrev,Tim Blake Nelson,Ilfenesh Hadera,Clifton Collins Jr.",Vertical Entertainment/Millennium Media,PG-13,English,United States,"'The Bricklayer' (2024) is a feature film directed by Renny Harlin, starring Aaron Eckhart,Nina Dobrev,Tim Blake Nelson,Ilfenesh Hadera,Clifton Collins Jr., produced by Vertical Entertainment/Millennium Media.",https://en.wikipedia.org/wiki/The_Bricklayer,https://images.unsplash.com/photo-1489599849927-2ee91cede3ba?w=500&auto=format&fit=crop&q=60
Some Other Woman,2024,January,,"Adventure, Drama",8.2,255480,160,29732160,22821440,Joel David Moore,"Yuri Baranovsky, Angela Gulner, Josh Long","Amanda Crew,Tom Felton,Ashley Greene",Radiant Films International / Balcony 9 Productions,PG-13,English,United States,"'Some Other Woman' (2024) is a feature film directed by Joel David Moore, starring Amanda Crew,Tom Felton,Ashley Greene, produced by Radiant Films International / Balcony 9 Productions.",https://en.wikipedia.org/wiki/Some_Other_Woman,https://images.unsplash.com/photo-1489599849927-2ee91cede3ba?w=500&auto=format&fit=crop&q=60
We Strangers,2024,January,9,"Drama, Thriller",8.9,191203,137,28655601,22103734,Anu Valia,,"Kirby Howell-Baptiste,Tina Lifford,Sarah Goldberg,Maria Dizzia,Kara Young,Hari Dhillon,Paul Adelstein, Mischa Reddy","Pigasus Pictures, Wingate Media, Mirmade, Killjoy Films",PG-13,English,United States,"'We Strangers' (2024) is a feature film directed by Anu Valia, starring Kirby Howell-Baptiste,Tina Lifford,Sarah Goldberg,Maria Dizzia,Kara Young,Hari Dhillon,Paul Adelstein, Mischa Reddy, produced by Pigasus Pictures, Wingate Media, Mirmade, Killjoy Films.",https://en.wikipedia.org/wiki/We_Strangers,https://images.unsplash.com/photo-1489599849927-2ee91cede3ba?w=500&auto=format&fit=crop&q=60
The Beekeeper,2024,January,12,"Action, Adventure, Drama, History",7.5,201551,114,28828917,22219278,David Ayer,Kurt Wimmer,"Jason Statham,Emmy Raver-Lampman,Josh Hutcherson, Bobby Naderi,Minnie Driver,Phylicia Rashad,Jeremy Irons",Metro-Goldwyn-Mayer/Miramax,PG-13,English,United States,"'The Beekeeper' (2024) is a feature film directed by David Ayer, starring Jason Statham,Emmy Raver-Lampman,Josh Hutcherson, Bobby Naderi,Minnie Driver,Phylicia Rashad,Jeremy Irons, produced by Metro-Goldwyn-Mayer/Miramax.",https://en.wikipedia.org/wiki/The_Beekeeper_(2024_film),https://images.unsplash.com/photo-1489599849927-2ee91cede3ba?w=500&auto=format&fit=crop&q=60
Mean Girls,2024,January,,"Musical, Drama",7.7,142846,119,27845682,21563788,"Arturo Perez Jr., Samantha Jayne",Tina Fey,"Angourie Rice,Reneé Rapp,Auliʻi Cravalho,Jaquel Spivey,Avantika,Bebe Wood,Christopher Briney,Jenna Fischer,Busy Philipps, Tina Fey,Tim Meadows",Paramount Pictures/Broadway Video/Little Stranger,PG-13,English,United States,"'Mean Girls' (2024) is a feature film directed by Arturo Perez Jr., Samantha Jayne, starring Angourie Rice,Reneé Rapp,Auliʻi Cravalho,Jaquel Spivey,Avantika,Bebe Wood,Christopher Briney,Jenna Fischer,Busy Philipps, Tina Fey,Tim Meadows, produced by Paramount Pictures/Broadway Video/Little Stranger.",https://en.wikipedia.org/wiki/Mean_Girls_(2024_film),https://images.unsplash.com/photo-1489599849927-2ee91cede3ba?w=500&auto=format&fit=crop&q=60
Lift,2024,January,,"Romance, Drama",7.4,37177,113,26075859,20383906,F. Gary Gray,Daniel Kunka,"Kevin Hart,Gugu Mbatha-Raw,Vincent D’Onofrio,Úrsula Corberó,Billy Magnussen,Kim Yoon-ji,Viveik Kalra,Jacob Batalon,Jean Reno,Sam Worthington",Netflix/Genre Films/6th & Idaho Productions,PG-13,English,United States,"'Lift' (2024) is a feature film directed by F. Gary Gray, starring Kevin Hart,Gugu Mbatha-Raw,Vincent D’Onofrio,Úrsula Corberó,Billy Magnussen,Kim Yoon-ji,Viveik Kalra,Jacob Batalon,Jean Reno,Sam Worthington, produced by Netflix/Genre Films/6th & Idaho Productions.",https://en.wikipedia.org/wiki/Lift_(2024_film),https://images.unsplash.com/photo-1489599849927-2ee91cede3ba?w=500&auto=format&fit=crop&q=60
Role Play,2024,January,,Drama,8.6,124936,104,27545712,21363808,Thomas Vincent,Seth Owen,"Kaley Cuoco,David Oyelowo,Connie Nielsen,Bill Nighy",Amazon MGM Studios/The Picture Company/StudioCanal,PG-13,English,United States,"'Role Play' (2024) is a feature film directed by Thomas Vincent, starring Kaley Cuoco,David Oyelowo,Connie Nielsen,Bill Nighy, produced by Amazon MGM Studios/The Picture Company/StudioCanal.",https://en.wikipedia.org/wiki/Role_Play,https://images.unsplash.com/photo-1489599849927-2ee91cede3ba?w=500&auto=format&fit=crop&q=60
The Night They Came Home,2024,January,,"Sci-Fi, Adventure",9.2,375676,164,31745292,24163528,Paul G. Volk,"John A. Russo,James O'Brien","Charlie Townsend,Danny Trejo,Robert Carradine, Weston Coppola Cage,Brian Austin Green",Lionsgate Home Entertainment,PG-13,English,United States,"'The Night They Came Home' (2024) is a feature film directed by Paul G. Volk, starring Charlie Townsend,Danny Trejo,Robert Carradine, Weston Coppola Cage,Brian Austin Green, produced by Lionsgate Home Entertainment.",https://en.wikipedia.org/wiki/The_Night_They_Came_Home_(film),https://images.unsplash.com/photo-1489599849927-2ee91cede3ba?w=500&auto=format&fit=crop&q=60
Destroy All Neighbors,2024,January,,"Horror, Mystery, Thriller",7.8,359756,159,47464420,12990296,Josh Forbes,"Mike Benner, Jared Logan, Charles A. Pieper","Jonah Ray, Kiran Deol,Randee Heller,Pete Ploszek",RLJE Films/Shudder,R,English,United States,"'Destroy All Neighbors' (2024) is a feature film directed by Josh Forbes, starring Jonah Ray, Kiran Deol,Randee Heller,Pete Ploszek, produced by RLJE Films/Shudder.",https://en.wikipedia.org/wiki/Destroy_All_Neighbors,https://images.unsplash.com/photo-1489599849927-2ee91cede3ba?w=500&auto=format&fit=crop&q=60
Hellhound,2024,January,,"Comedy, Drama",7.8,143045,120,27849015,21566010,Joshua Dixon,Niccolô de la Fère,"Louis Mandylor,Ron Smoorenburg,Vithaya Pansringarm",Saban Films/ Mbrella Films,PG-13,English,United States,"'Hellhound' (2024) is a feature film directed by Joshua Dixon, starring Louis Mandylor,Ron Smoorenburg,Vithaya Pansringarm, produced by Saban Films/ Mbrella Films.",https://en.wikipedia.org/wiki/Hellhound,https://images.unsplash.com/photo-1489599849927-2ee91cede3ba?w=500&auto=format&fit=crop&q=60
Wanted Man,2024,January,17,Drama,7.4,142249,116,27835683,21557122,,"Michael Worth, Hank Hughes","Dolph Lundgren, Dolph Lundgren,Kelsey Grammer, Christina Villa,Michael Paré,Roger Cross",Quiver Distribution/Millennium Media,PG-13,English,United States,"'Wanted Man' (2024) is a feature film directed by acclaimed filmmakers, starring Dolph Lundgren, Dolph Lundgren,Kelsey Grammer, Christina Villa,Michael Paré,Roger Cross, produced by Quiver Distribution/Millennium Media.",https://en.wikipedia.org/wiki/Wanted_Man_(film),https://images.unsplash.com/photo-1489599849927-2ee91cede3ba?w=500&auto=format&fit=crop&q=60
I.S.S.,2024,January,19,"Sci-Fi, Adventure",8.5,32799,91,26002533,20335022,Gabriela Cowperthwaite,Nick Shafir,"Ariana DeBose,Chris Messina,John Gallagher Jr.,Masha Mashkova,Costa Ronin,Pilou Asbæk",Bleecker Street/LD Entertainment,PG-13,English,United States,"'I.S.S.' (2024) is a feature film directed by Gabriela Cowperthwaite, starring Ariana DeBose,Chris Messina,John Gallagher Jr.,Masha Mashkova,Costa Ronin,Pilou Asbæk, produced by Bleecker Street/LD Entertainment.",https://en.wikipedia.org/wiki/I.S.S._(film),https://images.unsplash.com/photo-1489599849927-2ee91cede3ba?w=500&auto=format&fit=crop&q=60
Sunrise,2024,January,,"Sci-Fi, Adventure",9.0,106031,159,27229077,21152718,Andrew Baird,Ronan Blaney,"Alex Pettyfer,Guy Pearce,Crystal Yu,William Gao,Kurt Yaeger,Olwen Fouéré",Lionsgate/Grindstone Entertainment Group,PG-13,English,United States,"'Sunrise' (2024) is a feature film directed by Andrew Baird, starring Alex Pettyfer,Guy Pearce,Crystal Yu,William Gao,Kurt Yaeger,Olwen Fouéré, produced by Lionsgate/Grindstone Entertainment Group.",https://en.wikipedia.org/wiki/Sunrise_(2024_film),https://images.unsplash.com/photo-1489599849927-2ee91cede3ba?w=500&auto=format&fit=crop&q=60
Which Brings Me to You,2024,January,,"Action, Thriller",8.6,348214,101,31285338,23856892,Peter Hutchings,Keith Bunin,"Lucy Hale,Nat Wolff,Britne Oldford,Genevieve Angelson,Alexander Hodge,John Gallagher Jr.",Decal/Anonymous Content,PG-13,English,United States,"'Which Brings Me to You' (2024) is a feature film directed by Peter Hutchings, starring Lucy Hale,Nat Wolff,Britne Oldford,Genevieve Angelson,Alexander Hodge,John Gallagher Jr., produced by Decal/Anonymous Content.",https://en.wikipedia.org/wiki/Which_Brings_Me_to_You,https://images.unsplash.com/photo-1489599849927-2ee91cede3ba?w=500&auto=format&fit=crop&q=60
Cult Killer,2024,January,,"Crime, Thriller",6.6,166925,90,28248975,21832650,Jon Keeyes,Charles Burnley,"Alice Eve,Antonio Banderas,Paul Reid,Shelley Hennig",Saban Films,PG-13,English,United States,"'Cult Killer' (2024) is a feature film directed by Jon Keeyes, starring Alice Eve,Antonio Banderas,Paul Reid,Shelley Hennig, produced by Saban Films.",https://en.wikipedia.org/wiki/Cult_Killer,https://images.unsplash.com/photo-1489599849927-2ee91cede3ba?w=500&auto=format&fit=crop&q=60
Founders Day,2024,January,,"Sci-Fi, Adventure",7.2,187820,120,28598940,22065960,,Carson Bloomquist,"Erik Bloomquist, Devin Druid,Amy Hargreaves, Naomi Grace,Catherine Curtin,Emilia McCarthy, Olivia Nikkanen,William Russ",Dark Sky Films / Blue Finch Films / Mainframe Pictures,PG-13,English,United States,"'Founders Day' (2024) is a feature film directed by acclaimed filmmakers, starring Erik Bloomquist, Devin Druid,Amy Hargreaves, Naomi Grace,Catherine Curtin,Emilia McCarthy, Olivia Nikkanen,William Russ, produced by Dark Sky Films / Blue Finch Films / Mainframe Pictures.",https://en.wikipedia.org/wiki/Founders_Day_(film),https://images.unsplash.com/photo-1489599849927-2ee91cede3ba?w=500&auto=format&fit=crop&q=60
Murder and Cocktails,2024,January,23,"Sci-Fi, Adventure",7.6,339657,133,31142019,23761346,Henry Barrial,Ron Jackson,"Jason Bernardo, Jessicah Neufeld,Colleen O'Shaughnessey, Ricardo Molina,Lucy Boryer, Brian Lally, Nerissa Tedesco,Caroline Amiguet,Jeff Nimoy",905 Productions / Vision Films,PG-13,English,United States,"'Murder and Cocktails' (2024) is a feature film directed by Henry Barrial, starring Jason Bernardo, Jessicah Neufeld,Colleen O'Shaughnessey, Ricardo Molina,Lucy Boryer, Brian Lally, Nerissa Tedesco,Caroline Amiguet,Jeff Nimoy, produced by 905 Productions / Vision Films.",https://en.wikipedia.org/wiki/Murder_and_Cocktails,https://images.unsplash.com/photo-1489599849927-2ee91cede3ba?w=500&auto=format&fit=crop&q=60
Beautiful Wedding,2024,January,24,"Sci-Fi, Adventure",8.8,289509,106,30302103,23201402,,Jamie McGuire,"Roger Kumble, Dylan Sprouse,Virginia Gardner,Libe Barer,Austin North, Neil Bishop,Alex Aiono, Micky Dartford, Jack Hesketh, Declan Laird, Trevor Van Uden",Voltage Pictures/Wattpad Studios,PG-13,English,United States,"'Beautiful Wedding' (2024) is a feature film directed by acclaimed filmmakers, starring Roger Kumble, Dylan Sprouse,Virginia Gardner,Libe Barer,Austin North, Neil Bishop,Alex Aiono, Micky Dartford, Jack Hesketh, Declan Laird, Trevor Van Uden, produced by Voltage Pictures/Wattpad Studios.",https://en.wikipedia.org/wiki/Beautiful_Wedding,https://images.unsplash.com/photo-1489599849927-2ee91cede3ba?w=500&auto=format&fit=crop&q=60
The Underdoggs,2024,January,,"Drama, Thriller",8.1,229013,102,29288871,22525914,Charles Stone,"Danny Segal, Isaac Schamis","Snoop Dogg,Tika Sumpter,Mike Epps,Andrew Schulz,George Lopez",Amazon MGM Studios/Metro-Goldwyn-Mayer/Khalabo Ink Society,PG-13,English,United States,"'The Underdoggs' (2024) is a feature film directed by Charles Stone, starring Snoop Dogg,Tika Sumpter,Mike Epps,Andrew Schulz,George Lopez, produced by Amazon MGM Studios/Metro-Goldwyn-Mayer/Khalabo Ink Society.",https://en.wikipedia.org/wiki/The_Underdoggs,https://images.unsplash.com/photo-1489599849927-2ee91cede3ba?w=500&auto=format&fit=crop&q=60
Sometimes I Think About Dying,2024,January,,"Sci-Fi, Adventure",7.3,40101,139,33661767,25441178,Rachel Lambert,"Kevin Armento, Stefanie Abel Horowitz, Katy Wright-Mead","Daisy Ridley,Dave Merheje,Parvesh Cheena, Marcia DeBonis,Meg Stalter,Brittany O'Grady,Bree Elrod",Oscilloscope Laboratories,PG-13,English,United States,"'Sometimes I Think About Dying' (2024) is a feature film directed by Rachel Lambert, starring Daisy Ridley,Dave Merheje,Parvesh Cheena, Marcia DeBonis,Meg Stalter,Brittany O'Grady,Bree Elrod, produced by Oscilloscope Laboratories.",https://en.wikipedia.org/wiki/Sometimes_I_Think_About_Dying,https://images.unsplash.com/photo-1489599849927-2ee91cede3ba?w=500&auto=format&fit=crop&q=60
American Star,2024,January,,"Sci-Fi, Adventure",9.2,204934,131,28885578,22257052,Gonzalo López-Gallego,Nacho Faerna,"Ian McShane,Nora Arnezeder,Fanny Ardant,Thomas Kretschmann,Adam Nagaitis",IFC Films,PG-13,English,United States,"'American Star' (2024) is a feature film directed by Gonzalo López-Gallego, starring Ian McShane,Nora Arnezeder,Fanny Ardant,Thomas Kretschmann,Adam Nagaitis, produced by IFC Films.",https://en.wikipedia.org/wiki/American_Star_(film),https://images.unsplash.com/photo-1489599849927-2ee91cede3ba?w=500&auto=format&fit=crop&q=60
Hundreds of Beavers,2024,January,,"Mystery, Thriller",7.4,319558,107,46342310,12741028,Mike Cheslik,"Mike Cheslik, Ryland Brickson Cole, Tews","Ryland Brickson Cole, Tews, Olivia Graves, Wes Tank, Doug Mancheski, Luis Rico",SRH,R,English,United States,"'Hundreds of Beavers' (2024) is a feature film directed by Mike Cheslik, starring Ryland Brickson Cole, Tews, Olivia Graves, Wes Tank, Doug Mancheski, Luis Rico, produced by SRH.",https://en.wikipedia.org/wiki/Hundreds_of_Beavers,https://images.unsplash.com/photo-1489599849927-2ee91cede3ba?w=500&auto=format&fit=crop&q=60
Argylle,2024,February,2,"Action, Adventure, Drama, History",6.5,101056,134,27145752,21097168,Matthew Vaughn,Jason Fuchs,"Bryce Dallas Howard,Sam Rockwell,Bryan Cranston,Catherine O'Hara,Henry Cavill,Sofia Boutella,Dua Lipa,Ariana DeBose,John Cena,Samuel L. Jackson",Universal Pictures/Apple Studios/Marv Studios,PG-13,English,United States,"'Argylle' (2024) is a feature film directed by Matthew Vaughn, starring Bryce Dallas Howard,Sam Rockwell,Bryan Cranston,Catherine O'Hara,Henry Cavill,Sofia Boutella,Dua Lipa,Ariana DeBose,John Cena,Samuel L. Jackson, produced by Universal Pictures/Apple Studios/Marv Studios.",https://en.wikipedia.org/wiki/Argylle,https://images.unsplash.com/photo-1489599849927-2ee91cede3ba?w=500&auto=format&fit=crop&q=60
Orion and the Dark,2024,February,,"Animation, Family, Adventure",8.3,281947,143,30175449,23116966,Sean Charmatz,Charlie Kaufman,"Jacob Tremblay,Paul Walter Hauser,Colin Hanks, Mia Akemi Brown,Ike Barinholtz,Nat Faxon,Golda Rosheuvel,Natasia Demetriou,Aparna Nancherla,Carla Gugino, Matt Dellapina,Angela Bassett",Netflix/DreamWorks Animation,PG-13,English,United States,"'Orion and the Dark' (2024) is a feature film directed by Sean Charmatz, starring Jacob Tremblay,Paul Walter Hauser,Colin Hanks, Mia Akemi Brown,Ike Barinholtz,Nat Faxon,Golda Rosheuvel,Natasia Demetriou,Aparna Nancherla,Carla Gugino, Matt Dellapina,Angela Bassett, produced by Netflix/DreamWorks Animation.",https://en.wikipedia.org/wiki/Orion_and_the_Dark,https://images.unsplash.com/photo-1489599849927-2ee91cede3ba?w=500&auto=format&fit=crop&q=60
The Tiger's Apprentice,2024,February,,"Animation, Family, Adventure",7.4,365527,113,31575309,24050206,"Raman Hui, Paul Watling,Yong Duk Jhun","David Magee,Christopher Yost","Henry Golding,Brandon Soo Hoo,Lucy Liu,Sandra Oh,Michelle Yeoh",Paramount+/Paramount Animation/New Republic Pictures,PG-13,English,United States,"'The Tiger's Apprentice' (2024) is a feature film directed by Raman Hui, Paul Watling,Yong Duk Jhun, starring Henry Golding,Brandon Soo Hoo,Lucy Liu,Sandra Oh,Michelle Yeoh, produced by Paramount+/Paramount Animation/New Republic Pictures.",https://en.wikipedia.org/wiki/The_Tiger's_Apprentice_(film),https://images.unsplash.com/photo-1489599849927-2ee91cede3ba?w=500&auto=format&fit=crop&q=60
A Nashville Wish,2024,February,,"Sci-Fi, Adventure",6.0,251102,138,29658834,22772556,Demetrius Navarro,Ty DeMartino,"Maxfield Camp, Kaileigh Bullard, Alexis Gomez, Kevin Sizemore,Kourtney Hansen,Ryan O'Quinn, Kate Orsini, Caleb Shore, Craig Shumaker,T. Graham Brown,Waylon Payne,Lee Greenwood",Vision Films / Brentwood Avenue Entertainment / D Street Films,PG-13,English,United States,"'A Nashville Wish' (2024) is a feature film directed by Demetrius Navarro, starring Maxfield Camp, Kaileigh Bullard, Alexis Gomez, Kevin Sizemore,Kourtney Hansen,Ryan O'Quinn, Kate Orsini, Caleb Shore, Craig Shumaker,T. Graham Brown,Waylon Payne,Lee Greenwood, produced by Vision Films / Brentwood Avenue Entertainment / D Street Films.",https://en.wikipedia.org/wiki/A_Nashville_Wish,https://images.unsplash.com/photo-1489599849927-2ee91cede3ba?w=500&auto=format&fit=crop&q=60
Lisa Frankenstein,2024,February,9,"Comedy, Drama",6.9,292295,120,30348765,23232510,Zelda Williams,Diablo Cody,"Kathryn Newton,Cole Sprouse,Liza Soberano, Henry Eikenberry,Joe Chrest,Carla Gugino",Focus Features,PG-13,English,United States,"'Lisa Frankenstein' (2024) is a feature film directed by Zelda Williams, starring Kathryn Newton,Cole Sprouse,Liza Soberano, Henry Eikenberry,Joe Chrest,Carla Gugino, produced by Focus Features.",https://en.wikipedia.org/wiki/Lisa_Frankenstein,https://images.unsplash.com/photo-1489599849927-2ee91cede3ba?w=500&auto=format&fit=crop&q=60
Upgraded,2024,February,,"Sci-Fi, Adventure",9.1,119364,151,27452388,21301592,Carlson Young,"Christine Lenig, Justin Matthews, Luke Roberts, Karl Hall","Camila Mendes,Archie Renaux,Thomas Kretschmann,Grégory Montel,Aimee Carrero,Andrew Schulz,Rachel Matthews,Lena Olin,Marisa Tomei",Amazon MGM Studios,PG-13,English,United States,"'Upgraded' (2024) is a feature film directed by Carlson Young, starring Camila Mendes,Archie Renaux,Thomas Kretschmann,Grégory Montel,Aimee Carrero,Andrew Schulz,Rachel Matthews,Lena Olin,Marisa Tomei, produced by Amazon MGM Studios.",https://en.wikipedia.org/wiki/Upgraded_(film),https://images.unsplash.com/photo-1489599849927-2ee91cede3ba?w=500&auto=format&fit=crop&q=60
Air Force One Down,2024,February,,"Sci-Fi, Adventure",6.0,270803,162,29988801,22992534,James Bamford,Steven Paul,"Katherine McNamara,Ian Bohen,Dascha Polanco,Anthony Michael Hall",Republic Pictures,PG-13,English,United States,"'Air Force One Down' (2024) is a feature film directed by James Bamford, starring Katherine McNamara,Ian Bohen,Dascha Polanco,Anthony Michael Hall, produced by Republic Pictures.",https://en.wikipedia.org/wiki/Air_Force_One_Down,https://images.unsplash.com/photo-1489599849927-2ee91cede3ba?w=500&auto=format&fit=crop&q=60
Lola,2024,February,,"Sci-Fi, Adventure",6.7,35784,106,26052528,20368352,"Nicola Peltz,Bria Vinaite",,"Nicola Peltz,Virginia Madsen,Richie Merritt,Trevor Long,Raven Goodwin, Luke David Blumm",Vertical Entertainment,PG-13,English,United States,"'Lola' (2024) is a feature film directed by Nicola Peltz,Bria Vinaite, starring Nicola Peltz,Virginia Madsen,Richie Merritt,Trevor Long,Raven Goodwin, Luke David Blumm, produced by Vertical Entertainment.",https://en.wikipedia.org/wiki/Lola_(2024_film),https://images.unsplash.com/photo-1489599849927-2ee91cede3ba?w=500&auto=format&fit=crop&q=60
Bob Marley: One Love,2024,February,14,"Sci-Fi, Adventure",6.5,304633,107,30555411,23370274,,"Zach Baylin,Frank E. Flowers,Terence Winter","Reinaldo Marcus Green, Kingsley Ben-Adir,Lashana Lynch,James Norton",Paramount Pictures/Plan B Entertainment/Tuff Gong Pictures,PG-13,English,United States,"'Bob Marley: One Love' (2024) is a feature film directed by acclaimed filmmakers, starring Reinaldo Marcus Green, Kingsley Ben-Adir,Lashana Lynch,James Norton, produced by Paramount Pictures/Plan B Entertainment/Tuff Gong Pictures.",https://en.wikipedia.org/wiki/Bob_Marley:_One_Love,https://images.unsplash.com/photo-1489599849927-2ee91cede3ba?w=500&auto=format&fit=crop&q=60
Madame Web,2024,February,,"Action, Sci-Fi, Superhero",7.9,136677,163,27742359,21494906,,Claire Parker,"S. J. Clarkson, Dakota Johnson,Sydney Sweeney,Celeste O'Connor,Isabela Merced,Tahar Rahim,Mike Epps,Emma Roberts,Adam Scott",Columbia Pictures/Marvel Entertainment/Di Bonaventura Pictures,PG-13,English,United States,"'Madame Web' (2024) is a feature film directed by acclaimed filmmakers, starring S. J. Clarkson, Dakota Johnson,Sydney Sweeney,Celeste O'Connor,Isabela Merced,Tahar Rahim,Mike Epps,Emma Roberts,Adam Scott, produced by Columbia Pictures/Marvel Entertainment/Di Bonaventura Pictures.",https://en.wikipedia.org/wiki/Madame_Web_(film),https://images.unsplash.com/photo-1489599849927-2ee91cede3ba?w=500&auto=format&fit=crop&q=60
Players,2024,February,,"Adventure, Drama",8.1,104240,150,27199080,21132720,Trish Sie,Whit Anderson,"Gina Rodriguez,Damon Wayans Jr.,Tom Ellis,Liza Koshy,Joel Courtney,Augustus Prew",Netflix,PG-13,English,United States,"'Players' (2024) is a feature film directed by Trish Sie, starring Gina Rodriguez,Damon Wayans Jr.,Tom Ellis,Liza Koshy,Joel Courtney,Augustus Prew, produced by Netflix.",https://en.wikipedia.org/wiki/Players_(2024_film),https://images.unsplash.com/photo-1489599849927-2ee91cede3ba?w=500&auto=format&fit=crop&q=60
What About Love,2024,February,,"Action, Adventure, Drama, History",6.6,232595,120,29348865,22565910,,Douglas Day Stewart,"Klaus Menzel, Sharon Stone,Andy García,Iain Glen,José Coronado,Maia Morgenstern",XWS / Quality Films / Accident Films,PG-13,English,United States,"'What About Love' (2024) is a feature film directed by acclaimed filmmakers, starring Klaus Menzel, Sharon Stone,Andy García,Iain Glen,José Coronado,Maia Morgenstern, produced by XWS / Quality Films / Accident Films.",https://en.wikipedia.org/wiki/What_About_Love_(film),https://images.unsplash.com/photo-1489599849927-2ee91cede3ba?w=500&auto=format&fit=crop&q=60
Adam the First,2024,February,,"Sci-Fi, Adventure",6.0,211700,90,28998900,22332600,Irving Franco,,"Oakes Fegley,David Duchovny,T.R. Knight,Larry Pine,Billy Slaughter, Jason Dowies, Eric Hanson",Electric Entertainment,PG-13,English,United States,"'Adam the First' (2024) is a feature film directed by Irving Franco, starring Oakes Fegley,David Duchovny,T.R. Knight,Larry Pine,Billy Slaughter, Jason Dowies, Eric Hanson, produced by Electric Entertainment.",https://en.wikipedia.org/wiki/Adam_the_First,https://images.unsplash.com/photo-1489599849927-2ee91cede3ba?w=500&auto=format&fit=crop&q=60
Stranger in the Woods,2024,February,,Comedy,8.5,354582,133,31391994,23927996,Adam Newacheck,Holly Kenney,"Holly Kenney, Brendin Brown, Paris Nicole, Radek Antczak, Teddy Spencer",Red Hound Films / Wonk,PG-13,English,United States,"'Stranger in the Woods' (2024) is a feature film directed by Adam Newacheck, starring Holly Kenney, Brendin Brown, Paris Nicole, Radek Antczak, Teddy Spencer, produced by Red Hound Films / Wonk.",https://en.wikipedia.org/wiki/Stranger_in_the_Woods,https://images.unsplash.com/photo-1489599849927-2ee91cede3ba?w=500&auto=format&fit=crop&q=60
This Is Me... Now: A Love Story,2024,February,16,"Romance, Drama",8.2,452490,100,33031830,25021220,Dave Meyers,Jennifer Lopez,"Jennifer Lopez,Joe Cartagena,Kim Petras,Austin Post,Sofía Vergara,Jenifer Lewis,Jay Shetty,Neil deGrasse Tyson,Sadhguru,Derek Hough,Ben Affleck",Amazon MGM Studios/Nuyorican Productions,PG-13,English,United States,"'This Is Me... Now: A Love Story' (2024) is a feature film directed by Dave Meyers, starring Jennifer Lopez,Joe Cartagena,Kim Petras,Austin Post,Sofía Vergara,Jenifer Lewis,Jay Shetty,Neil deGrasse Tyson,Sadhguru,Derek Hough,Ben Affleck, produced by Amazon MGM Studios/Nuyorican Productions.",https://en.wikipedia.org/wiki/This_Is_Me..._Now:_A_Love_Story,https://images.unsplash.com/photo-1489599849927-2ee91cede3ba?w=500&auto=format&fit=crop&q=60
Land of Bad,2024,February,,"Crime, Thriller",7.0,141453,112,27822351,21548234,,David Frigerio,"William Eubank, Liam Hemsworth,Russell Crowe,Luke Hemsworth,Ricky Whittle,Milo Ventimiglia",The Avenue / Highland Film Group,PG-13,English,United States,"'Land of Bad' (2024) is a feature film directed by acclaimed filmmakers, starring William Eubank, Liam Hemsworth,Russell Crowe,Luke Hemsworth,Ricky Whittle,Milo Ventimiglia, produced by The Avenue / Highland Film Group.",https://en.wikipedia.org/wiki/Land_of_Bad,https://images.unsplash.com/photo-1489599849927-2ee91cede3ba?w=500&auto=format&fit=crop&q=60
Bleeding Love,2024,February,,"Sci-Fi, Adventure",8.2,202944,121,28852248,22234832,Emma Westenberg,Ruby Caster,"Clara McGregor,Ewan McGregor,Kim Zimmer, Devyn McDowell,Sasha Alexander,Jake Weary, Vera Bulder",Vertical Entertainment/Killer Films,PG-13,English,United States,"'Bleeding Love' (2024) is a feature film directed by Emma Westenberg, starring Clara McGregor,Ewan McGregor,Kim Zimmer, Devyn McDowell,Sasha Alexander,Jake Weary, Vera Bulder, produced by Vertical Entertainment/Killer Films.",https://en.wikipedia.org/wiki/Bleeding_Love_(film),https://images.unsplash.com/photo-1489599849927-2ee91cede3ba?w=500&auto=format&fit=crop&q=60
Lights Out,2024,February,,"Sci-Fi, Adventure",7.7,149413,152,27955671,21637114,Christian Sesma,"Chad Law, Garry Charles","Frank Grillo,Mekhi Phifer,Jaime King,Dermot Mulroney,Scott Adkins",Quiver Distribution/ Firebrand,PG-13,English,United States,"'Lights Out' (2024) is a feature film directed by Christian Sesma, starring Frank Grillo,Mekhi Phifer,Jaime King,Dermot Mulroney,Scott Adkins, produced by Quiver Distribution/ Firebrand.",https://en.wikipedia.org/wiki/Lights_Out_(2024_film),https://images.unsplash.com/photo-1489599849927-2ee91cede3ba?w=500&auto=format&fit=crop&q=60
No Way Up,2024,February,,"Sci-Fi, Adventure",6.7,108021,94,27262407,21174938,Claudio Fäh,Andy Mayson,"Colm Meany,Phyllis Logan,Will Attenborough",RLJE Films/Altitude Film Entertainment,PG-13,English,United States,"'No Way Up' (2024) is a feature film directed by Claudio Fäh, starring Colm Meany,Phyllis Logan,Will Attenborough, produced by RLJE Films/Altitude Film Entertainment.",https://en.wikipedia.org/wiki/No_Way_Up,https://images.unsplash.com/photo-1489599849927-2ee91cede3ba?w=500&auto=format&fit=crop&q=60
Altered Reality,2024,February,,"Action, Adventure, Drama, History",8.6,249709,131,29635503,22757002,Don E. FauntLeRoy,Charles Agron,"Tobin Bell, Charles Agron, Alyona Khmara, Krista Dane Hoffman,Edward Asner,Lance Henriksen",K Street Pictures,PG-13,English,United States,"'Altered Reality' (2024) is a feature film directed by Don E. FauntLeRoy, starring Tobin Bell, Charles Agron, Alyona Khmara, Krista Dane Hoffman,Edward Asner,Lance Henriksen, produced by K Street Pictures.",https://en.wikipedia.org/wiki/Altered_Reality_(film),https://images.unsplash.com/photo-1489599849927-2ee91cede3ba?w=500&auto=format&fit=crop&q=60
Drive-Away Dolls,2024,February,23,"Horror, Thriller",8.1,255281,159,44548045,12342446,,Tricia Cooke,"Ethan Coen, Margaret Qualley,Geraldine Viswanathan,Beanie Feldstein,Colman Domingo,Pedro Pascal,Bill Camp,Matt Damon",Focus Features/Working Title Films,R,English,United States,"'Drive-Away Dolls' (2024) is a feature film directed by acclaimed filmmakers, starring Ethan Coen, Margaret Qualley,Geraldine Viswanathan,Beanie Feldstein,Colman Domingo,Pedro Pascal,Bill Camp,Matt Damon, produced by Focus Features/Working Title Films.",https://en.wikipedia.org/wiki/Drive-Away_Dolls,https://images.unsplash.com/photo-1489599849927-2ee91cede3ba?w=500&auto=format&fit=crop&q=60
Ordinary Angels,2024,February,,"Action, Adventure, Drama, History",6.0,251102,138,29658834,22772556,Jon Gunn,"Kelly Fremon Craig,Meg Tilly","Hilary Swank,Alan Ritchson,Nancy Travis,Tamala Jones",Lionsgate/Kingdom Story Company/Vertigo Entertainment/Stampede Ventures,PG-13,English,United States,"'Ordinary Angels' (2024) is a feature film directed by Jon Gunn, starring Hilary Swank,Alan Ritchson,Nancy Travis,Tamala Jones, produced by Lionsgate/Kingdom Story Company/Vertigo Entertainment/Stampede Ventures.",https://en.wikipedia.org/wiki/Ordinary_Angels_(film),https://images.unsplash.com/photo-1489599849927-2ee91cede3ba?w=500&auto=format&fit=crop&q=60
Drugstore June,2024,February,,"Comedy, Drama",7.8,234983,132,29388861,22592574,,Esther Povitsky,"Nicholaus Goossen, Esther Povitsky,Miranda Cosgrove,Bill Burr,Haley Joel Osment,Jackie Sandler,James Remar,Beverly D'Angelo",Shout! Studios/All Things Comedy/Utopia,PG-13,English,United States,"'Drugstore June' (2024) is a feature film directed by acclaimed filmmakers, starring Nicholaus Goossen, Esther Povitsky,Miranda Cosgrove,Bill Burr,Haley Joel Osment,Jackie Sandler,James Remar,Beverly D'Angelo, produced by Shout! Studios/All Things Comedy/Utopia.",https://en.wikipedia.org/wiki/Drugstore_June,https://images.unsplash.com/photo-1489599849927-2ee91cede3ba?w=500&auto=format&fit=crop&q=60
Parallel,2024,February,,"Sci-Fi, Adventure",9.2,119563,152,27455721,21303814,Kourosh Ahari,"Edwin Hodge,Aldis Hodge, Jonathan Keasey","Danielle Deadwyler, Aldis Hodge, Edwin Hodge",Vertical Entertainment,PG-13,English,United States,"'Parallel' (2024) is a feature film directed by Kourosh Ahari, starring Danielle Deadwyler, Aldis Hodge, Edwin Hodge, produced by Vertical Entertainment.",https://en.wikipedia.org/wiki/Parallel_(2024_film),https://images.unsplash.com/photo-1489599849927-2ee91cede3ba?w=500&auto=format&fit=crop&q=60
Red Right Hand,2024,February,,"Sci-Fi, Adventure",8.6,203740,125,28865580,22243720,"Ian Nelms, Eshom Nelms",Jonathan Easley,"Orlando Bloom,Andie MacDowell,Scott Haze,Garret Dillahunt,Mo McRae,Brian Geraghty",Redbox Entertainment/Magnolia Pictures,PG-13,English,United States,"'Red Right Hand' (2024) is a feature film directed by Ian Nelms, Eshom Nelms, starring Orlando Bloom,Andie MacDowell,Scott Haze,Garret Dillahunt,Mo McRae,Brian Geraghty, produced by Redbox Entertainment/Magnolia Pictures.",https://en.wikipedia.org/wiki/Red_Right_Hand_(film),https://images.unsplash.com/photo-1489599849927-2ee91cede3ba?w=500&auto=format&fit=crop&q=60
The Neon Highway,2024,February,27,"Sci-Fi, Adventure",6.0,251102,138,29658834,22772556,,Phillip Rob Bellury,"William Wages, Rob Mayes,Beau Bridges,Sam Hennings,T.J. Power,Lee Brice,Pam Tillis",Sessions Production Payroll / Mountain Movies,PG-13,English,United States,"'The Neon Highway' (2024) is a feature film directed by acclaimed filmmakers, starring William Wages, Rob Mayes,Beau Bridges,Sam Hennings,T.J. Power,Lee Brice,Pam Tillis, produced by Sessions Production Payroll / Mountain Movies.",https://en.wikipedia.org/wiki/The_Neon_Highway,https://images.unsplash.com/photo-1489599849927-2ee91cede3ba?w=500&auto=format&fit=crop&q=60
Dune: Part Two,2024,March,1,"Action, Adventure, Drama, History",8.9,204337,128,490281735,164099423,,"Jon Spaihts,Eric Roth","Denis Villeneuve, Timothée Chalamet,Zendaya,Rebecca Ferguson,Josh Brolin,Austin Butler,Florence Pugh,Dave Bautista,Christopher Walken,Léa Seydoux,Souheila Yacoub,Stellan Skarsgård,Charlotte Rampling,Javier Bardem",Warner Bros. Pictures/Legendary Pictures,PG-13,English,United States,"'Dune: Part Two' (2024) is a feature film directed by acclaimed filmmakers, starring Denis Villeneuve, Timothée Chalamet,Zendaya,Rebecca Ferguson,Josh Brolin,Austin Butler,Florence Pugh,Dave Bautista,Christopher Walken,Léa Seydoux,Souheila Yacoub,Stellan Skarsgård,Charlotte Rampling,Javier Bardem, produced by Warner Bros. Pictures/Legendary Pictures.",https://en.wikipedia.org/wiki/Dune:_Part_Two,https://images.unsplash.com/photo-1489599849927-2ee91cede3ba?w=500&auto=format&fit=crop&q=60
Spaceman,2024,March,,"Sci-Fi, Adventure",8.7,118568,147,27439056,21292704,Johan Renck,Colby Day,"Adam Sandler,Carey Mulligan,Kunal Nayyar,Lena Olin,Isabella Rossellini,Paul Dano",Netflix/Tango Entertainment/Free Association,PG-13,English,United States,"'Spaceman' (2024) is a feature film directed by Johan Renck, starring Adam Sandler,Carey Mulligan,Kunal Nayyar,Lena Olin,Isabella Rossellini,Paul Dano, produced by Netflix/Tango Entertainment/Free Association.",https://en.wikipedia.org/wiki/Spaceman_(2024_film),https://images.unsplash.com/photo-1489599849927-2ee91cede3ba?w=500&auto=format&fit=crop&q=60
Megamind vs. the Doom Syndicate,2024,March,,"Animation, Family, Adventure",6.1,77115,100,34281705,25854470,Eric Fogel,"Alan Schoolcraft, Brent Simons","Keith Ferguson,Josh Brener, Maya Aoki Tuttle, Emily Tunon,Talon Warburton,Scott Adsit,Chris Sullivan,Tony Hale,Jeanine Mason,Adam Lambert",Peacock/DreamWorks Animation Television,PG-13,English,United States,"'Megamind vs. the Doom Syndicate' (2024) is a feature film directed by Eric Fogel, starring Keith Ferguson,Josh Brener, Maya Aoki Tuttle, Emily Tunon,Talon Warburton,Scott Adsit,Chris Sullivan,Tony Hale,Jeanine Mason,Adam Lambert, produced by Peacock/DreamWorks Animation Television.",https://en.wikipedia.org/wiki/Megamind_vs._the_Doom_Syndicate,https://images.unsplash.com/photo-1489599849927-2ee91cede3ba?w=500&auto=format&fit=crop&q=60
Ricky Stanicky,2024,March,7,"Sci-Fi, Adventure",6.9,233192,123,29358864,22572576,,"Brian Jarvis, James L. Freeman,Jeffrey Bushell,Steve Oedekerk","Peter Farrelly, Zac Efron,John Cena,Jermaine Fowler,Andrew Santino,Lex Scott Davis,William H. Macy",Amazon MGM Studios,PG-13,English,United States,"'Ricky Stanicky' (2024) is a feature film directed by acclaimed filmmakers, starring Peter Farrelly, Zac Efron,John Cena,Jermaine Fowler,Andrew Santino,Lex Scott Davis,William H. Macy, produced by Amazon MGM Studios.",https://en.wikipedia.org/wiki/Ricky_Stanicky,https://images.unsplash.com/photo-1489599849927-2ee91cede3ba?w=500&auto=format&fit=crop&q=60
The Thundermans Return,2024,March,,Comedy,8.0,386422,143,31925274,24283516,Trevor Kirschner,"Sean William Cunningham, Marc Dworkin, Jed Spingarn, Eric Donald","Kira Kosarin,Jack Griffo, Diego Velazquez, Diego Velazquez, Maya Le Clark,Chris Tallman,Rosa Blasi",Paramount+/Nickelodeon Movies/Awesomeness Films,PG-13,English,United States,"'The Thundermans Return' (2024) is a feature film directed by Trevor Kirschner, starring Kira Kosarin,Jack Griffo, Diego Velazquez, Diego Velazquez, Maya Le Clark,Chris Tallman,Rosa Blasi, produced by Paramount+/Nickelodeon Movies/Awesomeness Films.",https://en.wikipedia.org/wiki/The_Thundermans_Return,https://images.unsplash.com/photo-1489599849927-2ee91cede3ba?w=500&auto=format&fit=crop&q=60
Kung Fu Panda 4,2024,March,8,"Animation, Family, Adventure",7.4,201352,113,28825584,22217056,Mike Mitchell,"Jonathan Aibel, Glenn Berger,Darren Lemke","Jack Black,Awkwafina,Bryan Cranston,James Hong,Ian McShane,Ke Huy Quan,Dustin Hoffman,Viola Davis",Universal Pictures/DreamWorks Animation,PG-13,English,United States,"'Kung Fu Panda 4' (2024) is a feature film directed by Mike Mitchell, starring Jack Black,Awkwafina,Bryan Cranston,James Hong,Ian McShane,Ke Huy Quan,Dustin Hoffman,Viola Davis, produced by Universal Pictures/DreamWorks Animation.",https://en.wikipedia.org/wiki/Kung_Fu_Panda_4,https://images.unsplash.com/photo-1489599849927-2ee91cede3ba?w=500&auto=format&fit=crop&q=60
Imaginary,2024,March,,"Horror, Mystery, Thriller",7.6,142647,118,41403915,11644002,,"Greg Erb, Jason Oremland","Jeff Wadlow, DeWanda Wise,Tom Payne, Taegen Burns,Pyper Braun,Veronica Falcón,Betty Buckley",Lionsgate/Blumhouse Productions,R,English,United States,"'Imaginary' (2024) is a feature film directed by acclaimed filmmakers, starring Jeff Wadlow, DeWanda Wise,Tom Payne, Taegen Burns,Pyper Braun,Veronica Falcón,Betty Buckley, produced by Lionsgate/Blumhouse Productions.",https://en.wikipedia.org/wiki/Imaginary_(film),https://images.unsplash.com/photo-1489599849927-2ee91cede3ba?w=500&auto=format&fit=crop&q=60
Damsel,2024,March,,"Mystery, Thriller",7.5,76778,162,39565210,11235548,Juan Carlos Fresnadillo,Dan Mazeau,"Millie Bobby Brown,Ray Winstone,Nick Robinson,Shohreh Aghdashloo,Angela Bassett,Robin Wright",Netflix/Roth/Kirschenbaum Films,R,English,United States,"'Damsel' (2024) is a feature film directed by Juan Carlos Fresnadillo, starring Millie Bobby Brown,Ray Winstone,Nick Robinson,Shohreh Aghdashloo,Angela Bassett,Robin Wright, produced by Netflix/Roth/Kirschenbaum Films.",https://en.wikipedia.org/wiki/Damsel_(2024_film),https://images.unsplash.com/photo-1489599849927-2ee91cede3ba?w=500&auto=format&fit=crop&q=60
Love Lies Bleeding,2024,March,,"Action, Adventure, Drama, History",8.2,288315,100,30282105,23188070,,Weronika Tofilska,"Rose Glass, Kristen Stewart,Katy O'Brian,Ed Harris,Jena Malone,Anna Baryshnikov,Dave Franco",A24/Film4,PG-13,English,United States,"'Love Lies Bleeding' (2024) is a feature film directed by acclaimed filmmakers, starring Rose Glass, Kristen Stewart,Katy O'Brian,Ed Harris,Jena Malone,Anna Baryshnikov,Dave Franco, produced by A24/Film4.",https://en.wikipedia.org/wiki/Love_Lies_Bleeding_(2024_film),https://images.unsplash.com/photo-1489599849927-2ee91cede3ba?w=500&auto=format&fit=crop&q=60
Cabrini,2024,March,,"Adventure, Drama",7.4,96280,110,27065760,21043840,Alejandro Monteverde,Rod Barr,"Cristiana Dell'Anna,David Morse,Romana Maggiora Vergano, Federico Ielapi, Virginia Bocelli,Rolando Villazón,Giancarlo Giannini,John Lithgow",Angel Studios,PG-13,English,United States,"'Cabrini' (2024) is a feature film directed by Alejandro Monteverde, starring Cristiana Dell'Anna,David Morse,Romana Maggiora Vergano, Federico Ielapi, Virginia Bocelli,Rolando Villazón,Giancarlo Giannini,John Lithgow, produced by Angel Studios.",https://en.wikipedia.org/wiki/Cabrini_(film),https://images.unsplash.com/photo-1489599849927-2ee91cede3ba?w=500&auto=format&fit=crop&q=60
Accidental Texan,2024,March,,"Action, Adventure, Drama, History",6.4,265032,133,29892144,22928096,Mark Bristol,Julie B. Denny,"Thomas Haden Church,Rudy Pankow,Carrie-Anne Moss,Bruce Dern",Roadside Attractions,PG-13,English,United States,"'Accidental Texan' (2024) is a feature film directed by Mark Bristol, starring Thomas Haden Church,Rudy Pankow,Carrie-Anne Moss,Bruce Dern, produced by Roadside Attractions.",https://en.wikipedia.org/wiki/Accidental_Texan,https://images.unsplash.com/photo-1489599849927-2ee91cede3ba?w=500&auto=format&fit=crop&q=60
American Dreamer,2024,March,,"Sci-Fi, Adventure",8.9,263440,125,29865480,22910320,Paul Dektor,Theodore Melfi,"Peter Dinklage,Shirley MacLaine,Matt Dillon,Danny Glover, Kimberly Quinn,Danny Pudi,Michelle Mylett",Vertical Entertainment,PG-13,English,United States,"'American Dreamer' (2024) is a feature film directed by Paul Dektor, starring Peter Dinklage,Shirley MacLaine,Matt Dillon,Danny Glover, Kimberly Quinn,Danny Pudi,Michelle Mylett, produced by Vertical Entertainment.",https://en.wikipedia.org/wiki/American_Dreamer_(2022_film),https://images.unsplash.com/photo-1489599849927-2ee91cede3ba?w=500&auto=format&fit=crop&q=60
Glitter & Doom,2024,March,,"Musical, Drama",8.2,202944,121,28852248,22234832,Tom Gustafson,Cory Krueckeberg,"Alex Diaz, Alan Cammish,Ming-Na Wen,Missi Pyle",Music Box Films,PG-13,English,United States,"'Glitter & Doom' (2024) is a feature film directed by Tom Gustafson, starring Alex Diaz, Alan Cammish,Ming-Na Wen,Missi Pyle, produced by Music Box Films.",https://en.wikipedia.org/wiki/Glitter_%26_Doom,https://images.unsplash.com/photo-1489599849927-2ee91cede3ba?w=500&auto=format&fit=crop&q=60
The Primevals,2024,March,11,"Sci-Fi, Adventure",8.5,210108,157,28972236,22314824,,Randall William Cook,"David W. Allen, Richard Joseph Paul,Juliet Mills,Leon Russom, Walker Brandt,Robert Cornthwaite",Full Moon Entertainment/Castel Film Romania,PG-13,English,United States,"'The Primevals' (2024) is a feature film directed by acclaimed filmmakers, starring David W. Allen, Richard Joseph Paul,Juliet Mills,Leon Russom, Walker Brandt,Robert Cornthwaite, produced by Full Moon Entertainment/Castel Film Romania.",https://en.wikipedia.org/wiki/The_Primevals,https://images.unsplash.com/photo-1489599849927-2ee91cede3ba?w=500&auto=format&fit=crop&q=60
Little Wing,2024,March,13,"Romance, Drama",7.4,168517,98,28275639,21850426,Dean Israelite,John Gatins,"Brian Cox,Kelly Reilly,Brooklynn Prince, Che Tafari, Lowell Deo,Trinity Jo-Li Bliss",Paramount+/Awesomeness Films,PG-13,English,United States,"'Little Wing' (2024) is a feature film directed by Dean Israelite, starring Brian Cox,Kelly Reilly,Brooklynn Prince, Che Tafari, Lowell Deo,Trinity Jo-Li Bliss, produced by Paramount+/Awesomeness Films.",https://en.wikipedia.org/wiki/Little_Wing_(2024_film),https://images.unsplash.com/photo-1489599849927-2ee91cede3ba?w=500&auto=format&fit=crop&q=60
Arthur the King,2024,March,15,"Sci-Fi, Adventure",6.0,237968,147,29438856,22625904,Simon Cellan Jones,Michael Brandt,"Mark Wahlberg,Simu Liu,Juliet Rylance,Nathalie Emmanuel,Ali Suliman,Bear Grylls,Paul Guilfoyle",Lionsgate/Entertainment One/Tucker Tooley Entertainment,PG-13,English,United States,"'Arthur the King' (2024) is a feature film directed by Simon Cellan Jones, starring Mark Wahlberg,Simu Liu,Juliet Rylance,Nathalie Emmanuel,Ali Suliman,Bear Grylls,Paul Guilfoyle, produced by Lionsgate/Entertainment One/Tucker Tooley Entertainment.",https://en.wikipedia.org/wiki/Arthur_the_King,https://images.unsplash.com/photo-1489599849927-2ee91cede3ba?w=500&auto=format&fit=crop&q=60
Irish Wish,2024,March,,Comedy,6.8,147622,143,27925674,21617116,Janeen Damian,Kirsten Hansen,"Lindsay Lohan,Ed Speleers,Alexander Vlahos,Ayesha Curry,Elizabeth Tan,Jane Seymour",Netflix/Motion Picture Corporation of America,PG-13,English,United States,"'Irish Wish' (2024) is a feature film directed by Janeen Damian, starring Lindsay Lohan,Ed Speleers,Alexander Vlahos,Ayesha Curry,Elizabeth Tan,Jane Seymour, produced by Netflix/Motion Picture Corporation of America.",https://en.wikipedia.org/wiki/Irish_Wish,https://images.unsplash.com/photo-1489599849927-2ee91cede3ba?w=500&auto=format&fit=crop&q=60
One Life,2024,March,,"Sci-Fi, Adventure",8.4,98270,120,27099090,21066060,James Hawes,"Lucinda Coxon, Nick Drake","Anthony Hopkins,Helena Bonham Carter,Johnny Flynn,Lena Olin,Romola Garai,Alex Sharp,Jonathan Pryce",Bleecker Street/BBC Film/FilmNation Entertainment,PG-13,English,United States,"'One Life' (2024) is a feature film directed by James Hawes, starring Anthony Hopkins,Helena Bonham Carter,Johnny Flynn,Lena Olin,Romola Garai,Alex Sharp,Jonathan Pryce, produced by Bleecker Street/BBC Film/FilmNation Entertainment.",https://en.wikipedia.org/wiki/One_Life_(2023_film),https://images.unsplash.com/photo-1489599849927-2ee91cede3ba?w=500&auto=format&fit=crop&q=60
Knox Goes Away,2024,March,,"Sci-Fi, Adventure",6.4,212496,94,29012232,22341488,Michael Keaton,Gregory Poirier,"Michael Keaton,Al Pacino,Marcia Gay Harden,James Marsden,Suzy Nakamura,John Hoogenakker,Joanna Kulig,Ray McKinnon,Lela Loren",Saban Films/FilmNation Entertainment/Brookstreet Pictures,PG-13,English,United States,"'Knox Goes Away' (2024) is a feature film directed by Michael Keaton, starring Michael Keaton,Al Pacino,Marcia Gay Harden,James Marsden,Suzy Nakamura,John Hoogenakker,Joanna Kulig,Ray McKinnon,Lela Loren, produced by Saban Films/FilmNation Entertainment/Brookstreet Pictures.",https://en.wikipedia.org/wiki/Knox_Goes_Away,https://images.unsplash.com/photo-1489599849927-2ee91cede3ba?w=500&auto=format&fit=crop&q=60
Bardejov,2024,March,19,"Drama, Thriller",9.2,119563,152,27455721,21303814,Danny A. Abeckaser,Shmuel Lynn,"Danny A. Abeckaser, Julian Brass,Robert Davi, Kyle Stefanski, Dean Miroshnikov, Darren Weiss, Omer Hazan",Gravitas Ventures,PG-13,English,United States,"'Bardejov' (2024) is a feature film directed by Danny A. Abeckaser, starring Danny A. Abeckaser, Julian Brass,Robert Davi, Kyle Stefanski, Dean Miroshnikov, Darren Weiss, Omer Hazan, produced by Gravitas Ventures.",https://en.wikipedia.org/wiki/Bardejov_(film),https://images.unsplash.com/photo-1489599849927-2ee91cede3ba?w=500&auto=format&fit=crop&q=60
Road House,2024,March,21,"Mystery, Thriller",8.5,144438,127,41453910,11655108,Doug Liman,"Anthony Bagarozzi,Chuck Mondry","Jake Gyllenhaal,Daniela Melchior,Billy Magnussen,Jessica Williams,Darren Barnet,Arturo Castro,J.D. Pardo,Conor McGregor",Amazon Prime Video/Metro-Goldwyn-Mayer/Silver Pictures,R,English,United States,"'Road House' (2024) is a feature film directed by Doug Liman, starring Jake Gyllenhaal,Daniela Melchior,Billy Magnussen,Jessica Williams,Darren Barnet,Arturo Castro,J.D. Pardo,Conor McGregor, produced by Amazon Prime Video/Metro-Goldwyn-Mayer/Silver Pictures.",https://en.wikipedia.org/wiki/Road_House_(2024_film),https://images.unsplash.com/photo-1489599849927-2ee91cede3ba?w=500&auto=format&fit=crop&q=60
Ghostbusters: Frozen Empire,2024,March,22,"Horror, Mystery, Thriller",8.4,35723,117,50980735,13771418,,Jason Reitman,"Gil Kenan, Paul Rudd,Carrie Coon,Finn Wolfhard,Mckenna Grace,Kumail Nanjiani,Patton Oswalt,Celeste O'Connor, Logan Kim,Emily Alyn Lind,James Acaster,Bill Murray,Dan Aykroyd,Ernie Hudson,Annie Potts,William Atherton",Columbia Pictures/Ghost Corps,R,English,United States,"'Ghostbusters: Frozen Empire' (2024) is a feature film directed by acclaimed filmmakers, starring Gil Kenan, Paul Rudd,Carrie Coon,Finn Wolfhard,Mckenna Grace,Kumail Nanjiani,Patton Oswalt,Celeste O'Connor, Logan Kim,Emily Alyn Lind,James Acaster,Bill Murray,Dan Aykroyd,Ernie Hudson,Annie Potts,William Atherton, produced by Columbia Pictures/Ghost Corps.",https://en.wikipedia.org/wiki/Ghostbusters:_Frozen_Empire,https://images.unsplash.com/photo-1489599849927-2ee91cede3ba?w=500&auto=format&fit=crop&q=60
Immaculate,2024,March,,Drama,7.4,161950,140,28165650,21777100,Michael Mohan,Andrew Lobel,"Sydney Sweeney,Álvaro Morte,Benedetta Porcaroli, Dora Romano,Giorgio Colangeli,Simona Tabasco",Neon/Black Bear Pictures,PG-13,English,United States,"'Immaculate' (2024) is a feature film directed by Michael Mohan, starring Sydney Sweeney,Álvaro Morte,Benedetta Porcaroli, Dora Romano,Giorgio Colangeli,Simona Tabasco, produced by Neon/Black Bear Pictures.",https://en.wikipedia.org/wiki/Immaculate_(2024_film),https://images.unsplash.com/photo-1489599849927-2ee91cede3ba?w=500&auto=format&fit=crop&q=60
Sleeping Dogs,2024,March,,"Action, Thriller",6.9,206924,141,28918908,22279272,,Bill Collage,"Adam Cooper, Russell Crowe,Karen Gillan,Marton Csokas,Thomas M. Wright,Harry Greenwood,Tommy Flanagan",The Avenue / Nickel City Productions / Highland Film Group,PG-13,English,United States,"'Sleeping Dogs' (2024) is a feature film directed by acclaimed filmmakers, starring Adam Cooper, Russell Crowe,Karen Gillan,Marton Csokas,Thomas M. Wright,Harry Greenwood,Tommy Flanagan, produced by The Avenue / Nickel City Productions / Highland Film Group.",https://en.wikipedia.org/wiki/Sleeping_Dogs_(2024_film),https://images.unsplash.com/photo-1489599849927-2ee91cede3ba?w=500&auto=format&fit=crop&q=60
The Casagrandes Movie,2024,March,,"Animation, Family, Adventure",7.2,351995,120,31348665,23899110,Miguel Puga,"Tony Gama-Lobo, Rebecca May,Lalo Alcaraz, Rosemary Contreras","Izabella Alvarez,Carlos PenaVega,Sumalee Montano,Sonia Manzano, Ruben Garfias,Carlos Alazraqui, Roxana Ortega,Alexa PenaVega, Jared Kozak, Alex Cazares, Cristina Milizia,Paulina Chávez,Angélica Aragón,Kate del Castillo,Cristo Fernández,Dee Bradley Baker",Netflix/Nickelodeon Animation Studio,PG-13,English,United States,"'The Casagrandes Movie' (2024) is a feature film directed by Miguel Puga, starring Izabella Alvarez,Carlos PenaVega,Sumalee Montano,Sonia Manzano, Ruben Garfias,Carlos Alazraqui, Roxana Ortega,Alexa PenaVega, Jared Kozak, Alex Cazares, Cristina Milizia,Paulina Chávez,Angélica Aragón,Kate del Castillo,Cristo Fernández,Dee Bradley Baker, produced by Netflix/Nickelodeon Animation Studio.",https://en.wikipedia.org/wiki/The_Casagrandes_Movie,https://images.unsplash.com/photo-1489599849927-2ee91cede3ba?w=500&auto=format&fit=crop&q=60
Easter Bloody Easter,2024,March,26,"Horror, Thriller",6.2,336871,119,46825595,12848386,Diane Foster,Allison Lobel,"Miles Cooper, Diane Foster, Kelly Grant, Allison Lobel, Zuri Starks, D'Andre Noiré",WallyBird Productions,R,English,United States,"'Easter Bloody Easter' (2024) is a feature film directed by Diane Foster, starring Miles Cooper, Diane Foster, Kelly Grant, Allison Lobel, Zuri Starks, D'Andre Noiré, produced by WallyBird Productions.",https://en.wikipedia.org/wiki/Easter_Bloody_Easter,https://images.unsplash.com/photo-1489599849927-2ee91cede3ba?w=500&auto=format&fit=crop&q=60
Godzilla x Kong: The New Empire,2024,March,29,"Action, Adventure, Drama, Sci-Fi",8.8,56220,145,33931740,25621160,Adam Wingard,"Terry Rossio,Simon Barrett,Jeremy Slater","Rebecca Hall,Brian Tyree Henry,Dan Stevens,Kaylee Hottle,Alex Ferns,Fala Chen",Warner Bros. Pictures/Legendary Pictures,PG-13,English,United States,"'Godzilla x Kong: The New Empire' (2024) is a feature film directed by Adam Wingard, starring Rebecca Hall,Brian Tyree Henry,Dan Stevens,Kaylee Hottle,Alex Ferns,Fala Chen, produced by Warner Bros. Pictures/Legendary Pictures.",https://en.wikipedia.org/wiki/Godzilla_x_Kong:_The_New_Empire,https://images.unsplash.com/photo-1489599849927-2ee91cede3ba?w=500&auto=format&fit=crop&q=60
Asphalt City,2024,March,,"Action, Adventure, Drama, History",7.4,188218,122,28605606,22070404,Jean-Stéphane Sauvaire,"Ryan King, Ben Mac Brown","Tye Sheridan,Sean Penn,Katherine Waterston,Michael Pitt,Mike Tyson, Raquel Nave,Kali Reis",Roadside Attractions/Vertical Entertainment/FilmNation Entertainment,PG-13,English,United States,"'Asphalt City' (2024) is a feature film directed by Jean-Stéphane Sauvaire, starring Tye Sheridan,Sean Penn,Katherine Waterston,Michael Pitt,Mike Tyson, Raquel Nave,Kali Reis, produced by Roadside Attractions/Vertical Entertainment/FilmNation Entertainment.",https://en.wikipedia.org/wiki/Asphalt_City,https://images.unsplash.com/photo-1489599849927-2ee91cede3ba?w=500&auto=format&fit=crop&q=60
The Listener,2024,March,,"Sci-Fi, Adventure",7.5,188417,123,28608939,22072626,Steve Buscemi,,"Alessandro Camon, Tessa Thompson",Vertical Entertainment,PG-13,English,United States,"'The Listener' (2024) is a feature film directed by Steve Buscemi, starring Alessandro Camon, Tessa Thompson, produced by Vertical Entertainment.",https://en.wikipedia.org/wiki/The_Listener_(film),https://images.unsplash.com/photo-1489599849927-2ee91cede3ba?w=500&auto=format&fit=crop&q=60
Música,2024,April,4,"Drama, Thriller",8.8,105633,157,27222411,21148274,,Dan Lagana,"Rudy Mancuso, Rudy Mancuso,Camila Mendes,J.B. Smoove,Francesca Reale, Maria Mancuso",Amazon MGM Studios/Wonderland Sound and Vision,PG-13,English,United States,"'Música' (2024) is a feature film directed by acclaimed filmmakers, starring Rudy Mancuso, Rudy Mancuso,Camila Mendes,J.B. Smoove,Francesca Reale, Maria Mancuso, produced by Amazon MGM Studios/Wonderland Sound and Vision.",https://en.wikipedia.org/wiki/Música_(2024_film),https://images.unsplash.com/photo-1489599849927-2ee91cede3ba?w=500&auto=format&fit=crop&q=60
The First Omen,2024,April,5,"Action, Thriller",8.9,210904,161,28985568,22323712,,"Tim Smith,Keith Thomas","Arkasha Stevenson, Nell Tiger Free,Tawfeek Barhom,Sônia Braga,Ralph Ineson,Bill Nighy,Charles Dance",20th Century Studios,PG-13,English,United States,"'The First Omen' (2024) is a feature film directed by acclaimed filmmakers, starring Arkasha Stevenson, Nell Tiger Free,Tawfeek Barhom,Sônia Braga,Ralph Ineson,Bill Nighy,Charles Dance, produced by 20th Century Studios.",https://en.wikipedia.org/wiki/The_First_Omen,https://images.unsplash.com/photo-1489599849927-2ee91cede3ba?w=500&auto=format&fit=crop&q=60
Monkey Man,2024,April,,"Action, Adventure, Drama, History",9.0,145433,132,27889011,21592674,,"Paul Angunawela,John Collee","Dev Patel, Dev Patel,Sharlto Copley,Pitobash Tripathy,Vipin Sharma,Sikandar Kher, Adithi Kalkunte,Sobhita Dhulipala,Ashwini Kalsekar,Makarand Deshpande, Jatin Malik,Zakir Hussain",Universal Pictures/Bron Studios/Thunder Road Films/Monkeypaw Productions,PG-13,English,United States,"'Monkey Man' (2024) is a feature film directed by acclaimed filmmakers, starring Dev Patel, Dev Patel,Sharlto Copley,Pitobash Tripathy,Vipin Sharma,Sikandar Kher, Adithi Kalkunte,Sobhita Dhulipala,Ashwini Kalsekar,Makarand Deshpande, Jatin Malik,Zakir Hussain, produced by Universal Pictures/Bron Studios/Thunder Road Films/Monkeypaw Productions.",https://en.wikipedia.org/wiki/Monkey_Man_(film),https://images.unsplash.com/photo-1489599849927-2ee91cede3ba?w=500&auto=format&fit=crop&q=60
Parachute,2024,April,,"Sci-Fi, Adventure",7.2,141851,114,27829017,21552678,,Becca Gleason,"Brittany Snow, Courtney Eaton,Thomas Mann,Scott Mescudi,Francesca Reale,Gina Rodriguez,Joel McHale,Kathryn Gallagher,Dave Bautista,Chrissie Fit,Lukas Gage,Kelley Jakle,Jennifer Westfeldt,Bunny Gibson",Vertical Entertainment,PG-13,English,United States,"'Parachute' (2024) is a feature film directed by acclaimed filmmakers, starring Brittany Snow, Courtney Eaton,Thomas Mann,Scott Mescudi,Francesca Reale,Gina Rodriguez,Joel McHale,Kathryn Gallagher,Dave Bautista,Chrissie Fit,Lukas Gage,Kelley Jakle,Jennifer Westfeldt,Bunny Gibson, produced by Vertical Entertainment.",https://en.wikipedia.org/wiki/Parachute_(film),https://images.unsplash.com/photo-1489599849927-2ee91cede3ba?w=500&auto=format&fit=crop&q=60
A Bit of Light,2024,April,,"Action, Adventure, Drama, History",8.1,189611,129,28628937,22085958,Stephen Moyer,Rebecca Callard,"Anna Paquin,Ray Winstone,Pippa Bennett-Warner,Youssef Kerkour",Quiver Distribution/ICM Partners,PG-13,English,United States,"'A Bit of Light' (2024) is a feature film directed by Stephen Moyer, starring Anna Paquin,Ray Winstone,Pippa Bennett-Warner,Youssef Kerkour, produced by Quiver Distribution/ICM Partners.",https://en.wikipedia.org/wiki/A_Bit_of_Light,https://images.unsplash.com/photo-1489599849927-2ee91cede3ba?w=500&auto=format&fit=crop&q=60
The People's Joker,2024,April,,"Action, Sci-Fi, Superhero",8.1,281549,141,30168783,23112522,,Bri LeRose,"Vera Drew, Vera Drew, Lynn Downey, Griffin Kramer, Kane Distler, Nathan Faustyn, Phil Braun,David Liebe Hart,Scott Aukerman,Tim Heidecker,Maria Bamford,Bob Odenkirk",Altered Innocence / Haunted Gay Ride Productions,PG-13,English,United States,"'The People's Joker' (2024) is a feature film directed by acclaimed filmmakers, starring Vera Drew, Vera Drew, Lynn Downey, Griffin Kramer, Kane Distler, Nathan Faustyn, Phil Braun,David Liebe Hart,Scott Aukerman,Tim Heidecker,Maria Bamford,Bob Odenkirk, produced by Altered Innocence / Haunted Gay Ride Productions.",https://en.wikipedia.org/wiki/The_People's_Joker,https://images.unsplash.com/photo-1489599849927-2ee91cede3ba?w=500&auto=format&fit=crop&q=60
Rebel Moon – Part Two: The Scargiver,2024,April,,"Sci-Fi, Adventure",8.9,407272,143,62422224,44614816,Zack Snyder,"Kurt Johnstad,Shay Hatten","Sofia Boutella,Djimon Hounsou,Ed Skrein,Michiel Huisman,Doona Bae,Ray Fisher,Staz Nair,Fra Fee, Elise Duffy,Charlotte Maggi,Stuart Martin,Cary Elwes,Anthony Hopkins",Netflix/The Stone Quarry,PG-13,English,United States,"'Rebel Moon – Part Two: The Scargiver' (2024) is a feature film directed by Zack Snyder, starring Sofia Boutella,Djimon Hounsou,Ed Skrein,Michiel Huisman,Doona Bae,Ray Fisher,Staz Nair,Fra Fee, Elise Duffy,Charlotte Maggi,Stuart Martin,Cary Elwes,Anthony Hopkins, produced by Netflix/The Stone Quarry.",https://en.wikipedia.org/wiki/Rebel_Moon_–_Part_Two:_The_Scargiver,https://images.unsplash.com/photo-1489599849927-2ee91cede3ba?w=500&auto=format&fit=crop&q=60
Damaged,2024,April,,"Sci-Fi, Adventure",8.6,92101,164,26995767,20997178,Terry McDonough,"Koji Steven Sakai,Gianni Capaldi, Paul Aniello","Samuel L. Jackson,Vincent Cassel, Gianni Capaldi,Kate Dickie,John Hannah,Mark Holden",Lionsgate/Signature Entertainment,PG-13,English,United States,"'Damaged' (2024) is a feature film directed by Terry McDonough, starring Samuel L. Jackson,Vincent Cassel, Gianni Capaldi,Kate Dickie,John Hannah,Mark Holden, produced by Lionsgate/Signature Entertainment.",https://en.wikipedia.org/wiki/Damaged_(film),https://images.unsplash.com/photo-1489599849927-2ee91cede3ba?w=500&auto=format&fit=crop&q=60
The Absence of Eden,2024,April,,"Action, Adventure, Drama, History",8.8,289509,106,30302103,23201402,,Rick Rapoza,"Marco Perego, Zoe Saldaña,Garrett Hedlund,Adria Arjona,Tom Waits",Roadside Attractions/Vertical Entertainment/Ingenious Media,PG-13,English,United States,"'The Absence of Eden' (2024) is a feature film directed by acclaimed filmmakers, starring Marco Perego, Zoe Saldaña,Garrett Hedlund,Adria Arjona,Tom Waits, produced by Roadside Attractions/Vertical Entertainment/Ingenious Media.",https://en.wikipedia.org/wiki/The_Absence_of_Eden,https://images.unsplash.com/photo-1489599849927-2ee91cede3ba?w=500&auto=format&fit=crop&q=60
Sasquatch Sunset,2024,April,,"Horror, Thriller",6.9,279161,129,45214645,12490526,Nathan Zellner,,"David Zellner, Riley Keough,Jesse Eisenberg",Bleecker Street/Square Peg,R,English,United States,"'Sasquatch Sunset' (2024) is a feature film directed by Nathan Zellner, starring David Zellner, Riley Keough,Jesse Eisenberg, produced by Bleecker Street/Square Peg.",https://en.wikipedia.org/wiki/Sasquatch_Sunset,https://images.unsplash.com/photo-1489599849927-2ee91cede3ba?w=500&auto=format&fit=crop&q=60
Woody Woodpecker Goes to Camp,2024,April,,"Action, Adventure, Drama, History",7.6,47265,100,33781755,25521170,Jon Rosenbaum,"Cory Edwards, Jim Martin, Stephen Mazur","Eric Bauza,Kevin Michael Richardson,Tom Kenny,Mary-Louise Parker,Josh Lawson",Netflix/Universal 1440 Entertainment,PG-13,English,United States,"'Woody Woodpecker Goes to Camp' (2024) is a feature film directed by Jon Rosenbaum, starring Eric Bauza,Kevin Michael Richardson,Tom Kenny,Mary-Louise Parker,Josh Lawson, produced by Netflix/Universal 1440 Entertainment.",https://en.wikipedia.org/wiki/Woody_Woodpecker_Goes_to_Camp,https://images.unsplash.com/photo-1489599849927-2ee91cede3ba?w=500&auto=format&fit=crop&q=60
The Long Game,2024,April,,"Sci-Fi, Adventure",8.0,182845,95,28515615,22010410,,"Paco Farias, Jennifer C. StetsonJay Hernandez,Julian Works,Jaina Lee Ortiz,Brett Cullen,Oscar Nuñez,Paulina Chávez,Gregory Diaz IV, José Julián,Cheech Marin,Dennis Quaid",Julio Quintana,Mucho Mas Releasing /Fifth Season,PG-13,English,United States,"'The Long Game' (2024) is a feature film directed by acclaimed filmmakers, starring Julio Quintana, produced by Mucho Mas Releasing /Fifth Season.",https://en.wikipedia.org/wiki/The_Long_Game_(film),https://images.unsplash.com/photo-1489599849927-2ee91cede3ba?w=500&auto=format&fit=crop&q=60
Arcadian,2024,April,,Drama,6.6,114389,126,27369063,21246042,Ben Brewer,Michael Nilon,"Nicolas Cage,Jaeden Martell,Maxwell Jenkins,Sadie Soverall",RLJE Films/Saturn Films,PG-13,English,United States,"'Arcadian' (2024) is a feature film directed by Ben Brewer, starring Nicolas Cage,Jaeden Martell,Maxwell Jenkins,Sadie Soverall, produced by RLJE Films/Saturn Films.",https://en.wikipedia.org/wiki/Arcadian_(film),https://images.unsplash.com/photo-1489599849927-2ee91cede3ba?w=500&auto=format&fit=crop&q=60
Don't Tell Mom the Babysitter's Dead,2024,April,,"Action, Adventure, Drama, History",6.2,142984,131,35384928,26589952,Wade Allain-Marcus,Chuck Hayward,"Simone Joy Jones,Nicole Richie,June Squibb,Jermaine Fowler,Ms. Pat,Gus Kenworthy",Iconic Events Releasing /BET+,PG-13,English,United States,"'Don't Tell Mom the Babysitter's Dead' (2024) is a feature film directed by Wade Allain-Marcus, starring Simone Joy Jones,Nicole Richie,June Squibb,Jermaine Fowler,Ms. Pat,Gus Kenworthy, produced by Iconic Events Releasing /BET+.",https://en.wikipedia.org/wiki/Don't_Tell_Mom_the_Babysitter's_Dead_(2024_film),https://images.unsplash.com/photo-1489599849927-2ee91cede3ba?w=500&auto=format&fit=crop&q=60
Abigail,2024,April,19,"Sci-Fi, Adventure",9.2,93295,95,27015765,21010510,"Matt Bettinelli-Olpin,Tyler Gillett","Stephen Sheilds,Guy Busick","Melissa Barrera,Dan Stevens,Kathryn Newton,Will Catlett,Kevin Durand,Angus Cloud,Alisha Weir,Giancarlo Esposito",Universal Pictures/Radio Silence Productions,PG-13,English,United States,"'Abigail' (2024) is a feature film directed by Matt Bettinelli-Olpin,Tyler Gillett, starring Melissa Barrera,Dan Stevens,Kathryn Newton,Will Catlett,Kevin Durand,Angus Cloud,Alisha Weir,Giancarlo Esposito, produced by Universal Pictures/Radio Silence Productions.",https://en.wikipedia.org/wiki/Abigail_(2024_film),https://images.unsplash.com/photo-1489599849927-2ee91cede3ba?w=500&auto=format&fit=crop&q=60
The Ministry of Ungentlemanly Warfare,2024,April,,"Action, Adventure, Drama, History",9.1,220992,148,36691464,27460976,,"Arash Amel, Eric Johnson, Paul Tamasy","Guy Ritchie, Henry Cavill,Eiza González,Alan Ritchson,Alex Pettyfer,Hero Fiennes Tiffin,Babs Olusanmokun,Henrique Zaga,Til Schweiger,Henry Golding,Cary Elwes",Lionsgate/Black Bear Pictures/Jerry Bruckheimer Films,PG-13,English,United States,"'The Ministry of Ungentlemanly Warfare' (2024) is a feature film directed by acclaimed filmmakers, starring Guy Ritchie, Henry Cavill,Eiza González,Alan Ritchson,Alex Pettyfer,Hero Fiennes Tiffin,Babs Olusanmokun,Henrique Zaga,Til Schweiger,Henry Golding,Cary Elwes, produced by Lionsgate/Black Bear Pictures/Jerry Bruckheimer Films.",https://en.wikipedia.org/wiki/The_Ministry_of_Ungentlemanly_Warfare,https://images.unsplash.com/photo-1489599849927-2ee91cede3ba?w=500&auto=format&fit=crop&q=60
Blood for Dust,2024,April,,"Sci-Fi, Adventure",8.7,217073,117,29088891,22392594,Rod Blackhurst,David Ebeltoft,"Scoot McNairy,Kit Harington,Josh Lucas,Stephen Dorff",The Avenue,PG-13,English,United States,"'Blood for Dust' (2024) is a feature film directed by Rod Blackhurst, starring Scoot McNairy,Kit Harington,Josh Lucas,Stephen Dorff, produced by The Avenue.",https://en.wikipedia.org/wiki/Blood_for_Dust,https://images.unsplash.com/photo-1489599849927-2ee91cede3ba?w=500&auto=format&fit=crop&q=60
Hard Miles,2024,April,,"Sci-Fi, Adventure",6.8,141055,110,27815685,21543790,,Christian Sander,"R.J. Daniel Hanna, Matthew Modine,Cynthia McWilliams,Jahking Guillory,Leslie David Baker,Sean Astin",Blue Fox Entertainment,PG-13,English,United States,"'Hard Miles' (2024) is a feature film directed by acclaimed filmmakers, starring R.J. Daniel Hanna, Matthew Modine,Cynthia McWilliams,Jahking Guillory,Leslie David Baker,Sean Astin, produced by Blue Fox Entertainment.",https://en.wikipedia.org/wiki/Hard_Miles_(film),https://images.unsplash.com/photo-1489599849927-2ee91cede3ba?w=500&auto=format&fit=crop&q=60
Hanky Panky,2024,April,,"Horror, Mystery, Thriller",6.9,167522,93,42098290,11798252,"Nick Roth,Lindsey Haun",Nick Roth,"Seth Green, Jacob DeMonte-Finn,Clare Grant, Toby Brian, Lindsey Haun, Christina Laskay",A Group of Ferrets / Happy Canyon Club,R,English,United States,"'Hanky Panky' (2024) is a feature film directed by Nick Roth,Lindsey Haun, starring Seth Green, Jacob DeMonte-Finn,Clare Grant, Toby Brian, Lindsey Haun, Christina Laskay, produced by A Group of Ferrets / Happy Canyon Club.",https://en.wikipedia.org/wiki/Hanky_Panky_(2023_film),https://images.unsplash.com/photo-1489599849927-2ee91cede3ba?w=500&auto=format&fit=crop&q=60
Downtown Owl,2024,April,23,"Action, Thriller",8.5,196974,91,28752258,22168172,"Hamish Linklater,Lily Rabe",Hamish Linklater,"Lily Rabe,Ed Harris,Vanessa Hudgens, August Blanco Rosenstein,Jack Dylan Grazer, Arianna Jaffier,Finn Wittrock,Henry Golding",Stage 6 Films,PG-13,English,United States,"'Downtown Owl' (2024) is a feature film directed by Hamish Linklater,Lily Rabe, starring Lily Rabe,Ed Harris,Vanessa Hudgens, August Blanco Rosenstein,Jack Dylan Grazer, Arianna Jaffier,Finn Wittrock,Henry Golding, produced by Stage 6 Films.",https://en.wikipedia.org/wiki/Downtown_Owl_(film),https://images.unsplash.com/photo-1489599849927-2ee91cede3ba?w=500&auto=format&fit=crop&q=60
Challengers,2024,April,26,"Sci-Fi, Adventure",7.7,182248,92,28505616,22003744,Luca Guadagnino,Justin Kuritzkes,"Zendaya,Josh O'Connor,Mike Faist",Metro-Goldwyn-Mayer/Frenesy Film Company/Pascal Pictures,PG-13,English,United States,"'Challengers' (2024) is a feature film directed by Luca Guadagnino, starring Zendaya,Josh O'Connor,Mike Faist, produced by Metro-Goldwyn-Mayer/Frenesy Film Company/Pascal Pictures.",https://en.wikipedia.org/wiki/Challengers_(film),https://images.unsplash.com/photo-1489599849927-2ee91cede3ba?w=500&auto=format&fit=crop&q=60
Boy Kills World,2024,April,,"Action, Adventure, Drama, History",7.8,234983,132,29388861,22592574,Mortiz Mohr,"Tyler Burton Smith, Arend Remmers","Bill Skarsgård,Jessica Rothe,Michelle Dockery,Brett Gelman,Isaiah Mustafa,Yayan Ruhian,Andrew Koji,Sharlto Copley,H. Jon Benjamin,Famke Janssen",Lionsgate/Roadside Attractions/Vertigo Entertainment,PG-13,English,United States,"'Boy Kills World' (2024) is a feature film directed by Mortiz Mohr, starring Bill Skarsgård,Jessica Rothe,Michelle Dockery,Brett Gelman,Isaiah Mustafa,Yayan Ruhian,Andrew Koji,Sharlto Copley,H. Jon Benjamin,Famke Janssen, produced by Lionsgate/Roadside Attractions/Vertigo Entertainment.",https://en.wikipedia.org/wiki/Boy_Kills_World,https://images.unsplash.com/photo-1489599849927-2ee91cede3ba?w=500&auto=format&fit=crop&q=60
Breathe,2024,April,,"Romance, Drama",7.7,96877,113,27075759,21050506,Stefon Bristol,Doug Simon,"Jennifer Hudson,Milla Jovovich,Quvenzhané Wallis,Common,Sam Worthington",Variance Films/Thunder Road Films,PG-13,English,United States,"'Breathe' (2024) is a feature film directed by Stefon Bristol, starring Jennifer Hudson,Milla Jovovich,Quvenzhané Wallis,Common,Sam Worthington, produced by Variance Films/Thunder Road Films.",https://en.wikipedia.org/wiki/Breathe_(2024_film),https://images.unsplash.com/photo-1489599849927-2ee91cede3ba?w=500&auto=format&fit=crop&q=60
Humane,2024,April,,"Sci-Fi, Adventure",8.3,78370,95,26765790,20843860,Caitlin Cronenberg,Michael Sparaga,"Jay Baruchel,Emily Hampshire,Peter Gallagher",IFC Films/Elevation Pictures/XYZ Films,PG-13,English,United States,"'Humane' (2024) is a feature film directed by Caitlin Cronenberg, starring Jay Baruchel,Emily Hampshire,Peter Gallagher, produced by IFC Films/Elevation Pictures/XYZ Films.",https://en.wikipedia.org/wiki/Humane_(film),https://images.unsplash.com/photo-1489599849927-2ee91cede3ba?w=500&auto=format&fit=crop&q=60
Cash Out,2024,April,,"Crime, Drama",7.2,102449,141,27169083,21112722,Ives,"Dipo Oseni,Doug Richardson","John Travolta,Kristin Davis,Lukas Haas,Quavo,Sean Astin",Saban Films,PG-13,English,United States,"'Cash Out' (2024) is a feature film directed by Ives, starring John Travolta,Kristin Davis,Lukas Haas,Quavo,Sean Astin, produced by Saban Films.",https://en.wikipedia.org/wiki/Cash_Out_(film),https://images.unsplash.com/photo-1489599849927-2ee91cede3ba?w=500&auto=format&fit=crop&q=60
Bloodline Killer,2024,April,,"Sci-Fi, Adventure",8.3,268813,152,29955471,22970314,Ante Novakovic,Anthony and James Gaudioso,"Shawnee Smith,Taryn Manning, Drew Moerlein, James Gaudioso, Montanna Gillis, Kresh Novakovic, Adam Shippey, Anthony Gaudioso,Bruce Dern,Tyrese Gibson",Vertical Entertainment,PG-13,English,United States,"'Bloodline Killer' (2024) is a feature film directed by Ante Novakovic, starring Shawnee Smith,Taryn Manning, Drew Moerlein, James Gaudioso, Montanna Gillis, Kresh Novakovic, Adam Shippey, Anthony Gaudioso,Bruce Dern,Tyrese Gibson, produced by Vertical Entertainment.",https://en.wikipedia.org/wiki/Bloodline_Killer,https://images.unsplash.com/photo-1489599849927-2ee91cede3ba?w=500&auto=format&fit=crop&q=60
The Idea of You,2024,May,2,"Romance, Drama",7.0,213690,100,29032230,22354820,,Jennifer Westfeldt,"Michael Showalter, Anne Hathaway,Nicholas Galitzine",Amazon MGM Studios,PG-13,English,United States,"'The Idea of You' (2024) is a feature film directed by acclaimed filmmakers, starring Michael Showalter, Anne Hathaway,Nicholas Galitzine, produced by Amazon MGM Studios.",https://en.wikipedia.org/wiki/The_Idea_of_You,https://images.unsplash.com/photo-1489599849927-2ee91cede3ba?w=500&auto=format&fit=crop&q=60
Turtles All the Way Down,2024,May,,"Action, Adventure, Drama, History",9.1,395178,112,32071926,24381284,Hannah Marks,"Elizabeth Berger, Isaac Aptaker","Isabela Merced,Cree Cicchino,Felix Mallard,Judy Reyes,Maliq Johnson,J. Smith-Cameron,Poorna Jagannathan, Hannah Marks",Max/Warner Bros. Pictures/New Line Cinema/Temple Hill Entertainment,PG-13,English,United States,"'Turtles All the Way Down' (2024) is a feature film directed by Hannah Marks, starring Isabela Merced,Cree Cicchino,Felix Mallard,Judy Reyes,Maliq Johnson,J. Smith-Cameron,Poorna Jagannathan, Hannah Marks, produced by Max/Warner Bros. Pictures/New Line Cinema/Temple Hill Entertainment.",https://en.wikipedia.org/wiki/Turtles_All_the_Way_Down_(film),https://images.unsplash.com/photo-1489599849927-2ee91cede3ba?w=500&auto=format&fit=crop&q=60
The Fall Guy,2024,May,3,"Horror, Thriller",6.0,165731,159,42048295,11787146,David Leitch,Drew Pearce,"Ryan Gosling,Emily Blunt,Aaron Taylor-Johnson,Hannah Waddingham,Teresa Palmer,Stephanie Hsu,Winston Duke",Universal Pictures/87North Productions,R,English,United States,"'The Fall Guy' (2024) is a feature film directed by David Leitch, starring Ryan Gosling,Emily Blunt,Aaron Taylor-Johnson,Hannah Waddingham,Teresa Palmer,Stephanie Hsu,Winston Duke, produced by Universal Pictures/87North Productions.",https://en.wikipedia.org/wiki/The_Fall_Guy_(2024_film),https://images.unsplash.com/photo-1489599849927-2ee91cede3ba?w=500&auto=format&fit=crop&q=60
Unfrosted,2024,May,,Comedy,6.8,147622,143,27925674,21617116,,"Spike Feresten,Barry Marder,Andy Robin","Jerry Seinfeld, Jerry Seinfeld,Melissa McCarthy,Jim Gaffigan,Max Greenfield,Hugh Grant,Amy Schumer",Netflix/Columbus 81 Productions,PG-13,English,United States,"'Unfrosted' (2024) is a feature film directed by acclaimed filmmakers, starring Jerry Seinfeld, Jerry Seinfeld,Melissa McCarthy,Jim Gaffigan,Max Greenfield,Hugh Grant,Amy Schumer, produced by Netflix/Columbus 81 Productions.",https://en.wikipedia.org/wiki/Unfrosted,https://images.unsplash.com/photo-1489599849927-2ee91cede3ba?w=500&auto=format&fit=crop&q=60
Prom Dates,2024,May,,"Sci-Fi, Adventure",9.0,145433,132,27889011,21592674,Kim O. Nguyen,D.J. Mausner,"Kenny Ridwan,Julia Lester,Antonia Gentry, JT Neal, Jordan Buhat,Zión Moreno,Terry Hu,John Michael Higgins,Chelsea Handler",Hulu/LD Entertainment/Hartbeat Productions,PG-13,English,United States,"'Prom Dates' (2024) is a feature film directed by Kim O. Nguyen, starring Kenny Ridwan,Julia Lester,Antonia Gentry, JT Neal, Jordan Buhat,Zión Moreno,Terry Hu,John Michael Higgins,Chelsea Handler, produced by Hulu/LD Entertainment/Hartbeat Productions.",https://en.wikipedia.org/wiki/Prom_Dates,https://images.unsplash.com/photo-1489599849927-2ee91cede3ba?w=500&auto=format&fit=crop&q=60
Chief of Station,2024,May,,"Sci-Fi, Adventure",8.0,255082,158,29725494,22816996,Jesse V. Johnson,George Mahaffey,"Aaron Eckhart,Olga Kurylenko,Alex Pettyfer,Daniel Bernhardt,Chris Petrovski,Nick Moran,James Faulkner,Laetitia Eido,Nina Bergman",Vertical Entertainment,PG-13,English,United States,"'Chief of Station' (2024) is a feature film directed by Jesse V. Johnson, starring Aaron Eckhart,Olga Kurylenko,Alex Pettyfer,Daniel Bernhardt,Chris Petrovski,Nick Moran,James Faulkner,Laetitia Eido,Nina Bergman, produced by Vertical Entertainment.",https://en.wikipedia.org/wiki/Chief_of_Station_(film),https://images.unsplash.com/photo-1489599849927-2ee91cede3ba?w=500&auto=format&fit=crop&q=60
Mother of the Bride,2024,May,9,"Romance, Drama",6.1,303837,103,30542079,23361386,Mark Waters,Robin Bernheim,"Brooke Shields,Miranda Cosgrove,Benjamin Bratt,Chad Michael Murray,Rachael Harris",Netflix/Living Films,PG-13,English,United States,"'Mother of the Bride' (2024) is a feature film directed by Mark Waters, starring Brooke Shields,Miranda Cosgrove,Benjamin Bratt,Chad Michael Murray,Rachael Harris, produced by Netflix/Living Films.",https://en.wikipedia.org/wiki/Mother_of_the_Bride_(2024_film),https://images.unsplash.com/photo-1489599849927-2ee91cede3ba?w=500&auto=format&fit=crop&q=60
Kingdom of the Planet of the Apes,2024,May,10,"Sci-Fi, Adventure",7.9,100398,142,34671666,26114444,Wes Ball,Josh Friedman,"Owen Teague,Freya Allan,Kevin Durand,Peter Macon,William H. Macy",20th Century Studios,PG-13,English,United States,"'Kingdom of the Planet of the Apes' (2024) is a feature film directed by Wes Ball, starring Owen Teague,Freya Allan,Kevin Durand,Peter Macon,William H. Macy, produced by 20th Century Studios.",https://en.wikipedia.org/wiki/Kingdom_of_the_Planet_of_the_Apes,https://images.unsplash.com/photo-1489599849927-2ee91cede3ba?w=500&auto=format&fit=crop&q=60
Poolman,2024,May,,"Sci-Fi, Adventure",7.1,102250,140,27165750,21110500,,Ian Gotler,"Chris Pine, Chris Pine,Annette Bening,DeWanda Wise,Stephen Tobolowsky,Clancy Brown,John Ortiz,Ray Wise,Jennifer Jason Leigh,Danny DeVito",Vertical Entertainment/AGC Studios,PG-13,English,United States,"'Poolman' (2024) is a feature film directed by acclaimed filmmakers, starring Chris Pine, Chris Pine,Annette Bening,DeWanda Wise,Stephen Tobolowsky,Clancy Brown,John Ortiz,Ray Wise,Jennifer Jason Leigh,Danny DeVito, produced by Vertical Entertainment/AGC Studios.",https://en.wikipedia.org/wiki/Poolman_(film),https://images.unsplash.com/photo-1489599849927-2ee91cede3ba?w=500&auto=format&fit=crop&q=60
Not Another Church Movie,2024,May,,"Sci-Fi, Adventure",6.6,403337,153,32208579,24472386,James Michael Cummings,,"Johnny Mack, Kevin Daniels,Mickey Rourke,Vivica A. Fox,Kyla Pratt,Lamorne Morris,Tisha Campbell,Jasmine Guy,Jamie Foxx",Briarcliff Entertainment,PG-13,English,United States,"'Not Another Church Movie' (2024) is a feature film directed by James Michael Cummings, starring Johnny Mack, Kevin Daniels,Mickey Rourke,Vivica A. Fox,Kyla Pratt,Lamorne Morris,Tisha Campbell,Jasmine Guy,Jamie Foxx, produced by Briarcliff Entertainment.",https://en.wikipedia.org/wiki/Not_Another_Church_Movie,https://images.unsplash.com/photo-1489599849927-2ee91cede3ba?w=500&auto=format&fit=crop&q=60
The Image of You,2024,May,,"Mystery, Thriller",8.3,235978,137,44009210,12222748,Jeff Fisher,Chris Sivertson,"Sasha Pieterse,Parker Young,Néstor Carbonell,Mira Sorvino",Republic Pictures,R,English,United States,"'The Image of You' (2024) is a feature film directed by Jeff Fisher, starring Sasha Pieterse,Parker Young,Néstor Carbonell,Mira Sorvino, produced by Republic Pictures.",https://en.wikipedia.org/wiki/The_Image_of_You_(film),https://images.unsplash.com/photo-1489599849927-2ee91cede3ba?w=500&auto=format&fit=crop&q=60
The Strangers: Chapter 1,2024,May,,"Sci-Fi, Adventure",8.2,386820,145,31931940,24287960,Renny Harlin,"Alan R. Cohen, Alan Freedland, Amber Loutfi","Madelaine Petsch,Froy Gutierrez,Gabriel Basso,Ema Horvath",Lionsgate,PG-13,English,United States,"'The Strangers: Chapter 1' (2024) is a feature film directed by Renny Harlin, starring Madelaine Petsch,Froy Gutierrez,Gabriel Basso,Ema Horvath, produced by Lionsgate.",https://en.wikipedia.org/wiki/The_Strangers:_Chapter_1,https://images.unsplash.com/photo-1489599849927-2ee91cede3ba?w=500&auto=format&fit=crop&q=60
Back to Black,2024,May,,"Crime, Drama",8.6,184039,101,28535613,22023742,Sam Taylor-Johnson,Matt Greenhalgh,"Marisa Abela,Jack O'Connell,Eddie Marsan,Lesley Manville",Focus Features/StudioCanal/Monumental Pictures,PG-13,English,United States,"'Back to Black' (2024) is a feature film directed by Sam Taylor-Johnson, starring Marisa Abela,Jack O'Connell,Eddie Marsan,Lesley Manville, produced by Focus Features/StudioCanal/Monumental Pictures.",https://en.wikipedia.org/wiki/Back_to_Black_(film),https://images.unsplash.com/photo-1489599849927-2ee91cede3ba?w=500&auto=format&fit=crop&q=60
Thelma the Unicorn,2024,May,,"Animation, Family, Adventure",7.7,300454,161,30485418,23323612,"Jared Hess, Lynn Wang",Jared and Jerusha Hess,"Brittany Howard,Will Forte,Jemaine Clement,Edi Patterson,Fred Armisen,Zach Galifianakis,Jon Heder",Netflix Animation/Scholastic Entertainment/ Netflix Studios,PG-13,English,United States,"'Thelma the Unicorn' (2024) is a feature film directed by Jared Hess, Lynn Wang, starring Brittany Howard,Will Forte,Jemaine Clement,Edi Patterson,Fred Armisen,Zach Galifianakis,Jon Heder, produced by Netflix Animation/Scholastic Entertainment/ Netflix Studios.",https://en.wikipedia.org/wiki/Thelma_the_Unicorn,https://images.unsplash.com/photo-1489599849927-2ee91cede3ba?w=500&auto=format&fit=crop&q=60
Babes,2024,May,,"Sci-Fi, Adventure",8.6,52699,116,26335833,20557222,Pamela Adlon,"Ilana Glazer, Josh Rabinowitz","Ilana Glazer,Michelle Buteau,John Carroll Lynch,Hasan Minhaj",Neon/FilmNation Entertainment,PG-13,English,United States,"'Babes' (2024) is a feature film directed by Pamela Adlon, starring Ilana Glazer,Michelle Buteau,John Carroll Lynch,Hasan Minhaj, produced by Neon/FilmNation Entertainment.",https://en.wikipedia.org/wiki/Babes_(film),https://images.unsplash.com/photo-1489599849927-2ee91cede3ba?w=500&auto=format&fit=crop&q=60
You Can't Run Forever,2024,May,,Drama,7.0,331896,94,31012032,23674688,,Carolyn Carpenter,"Michelle Schumacher, J. K. Simmons,Allen Leech,Fernanda Urrejola, Isabelle Anaya, Nathan Vincenti",Lionsgate/Voltage Pictures,PG-13,English,United States,"'You Can't Run Forever' (2024) is a feature film directed by acclaimed filmmakers, starring Michelle Schumacher, J. K. Simmons,Allen Leech,Fernanda Urrejola, Isabelle Anaya, Nathan Vincenti, produced by Lionsgate/Voltage Pictures.",https://en.wikipedia.org/wiki/You_Can't_Run_Forever,https://images.unsplash.com/photo-1489599849927-2ee91cede3ba?w=500&auto=format&fit=crop&q=60
Darkness of Man,2024,May,21,"Mystery, Thriller",7.3,233988,127,43953660,12210408,,Alethea Hnatko-Cho,"James Cullen Bressack, Jean-Claude Van Damme,Kristanna Loken, Emerson Min,Spencer Breslin,Sticky Fingaz,Shannen Doherty",Saban Films,R,English,United States,"'Darkness of Man' (2024) is a feature film directed by acclaimed filmmakers, starring James Cullen Bressack, Jean-Claude Van Damme,Kristanna Loken, Emerson Min,Spencer Breslin,Sticky Fingaz,Shannen Doherty, produced by Saban Films.",https://en.wikipedia.org/wiki/Darkness_of_Man,https://images.unsplash.com/photo-1489599849927-2ee91cede3ba?w=500&auto=format&fit=crop&q=60
Dead Wrong,2024,May,,"Sci-Fi, Adventure",7.0,141453,112,27822351,21548234,,Kenneth Clark,"Rick Bieber, Derek Smith,Katrina Bowden,Rob Schneider,Cress Williams",Mill Creek Entertainment,PG-13,English,United States,"'Dead Wrong' (2024) is a feature film directed by acclaimed filmmakers, starring Rick Bieber, Derek Smith,Katrina Bowden,Rob Schneider,Cress Williams, produced by Mill Creek Entertainment.",https://en.wikipedia.org/wiki/Dead_Wrong,https://images.unsplash.com/photo-1489599849927-2ee91cede3ba?w=500&auto=format&fit=crop&q=60
Furiosa: A Mad Max Saga,2024,May,24,"Action, Adventure, Drama, History",8.5,341448,142,31172016,23781344,,Nico Lathouris,"George Miller, Anya Taylor-Joy,Chris Hemsworth,Tom Burke,Alyla Browne",Warner Bros. Pictures/Kennedy Miller Mitchell,PG-13,English,United States,"'Furiosa: A Mad Max Saga' (2024) is a feature film directed by acclaimed filmmakers, starring George Miller, Anya Taylor-Joy,Chris Hemsworth,Tom Burke,Alyla Browne, produced by Warner Bros. Pictures/Kennedy Miller Mitchell.",https://en.wikipedia.org/wiki/Furiosa:_A_Mad_Max_Saga,https://images.unsplash.com/photo-1489599849927-2ee91cede3ba?w=500&auto=format&fit=crop&q=60
The Garfield Movie,2024,May,,"Animation, Family, Comedy",8.4,288713,102,30288771,23192514,Mark Dindal,"Paul A. Kaplan, Mark Torgove,David Reynolds","Chris Pratt,Samuel L. Jackson,Hannah Waddingham,Ving Rhames,Nicholas Hoult,Cecily Strong,Harvey Guillén,Brett Goldstein,Bowen Yang,Snoop Dogg",Columbia Pictures/Alcon Entertainment/Prime Focus/One Cool Group/Wayfarer Studios/Stage 6 Films,PG-13,English,United States,"'The Garfield Movie' (2024) is a feature film directed by Mark Dindal, starring Chris Pratt,Samuel L. Jackson,Hannah Waddingham,Ving Rhames,Nicholas Hoult,Cecily Strong,Harvey Guillén,Brett Goldstein,Bowen Yang,Snoop Dogg, produced by Columbia Pictures/Alcon Entertainment/Prime Focus/One Cool Group/Wayfarer Studios/Stage 6 Films.",https://en.wikipedia.org/wiki/The_Garfield_Movie,https://images.unsplash.com/photo-1489599849927-2ee91cede3ba?w=500&auto=format&fit=crop&q=60
Atlas,2024,May,,"Action, Adventure, Drama, Sci-Fi",7.7,57475,140,26415825,20610550,Brad Peyton,"Leo Sardarian,Aron Eli Coleite","Jennifer Lopez,Simu Liu,Sterling K. Brown,Mark Strong",Netflix/Nuyorican Productions/Berlanti-Schechter Films,PG-13,English,United States,"'Atlas' (2024) is a feature film directed by Brad Peyton, starring Jennifer Lopez,Simu Liu,Sterling K. Brown,Mark Strong, produced by Netflix/Nuyorican Productions/Berlanti-Schechter Films.",https://en.wikipedia.org/wiki/Atlas_(2024_film),https://images.unsplash.com/photo-1489599849927-2ee91cede3ba?w=500&auto=format&fit=crop&q=60
Hit Man,2024,May,,"Animation, Family, Adventure",8.6,78967,98,26775789,20850526,,Glen Powell,"Richard Linklater, Glen Powell,Adria Arjona,Austin Amelio,Retta",Netflix/Aggregate Films/AGC Studios,PG-13,English,United States,"'Hit Man' (2024) is a feature film directed by acclaimed filmmakers, starring Richard Linklater, Glen Powell,Adria Arjona,Austin Amelio,Retta, produced by Netflix/Aggregate Films/AGC Studios.",https://en.wikipedia.org/wiki/Hit_Man_(2023_film),https://images.unsplash.com/photo-1489599849927-2ee91cede3ba?w=500&auto=format&fit=crop&q=60
Sight,2024,May,,"Sci-Fi, Adventure",8.7,59465,150,26449155,20632770,,"John Duigan, Buzz McLaughlin","Andrew Hyatt, Terry Chen,Greg Kinnear, Danni Wang, Raymond Ma, Bennet Wang, Jayden Zhang,Wai Ching Ho,Fionnula Flanagan",Angel Studios,PG-13,English,United States,"'Sight' (2024) is a feature film directed by acclaimed filmmakers, starring Andrew Hyatt, Terry Chen,Greg Kinnear, Danni Wang, Raymond Ma, Bennet Wang, Jayden Zhang,Wai Ching Ho,Fionnula Flanagan, produced by Angel Studios.",https://en.wikipedia.org/wiki/Sight_(2024_film),https://images.unsplash.com/photo-1489599849927-2ee91cede3ba?w=500&auto=format&fit=crop&q=60
The Keeper,2024,May,,"Sci-Fi, Adventure",7.2,141851,114,27829017,21552678,Angus Benfield,Todd Tavolazzi,"Angus Benfield, Haley Babula, Michael Maclane, Nicolas Asad, Andrew Ferguson, Kameron Whitaker, Lance Bonza",Lama Entertainment,PG-13,English,United States,"'The Keeper' (2024) is a feature film directed by Angus Benfield, starring Angus Benfield, Haley Babula, Michael Maclane, Nicolas Asad, Andrew Ferguson, Kameron Whitaker, Lance Bonza, produced by Lama Entertainment.",https://en.wikipedia.org/wiki/The_Keeper_(2018_film),https://images.unsplash.com/photo-1489599849927-2ee91cede3ba?w=500&auto=format&fit=crop&q=60
The Legend of Catclaws Mountain,2024,May,28,"Sci-Fi, Adventure",8.2,81294,121,34351698,25901132,,Bob Lee Dysinger,"Ritchie Greer, Hayden Hishaw,James Duval,Robert Davi,Dee Wallace,Ilia Volok,Ricco Ross",Lionsgate Home Entertainment,PG-13,English,United States,"'The Legend of Catclaws Mountain' (2024) is a feature film directed by acclaimed filmmakers, starring Ritchie Greer, Hayden Hishaw,James Duval,Robert Davi,Dee Wallace,Ilia Volok,Ricco Ross, produced by Lionsgate Home Entertainment.",https://en.wikipedia.org/wiki/The_Legend_of_Catclaws_Mountain,https://images.unsplash.com/photo-1489599849927-2ee91cede3ba?w=500&auto=format&fit=crop&q=60
Young Woman and the Sea,2024,May,31,"Sci-Fi, Adventure",7.3,371895,145,31681965,24121310,Joachim Rønning,Jeff Nathanson,"Daisy Ridley,Tilda Cobham-Hervey,Stephen Graham,Kim Bodnia,Christopher Eccleston,Glenn Fleshler",Walt Disney Pictures/Jerry Bruckheimer Films,PG-13,English,United States,"'Young Woman and the Sea' (2024) is a feature film directed by Joachim Rønning, starring Daisy Ridley,Tilda Cobham-Hervey,Stephen Graham,Kim Bodnia,Christopher Eccleston,Glenn Fleshler, produced by Walt Disney Pictures/Jerry Bruckheimer Films.",https://en.wikipedia.org/wiki/Young_Woman_and_the_Sea,https://images.unsplash.com/photo-1489599849927-2ee91cede3ba?w=500&auto=format&fit=crop&q=60
Ezra,2024,May,,"Sci-Fi, Adventure",7.7,37774,116,26085858,20390572,Tony Goldwyn,Tony Spiridakis,"Bobby Cannavale,Rose Byrne,Vera Farmiga,Whoopi Goldberg,Rainn Wilson, Tony Goldwyn, William A. Fitzgerald,Robert De Niro",Bleecker Street/Wayfarer Studios,PG-13,English,United States,"'Ezra' (2024) is a feature film directed by Tony Goldwyn, starring Bobby Cannavale,Rose Byrne,Vera Farmiga,Whoopi Goldberg,Rainn Wilson, Tony Goldwyn, William A. Fitzgerald,Robert De Niro, produced by Bleecker Street/Wayfarer Studios.",https://en.wikipedia.org/wiki/Ezra_(2023_film),https://images.unsplash.com/photo-1489599849927-2ee91cede3ba?w=500&auto=format&fit=crop&q=60
The Great Lillian Hall,2024,May,,Drama,6.9,351398,117,31338666,23892444,Michael Cristofer,Elisabeth Seldes Annacone,"Jessica Lange,Kathy Bates,Lily Rabe,Jesse Williams,Pierce Brosnan",HBO Films/Max,PG-13,English,United States,"'The Great Lillian Hall' (2024) is a feature film directed by Michael Cristofer, starring Jessica Lange,Kathy Bates,Lily Rabe,Jesse Williams,Pierce Brosnan, produced by HBO Films/Max.",https://en.wikipedia.org/wiki/The_Great_Lillian_Hall,https://images.unsplash.com/photo-1489599849927-2ee91cede3ba?w=500&auto=format&fit=crop&q=60
Shadow Land,2024,May,,"Romance, Drama",7.7,162547,143,28175649,21783766,James Bamford,Ian Corson,"Jon Voight,Marton Csokas,Rhona Mitra,Philip Winchester,Sean Maguire",Paramount Pictures,PG-13,English,United States,"'Shadow Land' (2024) is a feature film directed by James Bamford, starring Jon Voight,Marton Csokas,Rhona Mitra,Philip Winchester,Sean Maguire, produced by Paramount Pictures.",https://en.wikipedia.org/wiki/Shadow_Land,https://images.unsplash.com/photo-1489599849927-2ee91cede3ba?w=500&auto=format&fit=crop&q=60
Backspot,2024,May,,"Drama, Thriller",6.9,121553,162,27489051,21326034,D. W. Waterson,Joanne Sarazen,"Devery Jacobs,Evan Rachel Wood,Kudakwashe Rutendo,Thomas Antony Olajide,Oluniké Adeliyi,Wendy Crewson,Shannyn Sossamon",XYZ Films,PG-13,English,United States,"'Backspot' (2024) is a feature film directed by D. W. Waterson, starring Devery Jacobs,Evan Rachel Wood,Kudakwashe Rutendo,Thomas Antony Olajide,Oluniké Adeliyi,Wendy Crewson,Shannyn Sossamon, produced by XYZ Films.",https://en.wikipedia.org/wiki/Backspot,https://images.unsplash.com/photo-1489599849927-2ee91cede3ba?w=500&auto=format&fit=crop&q=60
Protocol-7,2024,May,,Drama,6.4,146826,139,27912342,21608228,,Terry Rossio,"Andrew Wakefield, Rachel G. Whittle,Matthew Marsden, Josh Murray,R. Brandon Johnson, Harrison Tipping,Eric Roberts, Alec Rayme, Emmy Robbin",Abramorama,PG-13,English,United States,"'Protocol-7' (2024) is a feature film directed by acclaimed filmmakers, starring Andrew Wakefield, Rachel G. Whittle,Matthew Marsden, Josh Murray,R. Brandon Johnson, Harrison Tipping,Eric Roberts, Alec Rayme, Emmy Robbin, produced by Abramorama.",https://en.wikipedia.org/wiki/Protocol-7,https://images.unsplash.com/photo-1489599849927-2ee91cede3ba?w=500&auto=format&fit=crop&q=60
Deer Camp '86,2024,May,,Drama,6.3,153194,96,28018998,21679332,L. Van Dyke Siboutszen,"Bo Hansen, Riley Taurus","Noah LaLonde, Jay J. Bidwell, Arthur Cartwright, Brian Michael Raetz, Josh Dominguez, David Lautman",Panoramic Pictures,PG-13,English,United States,"'Deer Camp '86' (2024) is a feature film directed by L. Van Dyke Siboutszen, starring Noah LaLonde, Jay J. Bidwell, Arthur Cartwright, Brian Michael Raetz, Josh Dominguez, David Lautman, produced by Panoramic Pictures.",https://en.wikipedia.org/wiki/Deer_Camp_%2786,https://images.unsplash.com/photo-1489599849927-2ee91cede3ba?w=500&auto=format&fit=crop&q=60
Boneyard,2024,June,5,"Sci-Fi, Adventure",6.6,120956,159,27479052,21319368,,"Vincent E. McDaniel, Hank Byrd, Koji Steven Sakai","Asif Akbar, Mel Gibson,Curtis Jackson,Brian Van Holt,Nora Zehetner,Gabrielle Haugh",Lionsgate,PG-13,English,United States,"'Boneyard' (2024) is a feature film directed by acclaimed filmmakers, starring Asif Akbar, Mel Gibson,Curtis Jackson,Brian Van Holt,Nora Zehetner,Gabrielle Haugh, produced by Lionsgate.",https://en.wikipedia.org/wiki/Boneyard_(film),https://images.unsplash.com/photo-1489599849927-2ee91cede3ba?w=500&auto=format&fit=crop&q=60
Am I OK?,2024,June,6,"Action, Adventure, Drama, History",7.1,62848,92,26505816,20670544,"Tig Notaro,Stephanie Allynne",Lauren Pomerantz,"Dakota Johnson,Sonoya Mizuno,Jermaine Fowler,Kiersey Clemons,Molly Gordon,June Diane Raphael, Tig Notaro,Sean Hayes",Max/Warner Bros. Pictures/Gloria Sanchez Productions,PG-13,English,United States,"'Am I OK?' (2024) is a feature film directed by Tig Notaro,Stephanie Allynne, starring Dakota Johnson,Sonoya Mizuno,Jermaine Fowler,Kiersey Clemons,Molly Gordon,June Diane Raphael, Tig Notaro,Sean Hayes, produced by Max/Warner Bros. Pictures/Gloria Sanchez Productions.",https://en.wikipedia.org/wiki/Am_I_OK%3F,https://images.unsplash.com/photo-1489599849927-2ee91cede3ba?w=500&auto=format&fit=crop&q=60
Bad Boys: Ride or Die,2024,June,7,"Romance, Drama",7.1,305827,113,30575409,23383606,Adil and Bilall,"Chris Bremner,Will Beall","Will Smith,Martin Lawrence,Vanessa Hudgens,Alexander Ludwig,Paola Núñez,Eric Dane,Ioan Gruffudd,Jacob Scipio,Melanie Liburd,Tasha Smith,Tiffany Haddish,Joe Pantoliano",Columbia Pictures/Jerry Bruckheimer Films/Westbrook Studios,PG-13,English,United States,"'Bad Boys: Ride or Die' (2024) is a feature film directed by Adil and Bilall, starring Will Smith,Martin Lawrence,Vanessa Hudgens,Alexander Ludwig,Paola Núñez,Eric Dane,Ioan Gruffudd,Jacob Scipio,Melanie Liburd,Tasha Smith,Tiffany Haddish,Joe Pantoliano, produced by Columbia Pictures/Jerry Bruckheimer Films/Westbrook Studios.",https://en.wikipedia.org/wiki/Bad_Boys:_Ride_or_Die,https://images.unsplash.com/photo-1489599849927-2ee91cede3ba?w=500&auto=format&fit=crop&q=60
Late Bloomers,2024,June,,"Sci-Fi, Adventure",7.4,207919,146,28935573,22290382,Lisa Steen,Anna Greenfield,"Karen Gillan,Margaret Sophie Stein,Jermaine Fowler,Talia Balsam,Kevin Nealon",Vertical,PG-13,English,United States,"'Late Bloomers' (2024) is a feature film directed by Lisa Steen, starring Karen Gillan,Margaret Sophie Stein,Jermaine Fowler,Talia Balsam,Kevin Nealon, produced by Vertical.",https://en.wikipedia.org/wiki/Late_Bloomers_(2023_film),https://images.unsplash.com/photo-1489599849927-2ee91cede3ba?w=500&auto=format&fit=crop&q=60
Trim Season,2024,June,,"Sci-Fi, Adventure",7.6,168915,100,28282305,21854870,Ariel Vida,"David Blair, Sean E. DeMott, Cullen Poythress","Bethlehem Million,Alex Essoe,Ally Ioannides,Bex Taylor-Klaus,Jane Badler, Juliette Kenn De Balinthazy,Ryan Donowho, Cory Hart,Marc Senter",Blue Harbor Entertainment,PG-13,English,United States,"'Trim Season' (2024) is a feature film directed by Ariel Vida, starring Bethlehem Million,Alex Essoe,Ally Ioannides,Bex Taylor-Klaus,Jane Badler, Juliette Kenn De Balinthazy,Ryan Donowho, Cory Hart,Marc Senter, produced by Blue Harbor Entertainment.",https://en.wikipedia.org/wiki/Trim_Season,https://images.unsplash.com/photo-1489599849927-2ee91cede3ba?w=500&auto=format&fit=crop&q=60
Inside Out 2,2024,June,14,"Animation, Family, Adventure",7.8,162746,144,487701630,163196334,Kelsey Mann,"Meg LeFauve, Dave Holstein","Amy Poehler,Maya Hawke, Kensington Tallman,Liza Lapira,Tony Hale,Lewis Black,Phyllis Smith,Ayo Edebiri,Lilimar, Grace Lu, Sumayyah Nuriddin-Green,Adèle Exarchopoulos,Diane Lane,Kyle MacLachlan,Paul Walter Hauser",Walt Disney Pictures/Pixar Animation Studios,PG,English,United States,"'Inside Out 2' (2024) is a feature film directed by Kelsey Mann, starring Amy Poehler,Maya Hawke, Kensington Tallman,Liza Lapira,Tony Hale,Lewis Black,Phyllis Smith,Ayo Edebiri,Lilimar, Grace Lu, Sumayyah Nuriddin-Green,Adèle Exarchopoulos,Diane Lane,Kyle MacLachlan,Paul Walter Hauser, produced by Walt Disney Pictures/Pixar Animation Studios.",https://en.wikipedia.org/wiki/Inside_Out_2,https://images.unsplash.com/photo-1489599849927-2ee91cede3ba?w=500&auto=format&fit=crop&q=60
Ultraman: Rising,2024,June,,"Animation, Family, Adventure",6.6,265430,135,29898810,22932540,,Marc Haimes,"Shannon Tindle, Christopher Sean,Gedde Watanabe,Tamlyn Tomita,Keone Young, Julia Harriman",Netflix/Netflix Animation/Tsuburaya Productions,PG-13,English,United States,"'Ultraman: Rising' (2024) is a feature film directed by acclaimed filmmakers, starring Shannon Tindle, Christopher Sean,Gedde Watanabe,Tamlyn Tomita,Keone Young, Julia Harriman, produced by Netflix/Netflix Animation/Tsuburaya Productions.",https://en.wikipedia.org/wiki/Ultraman:_Rising,https://images.unsplash.com/photo-1489599849927-2ee91cede3ba?w=500&auto=format&fit=crop&q=60
The Present,2024,June,,"Mystery, Thriller",7.3,168318,97,42120510,11803188,Christian Ditter,Jay Martel,"Isla Fisher,Greg Kinnear",Gravitas Ventures/AGC Studios,R,English,United States,"'The Present' (2024) is a feature film directed by Christian Ditter, starring Isla Fisher,Greg Kinnear, produced by Gravitas Ventures/AGC Studios.",https://en.wikipedia.org/wiki/The_Present_(2024_film),https://images.unsplash.com/photo-1489599849927-2ee91cede3ba?w=500&auto=format&fit=crop&q=60
Ghostlight,2024,June,,"Horror, Mystery, Thriller",6.8,167323,92,42092735,11797018,"Alex Thompson,Kelly O'Sullivan",Kelly O'Sullivan,"Keith Kupferer,Tara Mallen,Katherine Mallen Kupferer,Dolly de Leon",IFC Films/ Sapan Studio,R,English,United States,"'Ghostlight' (2024) is a feature film directed by Alex Thompson,Kelly O'Sullivan, starring Keith Kupferer,Tara Mallen,Katherine Mallen Kupferer,Dolly de Leon, produced by IFC Films/ Sapan Studio.",https://en.wikipedia.org/wiki/Ghostlight_(2024_film),https://images.unsplash.com/photo-1489599849927-2ee91cede3ba?w=500&auto=format&fit=crop&q=60
Ride,2024,June,,"Sci-Fi, Adventure",6.3,34988,102,26039196,20359464,,Josh Plasse,"Jake Allyn, Jake Allyn,C. Thomas Howell, John Plasse,Annabeth Gish,Patrick Murney,Scott Reeves, Forrie J. Smith,Laci Kaye Booth",Well Go USA Entertainment,PG-13,English,United States,"'Ride' (2024) is a feature film directed by acclaimed filmmakers, starring Jake Allyn, Jake Allyn,C. Thomas Howell, John Plasse,Annabeth Gish,Patrick Murney,Scott Reeves, Forrie J. Smith,Laci Kaye Booth, produced by Well Go USA Entertainment.",https://en.wikipedia.org/wiki/Ride_(2024_film),https://images.unsplash.com/photo-1489599849927-2ee91cede3ba?w=500&auto=format&fit=crop&q=60
Kinds of Kindness,2024,June,,"Drama, Thriller",6.7,278763,127,30122121,23081414,,Efthimis Filippou,"Yorgos Lanthimos, Emma Stone,Jesse Plemons,Willem Dafoe,Margaret Qualley,Hong Chau,Joe Alwyn,Mamoudou Athie,Hunter Schafer",Searchlight Pictures/Film4/Element Pictures,PG-13,English,United States,"'Kinds of Kindness' (2024) is a feature film directed by acclaimed filmmakers, starring Yorgos Lanthimos, Emma Stone,Jesse Plemons,Willem Dafoe,Margaret Qualley,Hong Chau,Joe Alwyn,Mamoudou Athie,Hunter Schafer, produced by Searchlight Pictures/Film4/Element Pictures.",https://en.wikipedia.org/wiki/Kinds_of_Kindness,https://images.unsplash.com/photo-1489599849927-2ee91cede3ba?w=500&auto=format&fit=crop&q=60
Trigger Warning,2024,June,,"Action, Adventure, Drama, History",6.8,252694,146,29685498,22790332,Mouly Surya,"Halley Gross,John Olson,John Brancato","Jessica Alba,Anthony Michael Hall",Netflix/Thunder Road Films,PG-13,English,United States,"'Trigger Warning' (2024) is a feature film directed by Mouly Surya, starring Jessica Alba,Anthony Michael Hall, produced by Netflix/Thunder Road Films.",https://en.wikipedia.org/wiki/Trigger_Warning_(film),https://images.unsplash.com/photo-1489599849927-2ee91cede3ba?w=500&auto=format&fit=crop&q=60
Blackwater Lane,2024,June,,"Action, Adventure, Drama, History",9.2,244336,104,29545512,22697008,Jeff Celentano,Elizabeth Fowler,"Edward Baker-Duly,Pandora Clifford,Maggie Grace,Minka Kelly,Dermot Mulroney",Lionsgate/Grindstone Entertainment Group,PG-13,English,United States,"'Blackwater Lane' (2024) is a feature film directed by Jeff Celentano, starring Edward Baker-Duly,Pandora Clifford,Maggie Grace,Minka Kelly,Dermot Mulroney, produced by Lionsgate/Grindstone Entertainment Group.",https://en.wikipedia.org/wiki/Blackwater_Lane,https://images.unsplash.com/photo-1489599849927-2ee91cede3ba?w=500&auto=format&fit=crop&q=60
Arena Wars,2024,June,24,"Action, Adventure, Drama, History",7.9,143244,121,27852348,21568232,Brandon Slagle,"Michael Mahal, Sonny Mahal","Eric Roberts,Michael Madsen,Robert LaSardo",Paramount+,PG-13,English,United States,"'Arena Wars' (2024) is a feature film directed by Brandon Slagle, starring Eric Roberts,Michael Madsen,Robert LaSardo, produced by Paramount+.",https://en.wikipedia.org/wiki/Arena_Wars_(film),https://images.unsplash.com/photo-1489599849927-2ee91cede3ba?w=500&auto=format&fit=crop&q=60
Horizon: An American Saga – Chapter 1,2024,June,,"Action, Adventure, Drama, History",7.3,410655,160,62478885,44652590,,Jon Baird,"Kevin Costner, Kevin Costner,Sienna Miller,Sam Worthington,Jena Malone,Abbey Lee,Michael Rooker,Danny Huston,Luke Wilson,Isabelle Fuhrman,Jeff Fahey,Will Patton,Tatanka Means, Owen Crow Shoe,Ella Hunt,Jamie Campbell Bower",Warner Bros. Pictures/New Line Cinema,PG-13,English,United States,"'Horizon: An American Saga – Chapter 1' (2024) is a feature film directed by acclaimed filmmakers, starring Kevin Costner, Kevin Costner,Sienna Miller,Sam Worthington,Jena Malone,Abbey Lee,Michael Rooker,Danny Huston,Luke Wilson,Isabelle Fuhrman,Jeff Fahey,Will Patton,Tatanka Means, Owen Crow Shoe,Ella Hunt,Jamie Campbell Bower, produced by Warner Bros. Pictures/New Line Cinema.",https://en.wikipedia.org/wiki/Horizon:_An_American_Saga_–_Chapter_1,https://images.unsplash.com/photo-1489599849927-2ee91cede3ba?w=500&auto=format&fit=crop&q=60
A Family Affair,2024,June,,"Sci-Fi, Adventure",7.5,221252,138,29158884,22439256,Richard LaGravenese,Carrie Solomon,"Nicole Kidman,Zac Efron,Joey King,Liza Koshy,Kathy Bates,Shirley MacLaine",Netflix/Roth/Kirschenbaum Films,PG-13,English,United States,"'A Family Affair' (2024) is a feature film directed by Richard LaGravenese, starring Nicole Kidman,Zac Efron,Joey King,Liza Koshy,Kathy Bates,Shirley MacLaine, produced by Netflix/Roth/Kirschenbaum Films.",https://en.wikipedia.org/wiki/A_Family_Affair_(2024_film),https://images.unsplash.com/photo-1489599849927-2ee91cede3ba?w=500&auto=format&fit=crop&q=60
Reunion,2024,June,,"Crime, Thriller",8.1,104240,150,27199080,21132720,Chris Nelson,"Jake Emanuel, Willie Block","Lil Rel Howery,Billy Magnussen,Jillian Bell,Jamie Chung,Michael Hitchcock,Nina Dobrev,Chace Crawford",Republic Pictures/Spyglass Media Group/Lionsgate,PG-13,English,United States,"'Reunion' (2024) is a feature film directed by Chris Nelson, starring Lil Rel Howery,Billy Magnussen,Jillian Bell,Jamie Chung,Michael Hitchcock,Nina Dobrev,Chace Crawford, produced by Republic Pictures/Spyglass Media Group/Lionsgate.",https://en.wikipedia.org/wiki/Reunion_(2024_film),https://images.unsplash.com/photo-1489599849927-2ee91cede3ba?w=500&auto=format&fit=crop&q=60
Family Portrait,2024,June,,"Horror, Mystery, Thriller",8.1,255281,159,44548045,12342446,,"Rob Rice, Karlis Bergs","Lucy Kerr, Rachel Alig, Miriam Spumpkin,Deragh Campbell",Conjuring Productions / Insufficient Funds,R,English,United States,"'Family Portrait' (2024) is a feature film directed by acclaimed filmmakers, starring Lucy Kerr, Rachel Alig, Miriam Spumpkin,Deragh Campbell, produced by Conjuring Productions / Insufficient Funds.",https://en.wikipedia.org/wiki/Family_Portrait_(2023_film),https://images.unsplash.com/photo-1489599849927-2ee91cede3ba?w=500&auto=format&fit=crop&q=60
Despicable Me 4,2024,July,3,"Animation, Family, Comedy",8.2,216078,112,491010090,164354362,Chris Renaud,"Mike White,Ken Daurio","Steve Carell,Kristen Wiig,Joey King,Miranda Cosgrove,Stephen Colbert,Sofia Vergara,Chloe Fineman,Steve Coogan,Will Ferrell",Universal Pictures/Illumination,PG,English,United States,"'Despicable Me 4' (2024) is a feature film directed by Chris Renaud, starring Steve Carell,Kristen Wiig,Joey King,Miranda Cosgrove,Stephen Colbert,Sofia Vergara,Chloe Fineman,Steve Coogan,Will Ferrell, produced by Universal Pictures/Illumination.",https://en.wikipedia.org/wiki/Despicable_Me_4,https://images.unsplash.com/photo-1489599849927-2ee91cede3ba?w=500&auto=format&fit=crop&q=60
Beverly Hills Cop: Axel F,2024,July,,"Sci-Fi, Adventure",7.0,390999,91,32001933,24334622,Mark Molloy,"Will Beall, Tom Gormican,Kevin Etten","Eddie Murphy,Joseph Gordon-Levitt,Taylour Paige,Judge Reinhold,John Ashton,Paul Reiser,Bronson Pinchot,Kevin Bacon",Netflix/Don Simpson/Jerry Bruckheimer Films,PG-13,English,United States,"'Beverly Hills Cop: Axel F' (2024) is a feature film directed by Mark Molloy, starring Eddie Murphy,Joseph Gordon-Levitt,Taylour Paige,Judge Reinhold,John Ashton,Paul Reiser,Bronson Pinchot,Kevin Bacon, produced by Netflix/Don Simpson/Jerry Bruckheimer Films.",https://en.wikipedia.org/wiki/Beverly_Hills_Cop:_Axel_F,https://images.unsplash.com/photo-1489599849927-2ee91cede3ba?w=500&auto=format&fit=crop&q=60
The Secret Art of Human Flight,2024,July,,"Sci-Fi, Adventure",8.0,41494,146,33685098,25456732,H.P. Mendoza,Jesse Orenshein,"Grant Rosenmeyer,Paul Raci,Lucy DeVito, Nican Robinson,Reina Hardesty, Rosa Arredondo,Maggie Grace,Sendhil Ramamurthy",Level 33 Entertainment,PG-13,English,United States,"'The Secret Art of Human Flight' (2024) is a feature film directed by H.P. Mendoza, starring Grant Rosenmeyer,Paul Raci,Lucy DeVito, Nican Robinson,Reina Hardesty, Rosa Arredondo,Maggie Grace,Sendhil Ramamurthy, produced by Level 33 Entertainment.",https://en.wikipedia.org/wiki/The_Secret_Art_of_Human_Flight,https://images.unsplash.com/photo-1489599849927-2ee91cede3ba?w=500&auto=format&fit=crop&q=60
Sound of Hope: The Story of Possum Trot,2024,July,4,"Sci-Fi, Adventure",7.1,210445,95,36514815,27343210,,Rebekah Weigel,"Joshua Weigel, Elizabeth Mitchell,Demetrius Grosse, Carlos Aviles,Nika King, Sarah Hudson",Angel Studios/DailyWire+,PG-13,English,United States,"'Sound of Hope: The Story of Possum Trot' (2024) is a feature film directed by acclaimed filmmakers, starring Joshua Weigel, Elizabeth Mitchell,Demetrius Grosse, Carlos Aviles,Nika King, Sarah Hudson, produced by Angel Studios/DailyWire+.",https://en.wikipedia.org/wiki/Sound_of_Hope:_The_Story_of_Possum_Trot,https://images.unsplash.com/photo-1489599849927-2ee91cede3ba?w=500&auto=format&fit=crop&q=60
Murder Company,2024,July,,"Sci-Fi, Adventure",6.7,232794,121,29352198,22568132,Shane Dax Taylor,Jesse Mittelstadt,"William Moseley,Pooch Hall,Gilles Marini,Joe Anderson,Kelsey Grammer",Maverick Entertainment Group/ Complex Corp,PG-13,English,United States,"'Murder Company' (2024) is a feature film directed by Shane Dax Taylor, starring William Moseley,Pooch Hall,Gilles Marini,Joe Anderson,Kelsey Grammer, produced by Maverick Entertainment Group/ Complex Corp.",https://en.wikipedia.org/wiki/Murder_Company,https://images.unsplash.com/photo-1489599849927-2ee91cede3ba?w=500&auto=format&fit=crop&q=60
The Real Bros of Simi Valley: High School Reunion,2024,July,,"Romance, Drama",8.4,377207,108,39307869,29205246,,Christian Pierce,"Jimmy Tatro, Jimmy Tatro, Nick Colletti,Tanner Petulla,Cody Ko, Peter Gilroy, Colleen Donovan, Madeline Whitby, Monica Joy Sherer, Monette Moio, Christian Pierce,Tony Hawk,Shaun White,Zoey Deutch,Tyler Posey,Retta, Tre Hale,Rob Riggle",Roku,PG-13,English,United States,"'The Real Bros of Simi Valley: High School Reunion' (2024) is a feature film directed by acclaimed filmmakers, starring Jimmy Tatro, Jimmy Tatro, Nick Colletti,Tanner Petulla,Cody Ko, Peter Gilroy, Colleen Donovan, Madeline Whitby, Monica Joy Sherer, Monette Moio, Christian Pierce,Tony Hawk,Shaun White,Zoey Deutch,Tyler Posey,Retta, Tre Hale,Rob Riggle, produced by Roku.",https://en.wikipedia.org/wiki/The_Real_Bros_of_Simi_Valley%3A_High_School_Reunion,https://images.unsplash.com/photo-1489599849927-2ee91cede3ba?w=500&auto=format&fit=crop&q=60
Dead Whisper,2024,July,,"Adventure, Drama",8.5,183840,100,28532280,22021520,,Colin Charles Dale,"Conor Soucy, Samuel Dunning, Tana Sirois,Samantha Hill, Codey Gillum, Chris Goodwin, Dhane Ross, Hester Wilkinson, Bruce Winant",Vertical,PG-13,English,United States,"'Dead Whisper' (2024) is a feature film directed by acclaimed filmmakers, starring Conor Soucy, Samuel Dunning, Tana Sirois,Samantha Hill, Codey Gillum, Chris Goodwin, Dhane Ross, Hester Wilkinson, Bruce Winant, produced by Vertical.",https://en.wikipedia.org/wiki/Dead_Whisper,https://images.unsplash.com/photo-1489599849927-2ee91cede3ba?w=500&auto=format&fit=crop&q=60
Angels Fallen: Warriors of Peace,2024,July,,"Action, Adventure, Drama, History",6.4,90846,94,34511682,26007788,Ali Zamani,Chris Kato,"Denise Richards,Cuba Gooding Jr.,Randy Couture,William McNamara,Arifin Putra",Uncork'd Entertainment,PG-13,English,United States,"'Angels Fallen: Warriors of Peace' (2024) is a feature film directed by Ali Zamani, starring Denise Richards,Cuba Gooding Jr.,Randy Couture,William McNamara,Arifin Putra, produced by Uncork'd Entertainment.",https://en.wikipedia.org/wiki/Angels_Fallen:_Warriors_of_Peace,https://images.unsplash.com/photo-1489599849927-2ee91cede3ba?w=500&auto=format&fit=crop&q=60
Fly Me to the Moon,2024,July,12,"Action, Thriller",8.2,268614,151,29952138,22968092,Greg Berlanti,Rose Gilroy,"Scarlett Johansson,Channing Tatum,Jim Rash, Anna Garcia, Donald Elise Watkins,Noah Robbins,Colin Woodell, Christian Zuber, Nick Dillenburg,Ray Romano,Woody Harrelson",Columbia Pictures/Apple Studios,PG-13,English,United States,"'Fly Me to the Moon' (2024) is a feature film directed by Greg Berlanti, starring Scarlett Johansson,Channing Tatum,Jim Rash, Anna Garcia, Donald Elise Watkins,Noah Robbins,Colin Woodell, Christian Zuber, Nick Dillenburg,Ray Romano,Woody Harrelson, produced by Columbia Pictures/Apple Studios.",https://en.wikipedia.org/wiki/Fly_Me_to_the_Moon_(2024_film),https://images.unsplash.com/photo-1489599849927-2ee91cede3ba?w=500&auto=format&fit=crop&q=60
Sing Sing,2024,July,,"Musical, Drama",8.0,123742,98,27525714,21350476,,Clint Bentley,"Greg Kwedar, Colman Domingo, Clarence ""Divine Eye"" Maclin, Sean San José,Paul Raci",A24/Black Bear Pictures,PG-13,English,United States,"'Sing Sing' (2024) is a feature film directed by acclaimed filmmakers, starring Greg Kwedar, Colman Domingo, Clarence ""Divine Eye"" Maclin, Sean San José,Paul Raci, produced by A24/Black Bear Pictures.",https://en.wikipedia.org/wiki/Sing_Sing_(2023_film),https://images.unsplash.com/photo-1489599849927-2ee91cede3ba?w=500&auto=format&fit=crop&q=60
Touch,2024,July,,"Horror, Thriller",9.1,60261,154,39104145,11133126,,Ólafur Jóhann Ólafsson,"Baltasar Kormákur, Egill Ólafsson,Kōki",Focus Features/RVK Studios,R,English,United States,"'Touch' (2024) is a feature film directed by acclaimed filmmakers, starring Baltasar Kormákur, Egill Ólafsson,Kōki, produced by Focus Features/RVK Studios.",https://en.wikipedia.org/wiki/Touch_(2024_film),https://images.unsplash.com/photo-1489599849927-2ee91cede3ba?w=500&auto=format&fit=crop&q=60
The Inheritance,2024,July,,"Action, Adventure, Drama, History",7.0,246525,115,29582175,22721450,Alejandro Brugués,"Chris LaMont, Joe Russo","Bob Gunton,Peyton List,Briana Middleton,Rachel Nichols,Austin Stowell,David Walton",Vertical,PG-13,English,United States,"'The Inheritance' (2024) is a feature film directed by Alejandro Brugués, starring Bob Gunton,Peyton List,Briana Middleton,Rachel Nichols,Austin Stowell,David Walton, produced by Vertical.",https://en.wikipedia.org/wiki/The_Inheritance_(2024_film),https://images.unsplash.com/photo-1489599849927-2ee91cede3ba?w=500&auto=format&fit=crop&q=60
National Anthem,2024,July,,"Romance, Drama",7.8,248117,123,29608839,22739226,,"David Largman Murray, Kevin Best","Luke Gilford, Charlie Plummer,Eve Lindley,Mason Alexander Park, Rene Rosado,Robyn Lively",Variance Films,PG-13,English,United States,"'National Anthem' (2024) is a feature film directed by acclaimed filmmakers, starring Luke Gilford, Charlie Plummer,Eve Lindley,Mason Alexander Park, Rene Rosado,Robyn Lively, produced by Variance Films.",https://en.wikipedia.org/wiki/National_Anthem_(2023_film),https://images.unsplash.com/photo-1489599849927-2ee91cede3ba?w=500&auto=format&fit=crop&q=60
Because We're Family,2024,July,,"Sci-Fi, Adventure",6.8,318364,101,30785388,23523592,Christine Nyhart Kaplan,,"Angela Stern, C. Thomas Howell, Josh Drennen, June Eisler, Angela Stern, Christine Nyhart Kaplan",Buffalo 8 Entertainment,PG-13,English,United States,"'Because We're Family' (2024) is a feature film directed by Christine Nyhart Kaplan, starring Angela Stern, C. Thomas Howell, Josh Drennen, June Eisler, Angela Stern, Christine Nyhart Kaplan, produced by Buffalo 8 Entertainment.",https://en.wikipedia.org/wiki/Because_We%27re_Family,https://images.unsplash.com/photo-1489599849927-2ee91cede3ba?w=500&auto=format&fit=crop&q=60
Lost on a Mountain in Maine,2024,July,14,"Sci-Fi, Adventure",7.3,444132,133,32891844,24927896,Andrew Boodhoo Kightlinger,,Luke David Blumm,Balboa Productions/ Mom & Dad Production,PG-13,English,United States,"'Lost on a Mountain in Maine' (2024) is a feature film directed by Andrew Boodhoo Kightlinger, starring Luke David Blumm, produced by Balboa Productions/ Mom & Dad Production.",https://en.wikipedia.org/wiki/Lost_on_a_Mountain_in_Maine_(film),https://images.unsplash.com/photo-1489599849927-2ee91cede3ba?w=500&auto=format&fit=crop&q=60
My Spy: The Eternal City,2024,July,18,"Sci-Fi, Adventure",7.2,378263,102,31788621,24192414,,"Erich Hoeber, Jon Hoeber","Peter Segal, Dave Bautista,Chloe Coleman,Kristen Schaal,Flula Borg,Craig Robinson,Anna Faris,Ken Jeong",Amazon MGM Studios/STXfilms/MWM Studios,PG-13,English,United States,"'My Spy: The Eternal City' (2024) is a feature film directed by acclaimed filmmakers, starring Peter Segal, Dave Bautista,Chloe Coleman,Kristen Schaal,Flula Borg,Craig Robinson,Anna Faris,Ken Jeong, produced by Amazon MGM Studios/STXfilms/MWM Studios.",https://en.wikipedia.org/wiki/My_Spy:_The_Eternal_City,https://images.unsplash.com/photo-1489599849927-2ee91cede3ba?w=500&auto=format&fit=crop&q=60
Twisters,2024,July,19,"Action, Adventure, Drama, History",8.2,130707,133,27642369,21428246,Lee Isaac Chung,Mark L. Smith,"Daisy Edgar-Jones,Glen Powell,Anthony Ramos,Brandon Perea,Maura Tierney,Sasha Lane",Universal Pictures/Warner Bros. Pictures/Amblin Entertainment,PG-13,English,United States,"'Twisters' (2024) is a feature film directed by Lee Isaac Chung, starring Daisy Edgar-Jones,Glen Powell,Anthony Ramos,Brandon Perea,Maura Tierney,Sasha Lane, produced by Universal Pictures/Warner Bros. Pictures/Amblin Entertainment.",https://en.wikipedia.org/wiki/Twisters_(film),https://images.unsplash.com/photo-1489599849927-2ee91cede3ba?w=500&auto=format&fit=crop&q=60
Clear Cut,2024,July,,"Sci-Fi, Adventure",6.5,120757,158,27475719,21317146,Brian Skiba,Joe Perruccio,"Alec Baldwin,Stephen Dorff,Clive Standen,Lucy Martin,Jesse Metcalfe,Tom Welling",Lionsgate/Grindstone Entertainment Group,PG-13,English,United States,"'Clear Cut' (2024) is a feature film directed by Brian Skiba, starring Alec Baldwin,Stephen Dorff,Clive Standen,Lucy Martin,Jesse Metcalfe,Tom Welling, produced by Lionsgate/Grindstone Entertainment Group.",https://en.wikipedia.org/wiki/Clear_Cut,https://images.unsplash.com/photo-1489599849927-2ee91cede3ba?w=500&auto=format&fit=crop&q=60
Widow Clicquot,2024,July,,Drama,7.5,234386,129,29378862,22585908,Thomas Napper,"Erin Dignam,Christopher Monger","Haley Bennett,Tom Sturridge,Sam Riley, Anson Boom,Leo Suter,Ben Miles,Natasha O'Keeffe",Vertical,PG-13,English,United States,"'Widow Clicquot' (2024) is a feature film directed by Thomas Napper, starring Haley Bennett,Tom Sturridge,Sam Riley, Anson Boom,Leo Suter,Ben Miles,Natasha O'Keeffe, produced by Vertical.",https://en.wikipedia.org/wiki/Widow_Clicquot,https://images.unsplash.com/photo-1489599849927-2ee91cede3ba?w=500&auto=format&fit=crop&q=60
Clawfoot,2024,July,,Drama,7.7,123145,95,27515715,21343810,Michael Day,April Wolfe,"Francesca Eastwood,Milo Gibson,Olivia Culpo,Néstor Carbonell,Oliver Cooper",Vertical,PG-13,English,United States,"'Clawfoot' (2024) is a feature film directed by Michael Day, starring Francesca Eastwood,Milo Gibson,Olivia Culpo,Néstor Carbonell,Oliver Cooper, produced by Vertical.",https://en.wikipedia.org/wiki/Clawfoot_(film),https://images.unsplash.com/photo-1489599849927-2ee91cede3ba?w=500&auto=format&fit=crop&q=60
Spread,2024,July,,"Sci-Fi, Adventure",8.4,78569,96,26769123,20846082,Ellie Kanner,Buffy Charlet,"Elizabeth Gillies,Harvey Keitel,Teri Polo,Diedrich Bader,Diora Baird,Tim Rozon,April Telek,Blake Harrison,Bryan Craig",Tubi,PG-13,English,United States,"'Spread' (2024) is a feature film directed by Ellie Kanner, starring Elizabeth Gillies,Harvey Keitel,Teri Polo,Diedrich Bader,Diora Baird,Tim Rozon,April Telek,Blake Harrison,Bryan Craig, produced by Tubi.",https://en.wikipedia.org/wiki/Spread,https://images.unsplash.com/photo-1489599849927-2ee91cede3ba?w=500&auto=format&fit=crop&q=60
The Good Half,2024,July,23,"Action, Adventure, Drama, History",7.4,181651,164,28495617,21997078,Robert Schwartzman,Brett Ryland,"Nick Jonas,Brittany Snow,David Arquette,Alexandra Shipp,Matt Walsh,Elisabeth Shue",Utopia,PG-13,English,United States,"'The Good Half' (2024) is a feature film directed by Robert Schwartzman, starring Nick Jonas,Brittany Snow,David Arquette,Alexandra Shipp,Matt Walsh,Elisabeth Shue, produced by Utopia.",https://en.wikipedia.org/wiki/The_Good_Half,https://images.unsplash.com/photo-1489599849927-2ee91cede3ba?w=500&auto=format&fit=crop&q=60
Deadpool & Wolverine,2024,July,26,"Action, Sci-Fi, Superhero",8.8,328911,154,498009705,166804369,,"Ryan Reynolds,Rhett Reese,Paul Wernick,Zeb Wells","Shawn Levy, Ryan Reynolds,Hugh Jackman,Emma Corrin,Morena Baccarin,Rob Delaney,Leslie Uggams,Aaron Stanford,Matthew Macfadyen",Marvel Studios/Maximum Effort/21 Laps Entertainment,PG-13,English,United States,"'Deadpool & Wolverine' (2024) is a feature film directed by acclaimed filmmakers, starring Shawn Levy, Ryan Reynolds,Hugh Jackman,Emma Corrin,Morena Baccarin,Rob Delaney,Leslie Uggams,Aaron Stanford,Matthew Macfadyen, produced by Marvel Studios/Maximum Effort/21 Laps Entertainment.",https://en.wikipedia.org/wiki/Deadpool_&_Wolverine,https://images.unsplash.com/photo-1489599849927-2ee91cede3ba?w=500&auto=format&fit=crop&q=60
The Fabulous Four,2024,July,,Drama,8.5,275778,112,30072126,23048084,,"Jenna Milly, Ann Marie Allison","Jocelyn Moorhouse, Susan Sarandon,Bette Midler,Megan Mullally,Sheryl Lee Ralph,Bruce Greenwood,Timothy V. Murphy,Michael Bolton",Bleecker Street,PG-13,English,United States,"'The Fabulous Four' (2024) is a feature film directed by acclaimed filmmakers, starring Jocelyn Moorhouse, Susan Sarandon,Bette Midler,Megan Mullally,Sheryl Lee Ralph,Bruce Greenwood,Timothy V. Murphy,Michael Bolton, produced by Bleecker Street.",https://en.wikipedia.org/wiki/The_Fabulous_Four,https://images.unsplash.com/photo-1489599849927-2ee91cede3ba?w=500&auto=format&fit=crop&q=60
Mothers' Instinct,2024,July,,"Sci-Fi, Adventure",7.4,286723,92,30255441,23170294,Benoît Delhomme,Sarah Conradt,"Jessica Chastain,Anne Hathaway,Anders Danielsen Lie,Josh Charles",Neon/Freckle Films/Mosaic,PG-13,English,United States,"'Mothers' Instinct' (2024) is a feature film directed by Benoît Delhomme, starring Jessica Chastain,Anne Hathaway,Anders Danielsen Lie,Josh Charles, produced by Neon/Freckle Films/Mosaic.",https://en.wikipedia.org/wiki/Mothers'_Instinct_(2024_film),https://images.unsplash.com/photo-1489599849927-2ee91cede3ba?w=500&auto=format&fit=crop&q=60
The Girl in the Pool,2024,July,,"Comedy, Drama",8.3,308215,125,30615405,23410270,Dakota Gorman,Jackson Reid Williams,"Freddie Prinze Jr.,Monica Potter,Kevin Pollak,Gabrielle Haugh, Angie Ayala, Brielle Barbusca, Dionysio Basco, Rickey Eugene Brown, Micah Giovanni",Quiver Distribution,PG-13,English,United States,"'The Girl in the Pool' (2024) is a feature film directed by Dakota Gorman, starring Freddie Prinze Jr.,Monica Potter,Kevin Pollak,Gabrielle Haugh, Angie Ayala, Brielle Barbusca, Dionysio Basco, Rickey Eugene Brown, Micah Giovanni, produced by Quiver Distribution.",https://en.wikipedia.org/wiki/The_Girl_in_the_Pool,https://images.unsplash.com/photo-1489599849927-2ee91cede3ba?w=500&auto=format&fit=crop&q=60
Harold and the Purple Crayon,2024,August,,"Sci-Fi, Adventure",7.4,27166,149,33445122,25296748,Carlos Saldanha,"David Guion, Michael Handelman","Zachary Levi,Lil Rel Howery, Benjamin Bottani,Jemaine Clement,Tanya Reynolds,Alfred Molina,Zooey Deschanel",Columbia Pictures/Davis Entertainment,PG-13,English,United States,"'Harold and the Purple Crayon' (2024) is a feature film directed by Carlos Saldanha, starring Zachary Levi,Lil Rel Howery, Benjamin Bottani,Jemaine Clement,Tanya Reynolds,Alfred Molina,Zooey Deschanel, produced by Columbia Pictures/Davis Entertainment.",https://en.wikipedia.org/wiki/Harold_and_the_Purple_Crayon_(film),https://images.unsplash.com/photo-1489599849927-2ee91cede3ba?w=500&auto=format&fit=crop&q=60
The Instigators,2024,August,,Drama,8.2,255480,160,29732160,22821440,Doug Liman,"Chuck Maclean,Casey Affleck","Matt Damon, Casey Affleck,Hong Chau,Michael Stuhlbarg,Paul Walter Hauser,Ving Rhames,Alfred Molina,Toby Jones,Jack Harlow,Ron Perlman",Apple TV+/Artists Equity/Studio 8,PG-13,English,United States,"'The Instigators' (2024) is a feature film directed by Doug Liman, starring Matt Damon, Casey Affleck,Hong Chau,Michael Stuhlbarg,Paul Walter Hauser,Ving Rhames,Alfred Molina,Toby Jones,Jack Harlow,Ron Perlman, produced by Apple TV+/Artists Equity/Studio 8.",https://en.wikipedia.org/wiki/The_Instigators,https://images.unsplash.com/photo-1489599849927-2ee91cede3ba?w=500&auto=format&fit=crop&q=60
Saving Bikini Bottom: The Sandy Cheeks Movie,2024,August,,"Sci-Fi, Adventure",7.8,303776,114,38077992,28385328,Liza Johnson,"Tom Stern,Kaz","Carolyn Lawrence,Tom Kenny,Clancy Brown,Bill Fagerbakke,Mr. Lawrence,Rodger Bumpass,Craig Robinson,Grey DeLisle,Johnny Knoxville,Ilia Isorelýs Paulino,Matty Cardarople,Wanda Sykes",Netflix/Nickelodeon Movies/United Plankton Pictures,PG-13,English,United States,"'Saving Bikini Bottom: The Sandy Cheeks Movie' (2024) is a feature film directed by Liza Johnson, starring Carolyn Lawrence,Tom Kenny,Clancy Brown,Bill Fagerbakke,Mr. Lawrence,Rodger Bumpass,Craig Robinson,Grey DeLisle,Johnny Knoxville,Ilia Isorelýs Paulino,Matty Cardarople,Wanda Sykes, produced by Netflix/Nickelodeon Movies/United Plankton Pictures.",https://en.wikipedia.org/wiki/Saving_Bikini_Bottom:_The_Sandy_Cheeks_Movie,https://images.unsplash.com/photo-1489599849927-2ee91cede3ba?w=500&auto=format&fit=crop&q=60
Detained,2024,August,,"Sci-Fi, Adventure",7.7,116578,137,27405726,21270484,,Jeremy Palmer,"Felipe Mucci, Abbie Cornish,Laz Alonso,Moon Bloodgood,John Patrick Amedori,Justin H. Min,Breeda Wool,Silas Weir Mitchell, Josefine Lindegaard",Quiver Distribution,PG-13,English,United States,"'Detained' (2024) is a feature film directed by acclaimed filmmakers, starring Felipe Mucci, Abbie Cornish,Laz Alonso,Moon Bloodgood,John Patrick Amedori,Justin H. Min,Breeda Wool,Silas Weir Mitchell, Josefine Lindegaard, produced by Quiver Distribution.",https://en.wikipedia.org/wiki/Detained_(2024_film),https://images.unsplash.com/photo-1489599849927-2ee91cede3ba?w=500&auto=format&fit=crop&q=60
Peak Season,2024,August,,"Sci-Fi, Adventure",8.2,163542,148,28192314,21794876,Steven Kanter,,"Henry Loevner, Claudia Restrepo, Derrick DeBlasis, Ben Coleman,Fred Melamed,Stephanie Courtney",Entertainment Squad,PG-13,English,United States,"'Peak Season' (2024) is a feature film directed by Steven Kanter, starring Henry Loevner, Claudia Restrepo, Derrick DeBlasis, Ben Coleman,Fred Melamed,Stephanie Courtney, produced by Entertainment Squad.",https://en.wikipedia.org/wiki/Peak_Season,https://images.unsplash.com/photo-1489599849927-2ee91cede3ba?w=500&auto=format&fit=crop&q=60
AMFAD All My Friends Are Dead,2024,August,,Drama,7.3,424431,109,32561877,24707918,Marcus Dunstan,Jessica Sarah Flaum,"Jade Pettyjohn,JoJo Siwa, Jennifer Ens, Justin Derickson, Michaella Russell",Cineverse,PG-13,English,United States,"'AMFAD All My Friends Are Dead' (2024) is a feature film directed by Marcus Dunstan, starring Jade Pettyjohn,JoJo Siwa, Jennifer Ens, Justin Derickson, Michaella Russell, produced by Cineverse.",https://en.wikipedia.org/wiki/AMFAD_All_My_Friends_Are_Dead,https://images.unsplash.com/photo-1489599849927-2ee91cede3ba?w=500&auto=format&fit=crop&q=60
Trust in Love,2024,August,5,"Romance, Drama",8.1,202745,120,28848915,22232610,Mick Davis,Jimi Petulla,"Jimi Petulla, Sydney Bullock, Logan Arditty, Natasha Wilson,Eric Roberts, Tim Hazelip,Miljenko Matijevic,Robby Krieger",Gravitas Ventures,PG-13,English,United States,"'Trust in Love' (2024) is a feature film directed by Mick Davis, starring Jimi Petulla, Sydney Bullock, Logan Arditty, Natasha Wilson,Eric Roberts, Tim Hazelip,Miljenko Matijevic,Robby Krieger, produced by Gravitas Ventures.",https://en.wikipedia.org/wiki/Trust_in_Love,https://images.unsplash.com/photo-1489599849927-2ee91cede3ba?w=500&auto=format&fit=crop&q=60
It Ends with Us,2024,August,9,"Romance, Drama",7.4,221053,137,29155551,22437034,Justin Baldoni,Christy Hall,"Blake Lively, Justin Baldoni,Jenny Slate,Hasan Minhaj,Kevin McKidd,Amy Morton,Alex Neustaedter, Isabela Ferrer,Brandon Sklenar",Columbia Pictures/Wayfarer Studios,PG-13,English,United States,"'It Ends with Us' (2024) is a feature film directed by Justin Baldoni, starring Blake Lively, Justin Baldoni,Jenny Slate,Hasan Minhaj,Kevin McKidd,Amy Morton,Alex Neustaedter, Isabela Ferrer,Brandon Sklenar, produced by Columbia Pictures/Wayfarer Studios.",https://en.wikipedia.org/wiki/It_Ends_with_Us_(film),https://images.unsplash.com/photo-1489599849927-2ee91cede3ba?w=500&auto=format&fit=crop&q=60
Borderlands,2024,August,,"Sci-Fi, Adventure",8.5,183840,100,28532280,22021520,,Joe Crombie,"Eli Roth, Cate Blanchett,Kevin Hart,Jack Black,Édgar Ramírez,Ariana Greenblatt,Florian Munteanu,Janina Gavankar,Gina Gershon,Jamie Lee Curtis",Lionsgate/Summit Entertainment/2K/Gearbox Studios/Arad Productions,PG-13,English,United States,"'Borderlands' (2024) is a feature film directed by acclaimed filmmakers, starring Eli Roth, Cate Blanchett,Kevin Hart,Jack Black,Édgar Ramírez,Ariana Greenblatt,Florian Munteanu,Janina Gavankar,Gina Gershon,Jamie Lee Curtis, produced by Lionsgate/Summit Entertainment/2K/Gearbox Studios/Arad Productions.",https://en.wikipedia.org/wiki/Borderlands_(film),https://images.unsplash.com/photo-1489599849927-2ee91cede3ba?w=500&auto=format&fit=crop&q=60
Duchess,2024,August,,"Romance, Drama",6.4,100857,133,27142419,21094946,,Charlotte Kirk,"Neil Marshall, Charlotte Kirk,Philip Winchester,Colm Meaney,Hoji Fortuna,Colin Egglesfield,Stephanie Beacham,Sean Pertwee",Saban Films,PG-13,English,United States,"'Duchess' (2024) is a feature film directed by acclaimed filmmakers, starring Neil Marshall, Charlotte Kirk,Philip Winchester,Colm Meaney,Hoji Fortuna,Colin Egglesfield,Stephanie Beacham,Sean Pertwee, produced by Saban Films.",https://en.wikipedia.org/wiki/Duchess_(film),https://images.unsplash.com/photo-1489599849927-2ee91cede3ba?w=500&auto=format&fit=crop&q=60
Watchmen: Chapter I,2024,August,13,"Animation, Family, Adventure",8.4,301847,93,30508749,23339166,Brandon Vietti,J. Michael Straczynski,"Matthew Rhys,Katee Sackhoff,Titus Welliver,Troy Baker,Rick D. Wasserman,Adrienne Barbeau,Jeffrey Combs,Geoff Pierson,Corey Burton,John Marshall Jones,Yuri Lowenthal,Kari Wahlgren,Grey DeLisle,Kelly Hu,Max Koch,Phil LaMarr,Dwight Schultz,Jason Spisak",Warner Bros. Animation/DC Entertainment,PG-13,English,United States,"'Watchmen: Chapter I' (2024) is a feature film directed by Brandon Vietti, starring Matthew Rhys,Katee Sackhoff,Titus Welliver,Troy Baker,Rick D. Wasserman,Adrienne Barbeau,Jeffrey Combs,Geoff Pierson,Corey Burton,John Marshall Jones,Yuri Lowenthal,Kari Wahlgren,Grey DeLisle,Kelly Hu,Max Koch,Phil LaMarr,Dwight Schultz,Jason Spisak, produced by Warner Bros. Animation/DC Entertainment.",https://en.wikipedia.org/wiki/Watchmen_Chapter_I,https://images.unsplash.com/photo-1489599849927-2ee91cede3ba?w=500&auto=format&fit=crop&q=60
Jackpot!,2024,August,15,"Romance, Drama",6.1,106827,163,27242409,21161606,Paul Feig,Rob Yescombe,"John Cena,Awkwafina,Simu Liu",Amazon MGM Studios/Roth/Kirschenbaum Films,PG-13,English,United States,"'Jackpot!' (2024) is a feature film directed by Paul Feig, starring John Cena,Awkwafina,Simu Liu, produced by Amazon MGM Studios/Roth/Kirschenbaum Films.",https://en.wikipedia.org/wiki/Jackpot!_(film),https://images.unsplash.com/photo-1489599849927-2ee91cede3ba?w=500&auto=format&fit=crop&q=60
Alien: Romulus,2024,August,16,"Horror, Mystery, Thriller",8.9,224038,152,43675910,12148708,,Rodo Sayagues,"Fede Álvarez, Cailee Spaeny,David Jonsson,Archie Renaux,Isabela Merced,Spike Fearn, Aileen Wu",20th Century Studios/Scott Free Productions/Brandywine Productions,R,English,United States,"'Alien: Romulus' (2024) is a feature film directed by acclaimed filmmakers, starring Fede Álvarez, Cailee Spaeny,David Jonsson,Archie Renaux,Isabela Merced,Spike Fearn, Aileen Wu, produced by 20th Century Studios/Scott Free Productions/Brandywine Productions.",https://en.wikipedia.org/wiki/Alien:_Romulus,https://images.unsplash.com/photo-1489599849927-2ee91cede3ba?w=500&auto=format&fit=crop&q=60
The Union,2024,August,,"Action, Thriller",8.8,125334,106,27552378,21368252,Julian Farino,"Joe Barton,David Guggenheim","Mark Wahlberg,Halle Berry,Adewale Akinnuoye-Agbaje,Mike Colter,Alice Lee,J. K. Simmons,Jackie Earle Haley",Netflix/Municipal Pictures,PG-13,English,United States,"'The Union' (2024) is a feature film directed by Julian Farino, starring Mark Wahlberg,Halle Berry,Adewale Akinnuoye-Agbaje,Mike Colter,Alice Lee,J. K. Simmons,Jackie Earle Haley, produced by Netflix/Municipal Pictures.",https://en.wikipedia.org/wiki/The_Union_(2024_film),https://images.unsplash.com/photo-1489599849927-2ee91cede3ba?w=500&auto=format&fit=crop&q=60
The Deliverance,2024,August,,"Comedy, Drama",6.2,244933,107,29555511,22703674,Lee Daniels,"David Coggeshall, Elijah Bynum","Andra Day,Glenn Close,Aunjanue Ellis-Taylor,Caleb McLaughlin,Omar Epps,Mo'Nique",Netflix,PG-13,English,United States,"'The Deliverance' (2024) is a feature film directed by Lee Daniels, starring Andra Day,Glenn Close,Aunjanue Ellis-Taylor,Caleb McLaughlin,Omar Epps,Mo'Nique, produced by Netflix.",https://en.wikipedia.org/wiki/The_Deliverance_(film),https://images.unsplash.com/photo-1489599849927-2ee91cede3ba?w=500&auto=format&fit=crop&q=60
Skincare,2024,August,,"Crime, Thriller",6.2,120160,155,27465720,21310480,,"Sam Freilich, Deering Regan","Austin Peters, Elizabeth Banks,Lewis Pullman,Michaela Jaé Rodriguez,Luis Gerardo Méndez,Nathan Fillion",IFC Films,PG-13,English,United States,"'Skincare' (2024) is a feature film directed by acclaimed filmmakers, starring Austin Peters, Elizabeth Banks,Lewis Pullman,Michaela Jaé Rodriguez,Luis Gerardo Méndez,Nathan Fillion, produced by IFC Films.",https://en.wikipedia.org/wiki/Skincare_(film),https://images.unsplash.com/photo-1489599849927-2ee91cede3ba?w=500&auto=format&fit=crop&q=60
Gunner,2024,August,,"Action, Adventure, Drama, History",6.7,81753,112,26822451,20881634,Dimitri Logothetis,Gary Scott Thompson,"Luke Hemsworth,Morgan Freeman,Joseph Baena",Highland Film Group,PG-13,English,United States,"'Gunner' (2024) is a feature film directed by Dimitri Logothetis, starring Luke Hemsworth,Morgan Freeman,Joseph Baena, produced by Highland Film Group.",https://en.wikipedia.org/wiki/Gunner_(film),https://images.unsplash.com/photo-1489599849927-2ee91cede3ba?w=500&auto=format&fit=crop&q=60
Crescent City,2024,August,,"Action, Adventure, Drama, History",8.1,209312,153,28958904,22305936,R.J. Collins,Rich Ronat,"Alec Baldwin,Esai Morales,Terrence Howard,Nicky Whelan",Lionsgate/Grindstone Entertainment Group,PG-13,English,United States,"'Crescent City' (2024) is a feature film directed by R.J. Collins, starring Alec Baldwin,Esai Morales,Terrence Howard,Nicky Whelan, produced by Lionsgate/Grindstone Entertainment Group.",https://en.wikipedia.org/wiki/Crescent_City_(film),https://images.unsplash.com/photo-1489599849927-2ee91cede3ba?w=500&auto=format&fit=crop&q=60
Ryan's World the Movie: Titan Universe Adventure,2024,August,,"Action, Adventure, Drama, History",8.6,397306,134,39644502,29429668,Albie Hecht,Rose Frankel,"Ryan Kaji, Shion Kaji, Loann Kaji, Emma Kaji, Kate Kaji",Falling Forward Films /PocketWatch,PG-13,English,United States,"'Ryan's World the Movie: Titan Universe Adventure' (2024) is a feature film directed by Albie Hecht, starring Ryan Kaji, Shion Kaji, Loann Kaji, Emma Kaji, Kate Kaji, produced by Falling Forward Films /PocketWatch.",https://en.wikipedia.org/wiki/Ryan's_World_the_Movie:_Titan_Universe_Adventure,https://images.unsplash.com/photo-1489599849927-2ee91cede3ba?w=500&auto=format&fit=crop&q=60
Mountains,2024,August,,"Sci-Fi, Adventure",7.2,148418,147,27939006,21626004,,Robert Colom,"Monica Sorelle, Atibon Nazaire, Sheila Anozier, Chris Renois",Music Box Films,PG-13,English,United States,"'Mountains' (2024) is a feature film directed by acclaimed filmmakers, starring Monica Sorelle, Atibon Nazaire, Sheila Anozier, Chris Renois, produced by Music Box Films.",https://en.wikipedia.org/wiki/Mountains_(2023_film),https://images.unsplash.com/photo-1489599849927-2ee91cede3ba?w=500&auto=format&fit=crop&q=60
The Clean Up Crew,2024,August,20,"Adventure, Drama",8.5,249510,130,29632170,22754780,Jon Keeyes,Matthew Rogers,"Jonathan Rhys Meyers,Melissa Leo,Antonio Banderas, Ekaterina Baker,Laurence Kinlan,Andy Kellegher",Saban Films,PG-13,English,United States,"'The Clean Up Crew' (2024) is a feature film directed by Jon Keeyes, starring Jonathan Rhys Meyers,Melissa Leo,Antonio Banderas, Ekaterina Baker,Laurence Kinlan,Andy Kellegher, produced by Saban Films.",https://en.wikipedia.org/wiki/The_Clean_Up_Crew,https://images.unsplash.com/photo-1489599849927-2ee91cede3ba?w=500&auto=format&fit=crop&q=60
Stream,2024,August,21,"Action, Adventure, Drama, History",6.4,81156,109,26812452,20874968,,"Steven Della Salla, Jason Leavy, Robert Privitera","Michael Leavy, Charles Edwin Powell,Danielle Harris,Jeffrey Combs,Dee Wallace,Tim Reid,Mark Holton,Felissa Rose,Tony Todd,Daniel Roebuck,Dave Sheridan,Terry Alexander,David Howard Thornton,Damian Maffei",Iconic Events Releasing/ Fuzz on the Lens Productions,PG-13,English,United States,"'Stream' (2024) is a feature film directed by acclaimed filmmakers, starring Michael Leavy, Charles Edwin Powell,Danielle Harris,Jeffrey Combs,Dee Wallace,Tim Reid,Mark Holton,Felissa Rose,Tony Todd,Daniel Roebuck,Dave Sheridan,Terry Alexander,David Howard Thornton,Damian Maffei, produced by Iconic Events Releasing/ Fuzz on the Lens Productions.",https://en.wikipedia.org/wiki/Stream_(film),https://images.unsplash.com/photo-1489599849927-2ee91cede3ba?w=500&auto=format&fit=crop&q=60
Blink Twice,2024,August,23,"Adventure, Drama",8.4,163940,150,28198980,21799320,,E.T. Feigenbaum,"Zoë Kravitz, Naomi Ackie,Channing Tatum,Christian Slater,Simon Rex,Adria Arjona,Kyle MacLachlan,Haley Joel Osment,Geena Davis,Alia Shawkat",Metro-Goldwyn-Mayer/Free Association,PG-13,English,United States,"'Blink Twice' (2024) is a feature film directed by acclaimed filmmakers, starring Zoë Kravitz, Naomi Ackie,Channing Tatum,Christian Slater,Simon Rex,Adria Arjona,Kyle MacLachlan,Haley Joel Osment,Geena Davis,Alia Shawkat, produced by Metro-Goldwyn-Mayer/Free Association.",https://en.wikipedia.org/wiki/Blink_Twice,https://images.unsplash.com/photo-1489599849927-2ee91cede3ba?w=500&auto=format&fit=crop&q=60
The Crow,2024,August,,"Sci-Fi, Adventure",7.7,103444,146,27185748,21123832,Rupert Sanders,"Zach Baylin, Will Schneider","Bill Skarsgård,FKA Twigs,Danny Huston",Lionsgate/Davis Films/30West/FilmNation Entertainment,PG-13,English,United States,"'The Crow' (2024) is a feature film directed by Rupert Sanders, starring Bill Skarsgård,FKA Twigs,Danny Huston, produced by Lionsgate/Davis Films/30West/FilmNation Entertainment.",https://en.wikipedia.org/wiki/The_Crow_(2024_film),https://images.unsplash.com/photo-1489599849927-2ee91cede3ba?w=500&auto=format&fit=crop&q=60
The Killer,2024,August,,"Sci-Fi, Adventure",7.9,143244,121,27852348,21568232,John Woo,"Brian Helgeland, Josh Campbell, Matt Stuecken","Nathalie Emmanuel,Omar Sy,Sam Worthington,Diana Silvers,Saïd Taghmaoui,Hugo Diego Garcia",Peacock/Universal Pictures/Atlas Entertainment,PG-13,English,United States,"'The Killer' (2024) is a feature film directed by John Woo, starring Nathalie Emmanuel,Omar Sy,Sam Worthington,Diana Silvers,Saïd Taghmaoui,Hugo Diego Garcia, produced by Peacock/Universal Pictures/Atlas Entertainment.",https://en.wikipedia.org/wiki/The_Killer_(2024_film),https://images.unsplash.com/photo-1489599849927-2ee91cede3ba?w=500&auto=format&fit=crop&q=60
The Supremes at Earl's All-You-Can-Eat,2024,August,,"Sci-Fi, Adventure",8.4,167063,102,35788221,26858814,,Cee Marcellus,"Tina Mabry, Aunjanue Ellis-Taylor,Sanaa Lathan,Uzo Aduba,Mekhi Phifer,Julian McMahon,Vondie Curtis-Hall,Russell Hornsby",Hulu/Searchlight Pictures/Temple Hill Entertainment,PG-13,English,United States,"'The Supremes at Earl's All-You-Can-Eat' (2024) is a feature film directed by acclaimed filmmakers, starring Tina Mabry, Aunjanue Ellis-Taylor,Sanaa Lathan,Uzo Aduba,Mekhi Phifer,Julian McMahon,Vondie Curtis-Hall,Russell Hornsby, produced by Hulu/Searchlight Pictures/Temple Hill Entertainment.",https://en.wikipedia.org/wiki/The_Supremes_at_Earl's_All-You-Can-Eat,https://images.unsplash.com/photo-1489599849927-2ee91cede3ba?w=500&auto=format&fit=crop&q=60
Greedy People,2024,August,,Drama,7.0,207123,142,28922241,22281494,Potsy Ponciroli,Michael Vukadinovich,"Himesh Patel,Joseph Gordon-Levitt,Lily James,Tim Blake Nelson,Traci Lords,Simon Rex,Joey Lauren Adams,Uzo Aduba,Jim Gaffigan",Lionsgate,PG-13,English,United States,"'Greedy People' (2024) is a feature film directed by Potsy Ponciroli, starring Himesh Patel,Joseph Gordon-Levitt,Lily James,Tim Blake Nelson,Traci Lords,Simon Rex,Joey Lauren Adams,Uzo Aduba,Jim Gaffigan, produced by Lionsgate.",https://en.wikipedia.org/wiki/Greedy_People_(film),https://images.unsplash.com/photo-1489599849927-2ee91cede3ba?w=500&auto=format&fit=crop&q=60
Between the Temples,2024,August,,"Action, Adventure, Drama, History",8.5,321747,118,30842049,23561366,,C. Mason Wells,"Nathan Silver, Jason Schwartzman,Carol Kane,Dolly de Leon,Caroline Aaron,Robert Smigel,Madeline Weinstein,Matthew Shear,Lindsay Burdge, John Magary",Sony Pictures Classics/Ley Line Entertainment,PG-13,English,United States,"'Between the Temples' (2024) is a feature film directed by acclaimed filmmakers, starring Nathan Silver, Jason Schwartzman,Carol Kane,Dolly de Leon,Caroline Aaron,Robert Smigel,Madeline Weinstein,Matthew Shear,Lindsay Burdge, John Magary, produced by Sony Pictures Classics/Ley Line Entertainment.",https://en.wikipedia.org/wiki/Between_the_Temples,https://images.unsplash.com/photo-1489599849927-2ee91cede3ba?w=500&auto=format&fit=crop&q=60
The Forge,2024,August,,Drama,6.6,120956,159,27479052,21319368,,Stephen Kendrick,"Alex Kendrick, Cameron Arnett,Priscilla Shirer, Aspen Kennedy, Karen Abercrombie, T.C. Stallings, BJ Arnett,Ken Bevel",Affirm Films/Kendrick Brothers/Provident Films,PG-13,English,United States,"'The Forge' (2024) is a feature film directed by acclaimed filmmakers, starring Alex Kendrick, Cameron Arnett,Priscilla Shirer, Aspen Kennedy, Karen Abercrombie, T.C. Stallings, BJ Arnett,Ken Bevel, produced by Affirm Films/Kendrick Brothers/Provident Films.",https://en.wikipedia.org/wiki/The_Forge_(2024_film),https://images.unsplash.com/photo-1489599849927-2ee91cede3ba?w=500&auto=format&fit=crop&q=60
Place of Bones,2024,August,,"Sci-Fi, Adventure",8.2,209511,154,28962237,22308158,Audrey Cummings,Richard Taylor,"Heather Graham,Tom Hopper,Corin Nemec, Brielle Robillard,Donald Cerrone",Highland Film Group / Gold Rush Entertainment / Latigo Films,PG-13,English,United States,"'Place of Bones' (2024) is a feature film directed by Audrey Cummings, starring Heather Graham,Tom Hopper,Corin Nemec, Brielle Robillard,Donald Cerrone, produced by Highland Film Group / Gold Rush Entertainment / Latigo Films.",https://en.wikipedia.org/wiki/Place_of_Bones,https://images.unsplash.com/photo-1489599849927-2ee91cede3ba?w=500&auto=format&fit=crop&q=60
1992,2024,August,,"Drama, Thriller",8.6,450163,152,25455921,19970614,,Sascha Penn,"Ariel Vromen, Tyrese Gibson,Scott Eastwood,Ray Liotta",Lionsgate/Death Row Pictures,PG-13,English,United States,"'1992' (2024) is a feature film directed by acclaimed filmmakers, starring Ariel Vromen, Tyrese Gibson,Scott Eastwood,Ray Liotta, produced by Lionsgate/Death Row Pictures.",https://en.wikipedia.org/wiki/1992_(film),https://images.unsplash.com/photo-1489599849927-2ee91cede3ba?w=500&auto=format&fit=crop&q=60
Slingshot,2024,August,,"Horror, Thriller",6.9,147821,144,41548345,11676086,Mikael Håfström,"R. Scott Adams,Nathan Parker","Casey Affleck,Laurence Fishburne,Emily Beecham,Tomer Kapon,David Morrissey",Bleecker Street,R,English,United States,"'Slingshot' (2024) is a feature film directed by Mikael Håfström, starring Casey Affleck,Laurence Fishburne,Emily Beecham,Tomer Kapon,David Morrissey, produced by Bleecker Street.",https://en.wikipedia.org/wiki/Slingshot_(2024_film),https://images.unsplash.com/photo-1489599849927-2ee91cede3ba?w=500&auto=format&fit=crop&q=60
The Wasp,2024,August,,"Action, Thriller",7.7,103444,146,27185748,21123832,Guillem Morales,Morgan Lloyd Malcolm,"Naomie Harris,Natalie Dormer",Shout! Studios,PG-13,English,United States,"'The Wasp' (2024) is a feature film directed by Guillem Morales, starring Naomie Harris,Natalie Dormer, produced by Shout! Studios.",https://en.wikipedia.org/wiki/The_Wasp_(2024_film),https://images.unsplash.com/photo-1489599849927-2ee91cede3ba?w=500&auto=format&fit=crop&q=60
Reagan,2024,August,,"Action, Adventure, Drama, History",6.7,75186,154,26712462,20808308,Sean McNamara,"Howard Klausner,Jonas McCord","Dennis Quaid,Penelope Ann Miller,Robert Davi,Lesley-Anne Down,Jon Voight",ShowBiz Direct / MJM Entertainment,PG-13,English,United States,"'Reagan' (2024) is a feature film directed by Sean McNamara, starring Dennis Quaid,Penelope Ann Miller,Robert Davi,Lesley-Anne Down,Jon Voight, produced by ShowBiz Direct / MJM Entertainment.",https://en.wikipedia.org/wiki/Reagan_(2024_film),https://images.unsplash.com/photo-1489599849927-2ee91cede3ba?w=500&auto=format&fit=crop&q=60
You Gotta Believe,2024,August,,"Sci-Fi, Adventure",7.9,274584,106,30052128,23034752,,Lane Garrison,"Ty Roberts, Luke Wilson,Greg Kinnear,Sarah Gadon,Lew Temple, Michael Cash, Etienne Kellici,Molly Parker",Well Go USA Entertainment,PG-13,English,United States,"'You Gotta Believe' (2024) is a feature film directed by acclaimed filmmakers, starring Ty Roberts, Luke Wilson,Greg Kinnear,Sarah Gadon,Lew Temple, Michael Cash, Etienne Kellici,Molly Parker, produced by Well Go USA Entertainment.",https://en.wikipedia.org/wiki/You_Gotta_Believe_(film),https://images.unsplash.com/photo-1489599849927-2ee91cede3ba?w=500&auto=format&fit=crop&q=60
Tokyo Cowboy,2024,August,,"Drama, Thriller",7.6,195183,157,28722261,22148174,Marc Marriott,"Dave Boyle,Ayako Fujitani","Arata Iura,Robin Weigert, Goya Robles, Ayako Fujitani,Jun Kunimura",Purdie Distribution,PG-13,English,United States,"'Tokyo Cowboy' (2024) is a feature film directed by Marc Marriott, starring Arata Iura,Robin Weigert, Goya Robles, Ayako Fujitani,Jun Kunimura, produced by Purdie Distribution.",https://en.wikipedia.org/wiki/Tokyo_Cowboy,https://images.unsplash.com/photo-1489599849927-2ee91cede3ba?w=500&auto=format&fit=crop&q=60
Beetlejuice Beetlejuice,2024,September,6,"Action, Adventure, Drama, History",6.8,410302,113,32325234,24550156,Tim Burton,"Alfred Gough,Miles Millar","Michael Keaton,Winona Ryder,Catherine O'Hara,Justin Theroux,Monica Bellucci,Jenna Ortega,Willem Dafoe",Warner Bros. Pictures/Plan B Entertainment/Tim Burton Productions/The Geffen Company,PG-13,English,United States,"'Beetlejuice Beetlejuice' (2024) is a feature film directed by Tim Burton, starring Michael Keaton,Winona Ryder,Catherine O'Hara,Justin Theroux,Monica Bellucci,Jenna Ortega,Willem Dafoe, produced by Warner Bros. Pictures/Plan B Entertainment/Tim Burton Productions/The Geffen Company.",https://en.wikipedia.org/wiki/Beetlejuice_Beetlejuice,https://images.unsplash.com/photo-1489599849927-2ee91cede3ba?w=500&auto=format&fit=crop&q=60
A New York Story,2024,September,,"Horror, Thriller",7.7,241351,164,44159195,12256066,,"Fiona Robert, Sophia Robert","Fiona Robert, Sophia Robert, Paul Karmiryan,Annabella Sciorra,Logan Miller,Whit Stillman",Vertical,R,English,United States,"'A New York Story' (2024) is a feature film directed by acclaimed filmmakers, starring Fiona Robert, Sophia Robert, Paul Karmiryan,Annabella Sciorra,Logan Miller,Whit Stillman, produced by Vertical.",https://en.wikipedia.org/wiki/A_New_York_Story,https://images.unsplash.com/photo-1489599849927-2ee91cede3ba?w=500&auto=format&fit=crop&q=60
The Thicket,2024,September,,"Crime, Drama",8.5,164139,151,28202313,21801542,Elliott Lester,Cristopher Kelley,"Peter Dinklage,Juliette Lewis,Levon Hawke,Esmé Creed-Miles,Leslie Grace,Gbenga Akinnagbe",Samuel Goldwyn Films/Tubi Films,PG-13,English,United States,"'The Thicket' (2024) is a feature film directed by Elliott Lester, starring Peter Dinklage,Juliette Lewis,Levon Hawke,Esmé Creed-Miles,Leslie Grace,Gbenga Akinnagbe, produced by Samuel Goldwyn Films/Tubi Films.",https://en.wikipedia.org/wiki/The_Thicket_(film),https://images.unsplash.com/photo-1489599849927-2ee91cede3ba?w=500&auto=format&fit=crop&q=60
I'll Be Right There,2024,September,,"Sci-Fi, Adventure",9.2,277171,119,30095457,23063638,Brendan Walsh,Jim Beggarly,"Edie Falco,Jeannie Berlin,Charlie Tahan,Kayli Carter,Michael Rapaport,Michael Beach,Sepideh Moafi,Bradley Whitford",Brainstorm Media,PG-13,English,United States,"'I'll Be Right There' (2024) is a feature film directed by Brendan Walsh, starring Edie Falco,Jeannie Berlin,Charlie Tahan,Kayli Carter,Michael Rapaport,Michael Beach,Sepideh Moafi,Bradley Whitford, produced by Brainstorm Media.",https://en.wikipedia.org/wiki/I'll_Be_Right_There,https://images.unsplash.com/photo-1489599849927-2ee91cede3ba?w=500&auto=format&fit=crop&q=60
The Killer's Game,2024,September,,"Crime, Thriller",8.2,255480,160,29732160,22821440,J. J. Perry,"Rand Ravich, James Coyne","Dave Bautista,Sofia Boutella,Terry Crews,Scott Adkins,Pom Klementieff,Ben Kingsley",Lionsgate,PG-13,English,United States,"'The Killer's Game' (2024) is a feature film directed by J. J. Perry, starring Dave Bautista,Sofia Boutella,Terry Crews,Scott Adkins,Pom Klementieff,Ben Kingsley, produced by Lionsgate.",https://en.wikipedia.org/wiki/The_Killer's_Game,https://images.unsplash.com/photo-1489599849927-2ee91cede3ba?w=500&auto=format&fit=crop&q=60
Uglies,2024,September,,"Action, Adventure, Drama, History",6.1,80559,106,26802453,20868302,McG,"Jacob Forman,Vanessa Taylor, Whit Anderson","Joey King,Keith Powers,Brianne Tju,Chase Stokes,Laverne Cox",Netflix/Davis Entertainment/Anonymous Content,PG-13,English,United States,"'Uglies' (2024) is a feature film directed by McG, starring Joey King,Keith Powers,Brianne Tju,Chase Stokes,Laverne Cox, produced by Netflix/Davis Entertainment/Anonymous Content.",https://en.wikipedia.org/wiki/Uglies_(film),https://images.unsplash.com/photo-1489599849927-2ee91cede3ba?w=500&auto=format&fit=crop&q=60
Winner,2024,September,,"Crime, Drama",7.1,82549,116,26835783,20890522,Susanna Fogel,Kerry Howley,"Emilia Jones,Connie Britton,Danny Ramirez,Kathryn Newton,Zach Galifianakis",Vertical/Big Beach,PG-13,English,United States,"'Winner' (2024) is a feature film directed by Susanna Fogel, starring Emilia Jones,Connie Britton,Danny Ramirez,Kathryn Newton,Zach Galifianakis, produced by Vertical/Big Beach.",https://en.wikipedia.org/wiki/Winner_(2024_film),https://images.unsplash.com/photo-1489599849927-2ee91cede3ba?w=500&auto=format&fit=crop&q=60
Here After,2024,September,,"Mystery, Thriller",6.5,140458,107,41342810,11630428,Robert Salerno,Sarah Conradt,"Connie Britton, Freya Hannan-Mills,Giovanni Cirfiera",Paramount Pictures,R,English,United States,"'Here After' (2024) is a feature film directed by Robert Salerno, starring Connie Britton, Freya Hannan-Mills,Giovanni Cirfiera, produced by Paramount Pictures.",https://en.wikipedia.org/wiki/Here_After_(2024_film),https://images.unsplash.com/photo-1489599849927-2ee91cede3ba?w=500&auto=format&fit=crop&q=60
Subservience,2024,September,,"Action, Thriller",7.9,208914,151,28952238,22301492,S.K. Dale,"Will Honley, April Maguire","Megan Fox,Michele Morrone,Madeline Zima",XYZ Films/Millennium Media,PG-13,English,United States,"'Subservience' (2024) is a feature film directed by S.K. Dale, starring Megan Fox,Michele Morrone,Madeline Zima, produced by XYZ Films/Millennium Media.",https://en.wikipedia.org/wiki/Subservience,https://images.unsplash.com/photo-1489599849927-2ee91cede3ba?w=500&auto=format&fit=crop&q=60
Transformers One,2024,September,20,"Action, Adventure, Drama, Sci-Fi",6.2,277768,122,30105456,23070304,Josh Cooley,"Eric Pearson, Andrew Barrer, Gabriel Ferrari","Chris Hemsworth,Brian Tyree Henry,Scarlett Johansson,Keegan-Michael Key,Steve Buscemi,Laurence Fishburne,Jon Hamm",Paramount Pictures/Hasbro Entertainment/New Republic Pictures/Di Bonaventura Pictures,PG-13,English,United States,"'Transformers One' (2024) is a feature film directed by Josh Cooley, starring Chris Hemsworth,Brian Tyree Henry,Scarlett Johansson,Keegan-Michael Key,Steve Buscemi,Laurence Fishburne,Jon Hamm, produced by Paramount Pictures/Hasbro Entertainment/New Republic Pictures/Di Bonaventura Pictures.",https://en.wikipedia.org/wiki/Transformers_One,https://images.unsplash.com/photo-1489599849927-2ee91cede3ba?w=500&auto=format&fit=crop&q=60
Never Let Go,2024,September,,"Sci-Fi, Adventure",6.6,166925,90,28248975,21832650,Alexandre Aja,"Kevin Coughlin, Ryan Grassby","Halle Berry, Percy Daggs IV, Anthony B. Jenkins",Lionsgate/Summit Entertainment/21 Laps Entertainment,PG-13,English,United States,"'Never Let Go' (2024) is a feature film directed by Alexandre Aja, starring Halle Berry, Percy Daggs IV, Anthony B. Jenkins, produced by Lionsgate/Summit Entertainment/21 Laps Entertainment.",https://en.wikipedia.org/wiki/Never_Let_Go_(2024_film),https://images.unsplash.com/photo-1489599849927-2ee91cede3ba?w=500&auto=format&fit=crop&q=60
Bagman,2024,September,,"Sci-Fi, Adventure",9.2,73594,146,26685798,20790532,Colm McCarthy,John Hulme,"Sam Claflin,Antonia Thomas,Frankie Corio,William Hope,Steven Cree",Lionsgate/Temple Hill Entertainment,PG-13,English,United States,"'Bagman' (2024) is a feature film directed by Colm McCarthy, starring Sam Claflin,Antonia Thomas,Frankie Corio,William Hope,Steven Cree, produced by Lionsgate/Temple Hill Entertainment.",https://en.wikipedia.org/wiki/Bagman_(2024_film),https://images.unsplash.com/photo-1489599849927-2ee91cede3ba?w=500&auto=format&fit=crop&q=60
The Featherweight,2024,September,,"Action, Thriller",6.0,290504,111,30318768,23212512,Robert Kolodny,Steve Loff,"James Madio, Ruby Wolf,Keir Gilchrist,Stephen Lang,Ron Livingston,Lawrence Gilliard Jr.",mTuckman Media /Appian Way Productions,PG-13,English,United States,"'The Featherweight' (2024) is a feature film directed by Robert Kolodny, starring James Madio, Ruby Wolf,Keir Gilchrist,Stephen Lang,Ron Livingston,Lawrence Gilliard Jr., produced by mTuckman Media /Appian Way Productions.",https://en.wikipedia.org/wiki/The_Featherweight,https://images.unsplash.com/photo-1489599849927-2ee91cede3ba?w=500&auto=format&fit=crop&q=60
Kill 'Em All 2,2024,September,24,Drama,8.8,164736,154,28212312,21808208,Valeri Milev,James Agnew,"Jean-Claude Van Damme,Jacqueline Fernandez,Peter Stormare,María Conchita Alonso",Destination Films,PG-13,English,United States,"'Kill 'Em All 2' (2024) is a feature film directed by Valeri Milev, starring Jean-Claude Van Damme,Jacqueline Fernandez,Peter Stormare,María Conchita Alonso, produced by Destination Films.",https://en.wikipedia.org/wiki/Kill_'Em_All_2,https://images.unsplash.com/photo-1489599849927-2ee91cede3ba?w=500&auto=format&fit=crop&q=60
Paradox Effect,2024,September,,Drama,9.1,224436,154,29212212,22474808,Scott Weintrob,"Samuel Bartlett,Andrea Iervolino, Ferdinando Dell'Omo","Olga Kurylenko,Harvey Keitel, Alice Astons",Gravitas Ventures,PG-13,English,United States,"'Paradox Effect' (2024) is a feature film directed by Scott Weintrob, starring Olga Kurylenko,Harvey Keitel, Alice Astons, produced by Gravitas Ventures.",https://en.wikipedia.org/wiki/Paradox_Effect,https://images.unsplash.com/photo-1489599849927-2ee91cede3ba?w=500&auto=format&fit=crop&q=60
Killer Heat,2024,September,26,"Sci-Fi, Adventure",7.7,162547,143,28175649,21783766,Philippe Lacôte,"Roberto Bentivegna,Matt Charman","Joseph Gordon-Levitt,Shailene Woodley,Richard Madden",Amazon Prime Video,PG-13,English,United States,"'Killer Heat' (2024) is a feature film directed by Philippe Lacôte, starring Joseph Gordon-Levitt,Shailene Woodley,Richard Madden, produced by Amazon Prime Video.",https://en.wikipedia.org/wiki/Killer_Heat,https://images.unsplash.com/photo-1489599849927-2ee91cede3ba?w=500&auto=format&fit=crop&q=60
Saturday Night,2024,September,,"Sci-Fi, Adventure",6.8,232993,122,29355531,22570354,,Gil Kenan,"Jason Reitman, Gabriel LaBelle,Rachel Sennott,Cory Michael Smith,Ella Hunt,Dylan O'Brien,Emily Fairn, Matt Wood,Lamorne Morris,Kim Matula,Finn Wolfhard,Nicholas Braun,Cooper Hoffman,Andrew Barth Feldman,Kaia Gerber,Tommy Dewey,Willem Dafoe,Matthew Rhys,J. K. Simmons",Columbia Pictures,PG-13,English,United States,"'Saturday Night' (2024) is a feature film directed by acclaimed filmmakers, starring Jason Reitman, Gabriel LaBelle,Rachel Sennott,Cory Michael Smith,Ella Hunt,Dylan O'Brien,Emily Fairn, Matt Wood,Lamorne Morris,Kim Matula,Finn Wolfhard,Nicholas Braun,Cooper Hoffman,Andrew Barth Feldman,Kaia Gerber,Tommy Dewey,Willem Dafoe,Matthew Rhys,J. K. Simmons, produced by Columbia Pictures.",https://en.wikipedia.org/wiki/Saturday_Night_(2024_film),https://images.unsplash.com/photo-1489599849927-2ee91cede3ba?w=500&auto=format&fit=crop&q=60
Apartment 7A,2024,September,,"Sci-Fi, Adventure",7.4,175084,131,28385628,21923752,,"Christian White, Skylar James","Natalie Erika James, Julia Garner,Dianne Wiest,Jim Sturgess,Kevin McNally",Paramount+/Paramount Pictures/Paramount Players/Platinum Dunes/Sunday Night Productions,PG-13,English,United States,"'Apartment 7A' (2024) is a feature film directed by acclaimed filmmakers, starring Natalie Erika James, Julia Garner,Dianne Wiest,Jim Sturgess,Kevin McNally, produced by Paramount+/Paramount Pictures/Paramount Players/Platinum Dunes/Sunday Night Productions.",https://en.wikipedia.org/wiki/Apartment_7A,https://images.unsplash.com/photo-1489599849927-2ee91cede3ba?w=500&auto=format&fit=crop&q=60
Rez Ball,2024,September,,"Sci-Fi, Adventure",6.1,100260,130,27132420,21088280,,Sterlin Harjo,"Sydney Freeland, Jessica Matten,Julia Jones,Amber Midthunder,Kiowa Gordon,Dallas Goldtooth,Cody Lightning",Netflix/SpringHill Company/Chernin Entertainment/Lake Ellyn Entertainment,PG-13,English,United States,"'Rez Ball' (2024) is a feature film directed by acclaimed filmmakers, starring Sydney Freeland, Jessica Matten,Julia Jones,Amber Midthunder,Kiowa Gordon,Dallas Goldtooth,Cody Lightning, produced by Netflix/SpringHill Company/Chernin Entertainment/Lake Ellyn Entertainment.",https://en.wikipedia.org/wiki/Rez_Ball,https://images.unsplash.com/photo-1489599849927-2ee91cede3ba?w=500&auto=format&fit=crop&q=60
The Curse of the Necklace,2024,September,,"Horror, Mystery, Thriller",8.2,406521,94,48769845,13280286,Juan Pablo Arias Munoz,John Ducey,"Madeleine McGraw,Violet McGraw,Christina Moore,Sarah Lind,Henry Thomas",Warner Bros. Discovery Home Entertainment,R,English,United States,"'The Curse of the Necklace' (2024) is a feature film directed by Juan Pablo Arias Munoz, starring Madeleine McGraw,Violet McGraw,Christina Moore,Sarah Lind,Henry Thomas, produced by Warner Bros. Discovery Home Entertainment.",https://en.wikipedia.org/wiki/The_Curse_of_the_Necklace,https://images.unsplash.com/photo-1489599849927-2ee91cede3ba?w=500&auto=format&fit=crop&q=60
Azrael,2024,September,,"Horror, Mystery, Thriller",8.4,78569,96,39615205,11246654,E. L. Katz,Simon Barrett,"Samara Weaving,Vic Carmen Sonne,Katariina Unt,Nathan Stewart-Jarrett",IFC Films/Shudder/Republic Pictures,R,English,United States,"'Azrael' (2024) is a feature film directed by E. L. Katz, starring Samara Weaving,Vic Carmen Sonne,Katariina Unt,Nathan Stewart-Jarrett, produced by IFC Films/Shudder/Republic Pictures.",https://en.wikipedia.org/wiki/Azrael_(film),https://images.unsplash.com/photo-1489599849927-2ee91cede3ba?w=500&auto=format&fit=crop&q=60
She Taught Love,2024,September,,"Action, Adventure, Drama, History",6.4,232197,118,29342199,22561466,Nate Edwards,Darrell Britt-Gibson,"Arsema Thomas, Darrell Britt-Gibson,Taissa Farmiga,Alexander Hodge,D'Arcy Carden, Edwin Lee Gibson",Hulu/Andscape,PG-13,English,United States,"'She Taught Love' (2024) is a feature film directed by Nate Edwards, starring Arsema Thomas, Darrell Britt-Gibson,Taissa Farmiga,Alexander Hodge,D'Arcy Carden, Edwin Lee Gibson, produced by Hulu/Andscape.",https://en.wikipedia.org/wiki/She_Taught_Love,https://images.unsplash.com/photo-1489599849927-2ee91cede3ba?w=500&auto=format&fit=crop&q=60
Crackcoon,2024,October,,"Horror, Thriller",6.2,139861,104,41326145,11626726,,"Gary Lee Vincent, Todd Martin","Brad Twigg, John A. Russo, Rosaria Eraso, Justin P. Martin, Gary Lee Vincent, Jessa Flux, Chris O'Brocki, Angel Bradford, Hunter Redfern, Tim Hale, Morrigan Thompson, Tom Hoover",Cineverse,R,English,United States,"'Crackcoon' (2024) is a feature film directed by acclaimed filmmakers, starring Brad Twigg, John A. Russo, Rosaria Eraso, Justin P. Martin, Gary Lee Vincent, Jessa Flux, Chris O'Brocki, Angel Bradford, Hunter Redfern, Tim Hale, Morrigan Thompson, Tom Hoover, produced by Cineverse.",https://en.wikipedia.org/wiki/Crackcoon,https://images.unsplash.com/photo-1489599849927-2ee91cede3ba?w=500&auto=format&fit=crop&q=60
Hold Your Breath,2024,October,,Comedy,7.0,253092,148,29692164,22794776,"Karrie Crouse, Will Joines",Karrie Crouse,"Sarah Paulson,Amiah Miller,Annaleigh Ashford, Alona Jane Robbins,Ebon Moss-Bachrach",Hulu/Searchlight Pictures,PG-13,English,United States,"'Hold Your Breath' (2024) is a feature film directed by Karrie Crouse, Will Joines, starring Sarah Paulson,Amiah Miller,Annaleigh Ashford, Alona Jane Robbins,Ebon Moss-Bachrach, produced by Hulu/Searchlight Pictures.",https://en.wikipedia.org/wiki/Hold_Your_Breath_(2024_film),https://images.unsplash.com/photo-1489599849927-2ee91cede3ba?w=500&auto=format&fit=crop&q=60
Joker: Folie à Deux,2024,October,4,"Action, Sci-Fi, Superhero",7.5,313190,150,30698730,23465820,,Scott Silver,"Todd Phillips, Joaquin Phoenix,Lady Gaga,Brendan Gleeson,Catherine Keener,Zazie Beetz,Steve Coogan,Harry Lawtey,Leigh Gill",Warner Bros. Pictures/DC Entertainment,PG-13,English,United States,"'Joker: Folie à Deux' (2024) is a feature film directed by acclaimed filmmakers, starring Todd Phillips, Joaquin Phoenix,Lady Gaga,Brendan Gleeson,Catherine Keener,Zazie Beetz,Steve Coogan,Harry Lawtey,Leigh Gill, produced by Warner Bros. Pictures/DC Entertainment.",https://en.wikipedia.org/wiki/Joker:_Folie_à_Deux,https://images.unsplash.com/photo-1489599849927-2ee91cede3ba?w=500&auto=format&fit=crop&q=60
White Bird,2024,October,,"Horror, Mystery, Thriller",7.7,142846,119,41409470,11645236,Marc Forster,Mark Bomback,"Ariella Glaser, Orlando Schwerdt,Bryce Gheisar,Gillian Anderson,Helen Mirren",Lionsgate/Participant/Kingdom Story Company/Mandeville Films,R,English,United States,"'White Bird' (2024) is a feature film directed by Marc Forster, starring Ariella Glaser, Orlando Schwerdt,Bryce Gheisar,Gillian Anderson,Helen Mirren, produced by Lionsgate/Participant/Kingdom Story Company/Mandeville Films.",https://en.wikipedia.org/wiki/White_Bird_(film),https://images.unsplash.com/photo-1489599849927-2ee91cede3ba?w=500&auto=format&fit=crop&q=60
Monster Summer,2024,October,,"Sci-Fi, Adventure",6.1,238167,148,29442189,22628126,David Henrie,"Cornelius Uliano, Bryan Schulz","Mason Thames,Lorraine Bracco,Mel Gibson,Kevin James",Pastime Pictures,PG-13,English,United States,"'Monster Summer' (2024) is a feature film directed by David Henrie, starring Mason Thames,Lorraine Bracco,Mel Gibson,Kevin James, produced by Pastime Pictures.",https://en.wikipedia.org/wiki/Monster_Summer,https://images.unsplash.com/photo-1489599849927-2ee91cede3ba?w=500&auto=format&fit=crop&q=60
The Problem with People,2024,October,,"Drama, Thriller",8.9,388213,152,31955271,24303514,Chris Cottam,"Wally Marzano-Lesnevich,Paul Reiser","Paul Reiser,Colm Meaney,Jane Levy, Lucianne McEvoy",Quiver Distribution,PG-13,English,United States,"'The Problem with People' (2024) is a feature film directed by Chris Cottam, starring Paul Reiser,Colm Meaney,Jane Levy, Lucianne McEvoy, produced by Quiver Distribution.",https://en.wikipedia.org/wiki/The_Problem_with_People,https://images.unsplash.com/photo-1489599849927-2ee91cede3ba?w=500&auto=format&fit=crop&q=60
Hellboy: The Crooked Man,2024,October,8,"Sci-Fi, Adventure",8.3,387019,146,31935273,24290182,,"Christopher Golden,Mike Mignola","Brian Taylor, Jack Kesy,Jefferson White,Adeline Rudolph",Ketchup Entertainment/Millennium Media/Dark Horse Entertainment,PG-13,English,United States,"'Hellboy: The Crooked Man' (2024) is a feature film directed by acclaimed filmmakers, starring Brian Taylor, Jack Kesy,Jefferson White,Adeline Rudolph, produced by Ketchup Entertainment/Millennium Media/Dark Horse Entertainment.",https://en.wikipedia.org/wiki/Hellboy:_The_Crooked_Man,https://images.unsplash.com/photo-1489599849927-2ee91cede3ba?w=500&auto=format&fit=crop&q=60
Brothers,2024,October,10,"Sci-Fi, Adventure",8.7,125135,105,27549045,21366030,Max Barbakow,Macon Blair,"Josh Brolin,Peter Dinklage,Glenn Close,Marisa Tomei,Brendan Fraser",Amazon MGM Studios/Legendary Entertainment,PG-13,English,United States,"'Brothers' (2024) is a feature film directed by Max Barbakow, starring Josh Brolin,Peter Dinklage,Glenn Close,Marisa Tomei,Brendan Fraser, produced by Amazon MGM Studios/Legendary Entertainment.",https://en.wikipedia.org/wiki/Brothers_(2024_film),https://images.unsplash.com/photo-1489599849927-2ee91cede3ba?w=500&auto=format&fit=crop&q=60
Piece by Piece,2024,October,,"Horror, Mystery, Thriller",7.2,207521,144,43214845,12046286,,"Jason Zeldes, Aaron Wickenden, Oscar Vazquez","Morgan Neville, Pharrell Williams,Gwen Stefani,Kendrick Lamar,Timbaland,Justin Timberlake,Jay-Z,Busta Rhymes,Snoop Dogg",Focus Features/I Am Other/Tremolo Productions/The Lego Group,R,English,United States,"'Piece by Piece' (2024) is a feature film directed by acclaimed filmmakers, starring Morgan Neville, Pharrell Williams,Gwen Stefani,Kendrick Lamar,Timbaland,Justin Timberlake,Jay-Z,Busta Rhymes,Snoop Dogg, produced by Focus Features/I Am Other/Tremolo Productions/The Lego Group.",https://en.wikipedia.org/wiki/Piece_by_Piece_(2024_film),https://images.unsplash.com/photo-1489599849927-2ee91cede3ba?w=500&auto=format&fit=crop&q=60
The Apprentice,2024,October,,"Action, Adventure, Drama, Sci-Fi",7.4,227620,95,29265540,22510360,Ali Abbasi,Gabriel Sherman,"Sebastian Stan,Jeremy Strong,Martin Donovan,Maria Bakalova",Briarcliff Entertainment/Scythia Films/Tailored Films,PG-13,English,United States,"'The Apprentice' (2024) is a feature film directed by Ali Abbasi, starring Sebastian Stan,Jeremy Strong,Martin Donovan,Maria Bakalova, produced by Briarcliff Entertainment/Scythia Films/Tailored Films.",https://en.wikipedia.org/wiki/The_Apprentice_(2024_film),https://images.unsplash.com/photo-1489599849927-2ee91cede3ba?w=500&auto=format&fit=crop&q=60
The Silent Hour,2024,October,,"Action, Adventure, Drama, Sci-Fi",7.5,234386,129,29378862,22585908,Brad Anderson,Dan Hall,"Joel Kinnaman,Sandra Mae Frank,Mekhi Phifer,Mark Strong",Republic Pictures/AGC Studios,PG-13,English,United States,"'The Silent Hour' (2024) is a feature film directed by Brad Anderson, starring Joel Kinnaman,Sandra Mae Frank,Mekhi Phifer,Mark Strong, produced by Republic Pictures/AGC Studios.",https://en.wikipedia.org/wiki/The_Silent_Hour,https://images.unsplash.com/photo-1489599849927-2ee91cede3ba?w=500&auto=format&fit=crop&q=60
Bad Genius,2024,October,,"Crime, Thriller",6.1,139662,103,27792354,21528236,,Julius Onah,"J.C. Lee, Benedict Wong, Callina Liang,Jabari Banks,Taylor Hickson,Sarah-Jane Redmond",Vertical,PG-13,English,United States,"'Bad Genius' (2024) is a feature film directed by acclaimed filmmakers, starring J.C. Lee, Benedict Wong, Callina Liang,Jabari Banks,Taylor Hickson,Sarah-Jane Redmond, produced by Vertical.",https://en.wikipedia.org/wiki/Bad_Genius_(2024_film),https://images.unsplash.com/photo-1489599849927-2ee91cede3ba?w=500&auto=format&fit=crop&q=60
Seven Cemeteries,2024,October,,"Action, Adventure, Drama, History",6.2,271201,164,29995467,22996978,John Gulager,Joel Soisson,"Danny Trejo, Samantha Ashley,Efren Ramirez,Vincent M. Ward,Lew Temple, Richard Esteras,Maria Canals-Barrera",Quiver Distribution,PG-13,English,United States,"'Seven Cemeteries' (2024) is a feature film directed by John Gulager, starring Danny Trejo, Samantha Ashley,Efren Ramirez,Vincent M. Ward,Lew Temple, Richard Esteras,Maria Canals-Barrera, produced by Quiver Distribution.",https://en.wikipedia.org/wiki/Seven_Cemeteries,https://images.unsplash.com/photo-1489599849927-2ee91cede3ba?w=500&auto=format&fit=crop&q=60
Woman of the Hour,2024,October,,"Sci-Fi, Adventure",7.8,267818,147,29938806,22959204,Anna Kendrick,Ian McDonald,"Anna Kendrick,Daniel Zovatto,Nicolette Robinson,Tony Hale,Pete Holmes, Autumn Best,Kathryn Gallagher,Kelley Jakle",Netflix/AGC Studios/Vertigo Entertainment,PG-13,English,United States,"'Woman of the Hour' (2024) is a feature film directed by Anna Kendrick, starring Anna Kendrick,Daniel Zovatto,Nicolette Robinson,Tony Hale,Pete Holmes, Autumn Best,Kathryn Gallagher,Kelley Jakle, produced by Netflix/AGC Studios/Vertigo Entertainment.",https://en.wikipedia.org/wiki/Woman_of_the_Hour,https://images.unsplash.com/photo-1489599849927-2ee91cede3ba?w=500&auto=format&fit=crop&q=60
The Line,2024,October,,"Sci-Fi, Adventure",9.1,99663,127,27122421,21081614,,Alex Russek,"Ethan Berger, Alex Wolff,Lewis Pullman,Halle Bailey,Austin Abrams,Angus Cloud, Bo Mitchell,Denise Richards,Cheri Oteri,Scoot McNairy,John Malkovich",Utopia,PG-13,English,United States,"'The Line' (2024) is a feature film directed by acclaimed filmmakers, starring Ethan Berger, Alex Wolff,Lewis Pullman,Halle Bailey,Austin Abrams,Angus Cloud, Bo Mitchell,Denise Richards,Cheri Oteri,Scoot McNairy,John Malkovich, produced by Utopia.",https://en.wikipedia.org/wiki/The_Line_(2023_film),https://images.unsplash.com/photo-1489599849927-2ee91cede3ba?w=500&auto=format&fit=crop&q=60
To Fall in Love,2024,October,22,"Romance, Drama",7.9,215481,109,29062227,22374818,Michael Lewis Foster,Jennifer Lane,"Beth Gallagher,Eric Casalini, Reese Lily Buell",Gravitas Ventures,PG-13,English,United States,"'To Fall in Love' (2024) is a feature film directed by Michael Lewis Foster, starring Beth Gallagher,Eric Casalini, Reese Lily Buell, produced by Gravitas Ventures.",https://en.wikipedia.org/wiki/To_Fall_in_Love_(film),https://images.unsplash.com/photo-1489599849927-2ee91cede3ba?w=500&auto=format&fit=crop&q=60
Canary Black,2024,October,24,"Horror, Thriller",6.4,179661,154,42437145,11873526,Pierre Morel,Matthew Kennedy,"Kate Beckinsale,Rupert Friend,Ray Stevenson,Saffron Burrows,Goran Kostić,Ben Miles",Amazon MGM Studios,R,English,United States,"'Canary Black' (2024) is a feature film directed by Pierre Morel, starring Kate Beckinsale,Rupert Friend,Ray Stevenson,Saffron Burrows,Goran Kostić,Ben Miles, produced by Amazon MGM Studios.",https://en.wikipedia.org/wiki/Canary_Black,https://images.unsplash.com/photo-1489599849927-2ee91cede3ba?w=500&auto=format&fit=crop&q=60
Conclave,2024,October,,"Action, Adventure, Drama, History",9.0,119165,150,27449055,21299370,Edward Berger,Peter Straughan,"Ralph Fiennes,Stanley Tucci,John Lithgow,Lucian Msamati, Carlos Diehz,Sergio Castellitto,Isabella Rossellini",Focus Features/FilmNation Entertainment/Indian Paintbrush,PG-13,English,United States,"'Conclave' (2024) is a feature film directed by Edward Berger, starring Ralph Fiennes,Stanley Tucci,John Lithgow,Lucian Msamati, Carlos Diehz,Sergio Castellitto,Isabella Rossellini, produced by Focus Features/FilmNation Entertainment/Indian Paintbrush.",https://en.wikipedia.org/wiki/Conclave_(film),https://images.unsplash.com/photo-1489599849927-2ee91cede3ba?w=500&auto=format&fit=crop&q=60
Don't Move,2024,October,,"Drama, Thriller",6.3,133493,147,27689031,21459354,"Adam Schindler, Brian Netto","T.J. Cimfel, David White","Kelsey Asbille,Finn Wittrock, Moray Treadwell,Daniel Francis",Netflix,PG-13,English,United States,"'Don't Move' (2024) is a feature film directed by Adam Schindler, Brian Netto, starring Kelsey Asbille,Finn Wittrock, Moray Treadwell,Daniel Francis, produced by Netflix.",https://en.wikipedia.org/wiki/Don't_Move_(2024_film),https://images.unsplash.com/photo-1489599849927-2ee91cede3ba?w=500&auto=format&fit=crop&q=60
Magpie,2024,October,,"Sci-Fi, Adventure",7.2,76181,159,26729127,20819418,Sam Yates,Tom Bateman,"Daisy Ridley,Shazad Latif,Matilda Lutz",Shout! Studios,PG-13,English,United States,"'Magpie' (2024) is a feature film directed by Sam Yates, starring Daisy Ridley,Shazad Latif,Matilda Lutz, produced by Shout! Studios.",https://en.wikipedia.org/wiki/Magpie_(film),https://images.unsplash.com/photo-1489599849927-2ee91cede3ba?w=500&auto=format&fit=crop&q=60
1 Million Followers,2024,October,,"Sci-Fi, Adventure",8.3,314782,158,30725394,23483596,Harvey Lowry,Paul Kim,"Shelley Q,Evan Williams,Henry Ian Cusick,Ryan Jamaal Swain, Jade Ma, Constanza Palavecino, Patrick Atchison, Skye Ladell",Vertical,PG-13,English,United States,"'1 Million Followers' (2024) is a feature film directed by Harvey Lowry, starring Shelley Q,Evan Williams,Henry Ian Cusick,Ryan Jamaal Swain, Jade Ma, Constanza Palavecino, Patrick Atchison, Skye Ladell, produced by Vertical.",https://en.wikipedia.org/wiki/1_Million_Followers,https://images.unsplash.com/photo-1489599849927-2ee91cede3ba?w=500&auto=format&fit=crop&q=60
Hangdog,2024,October,,"Sci-Fi, Adventure",7.4,96280,110,27065760,21043840,,Jen Cordery,"Matt Cascella, Desmin Borges,Kelly O'Sullivan,Barbara Rosenblat, Steve Coulter,Catherine Curtin",Good Deed Entertainment,PG-13,English,United States,"'Hangdog' (2024) is a feature film directed by acclaimed filmmakers, starring Matt Cascella, Desmin Borges,Kelly O'Sullivan,Barbara Rosenblat, Steve Coulter,Catherine Curtin, produced by Good Deed Entertainment.",https://en.wikipedia.org/wiki/Hangdog,https://images.unsplash.com/photo-1489599849927-2ee91cede3ba?w=500&auto=format&fit=crop&q=60
Let's Start a Cult,2024,October,,Comedy,6.1,271002,163,29992134,22994756,,"Stavros Halkias, Wes Haney","Ben Kitnick, Stavros Halkias, Wes Haney, Eric Rahill, Katy Fullan,Daniel Simonsen",MPI Media Group,PG-13,English,United States,"'Let's Start a Cult' (2024) is a feature film directed by acclaimed filmmakers, starring Ben Kitnick, Stavros Halkias, Wes Haney, Eric Rahill, Katy Fullan,Daniel Simonsen, produced by MPI Media Group.",https://en.wikipedia.org/wiki/Let's_Start_a_Cult,https://images.unsplash.com/photo-1489599849927-2ee91cede3ba?w=500&auto=format&fit=crop&q=60
Time Cut,2024,October,30,"Sci-Fi, Adventure",7.6,103245,145,27182415,21121610,,Michael Kennedy,"Hannah Macpherson, Madison Bailey,Antonia Gentry,Griffin Gluck",Netflix,PG-13,English,United States,"'Time Cut' (2024) is a feature film directed by acclaimed filmmakers, starring Hannah Macpherson, Madison Bailey,Antonia Gentry,Griffin Gluck, produced by Netflix.",https://en.wikipedia.org/wiki/Time_Cut,https://images.unsplash.com/photo-1489599849927-2ee91cede3ba?w=500&auto=format&fit=crop&q=60
Here,2024,November,1,"Mystery, Thriller",6.3,34988,102,38398660,10976408,,Eric Roth,"Robert Zemeckis, Tom Hanks,Robin Wright,Paul Bettany,Kelly Reilly,Michelle Dockery",TriStar Pictures/Miramax/ImageMovers,R,English,United States,"'Here' (2024) is a feature film directed by acclaimed filmmakers, starring Robert Zemeckis, Tom Hanks,Robin Wright,Paul Bettany,Kelly Reilly,Michelle Dockery, produced by TriStar Pictures/Miramax/ImageMovers.",https://en.wikipedia.org/wiki/Here_(2024_film),https://images.unsplash.com/photo-1489599849927-2ee91cede3ba?w=500&auto=format&fit=crop&q=60
Juror #2,2024,November,,"Action, Adventure, Drama, History",9.1,86529,136,26902443,20934962,Clint Eastwood,Jonathan Abrams,"Nicholas Hoult,Toni Collette,J. K. Simmons,Chris Messina,Zoey Deutch,Cedric Yarbrough,Kiefer Sutherland",Warner Bros. Pictures/Gotham Group/Malpaso Productions,PG-13,English,United States,"'Juror #2' (2024) is a feature film directed by Clint Eastwood, starring Nicholas Hoult,Toni Collette,J. K. Simmons,Chris Messina,Zoey Deutch,Cedric Yarbrough,Kiefer Sutherland, produced by Warner Bros. Pictures/Gotham Group/Malpaso Productions.",https://en.wikipedia.org/wiki/Juror_No._2,https://images.unsplash.com/photo-1489599849927-2ee91cede3ba?w=500&auto=format&fit=crop&q=60
Absolution,2024,November,,"Adventure, Drama",7.1,167920,95,28265640,21843760,Hans Petter Moland,Tony Gayton,"Liam Neeson,Ron Perlman,Yolonda Ross,Daniel Diemer",Samuel Goldwyn Films,PG-13,English,United States,"'Absolution' (2024) is a feature film directed by Hans Petter Moland, starring Liam Neeson,Ron Perlman,Yolonda Ross,Daniel Diemer, produced by Samuel Goldwyn Films.",https://en.wikipedia.org/wiki/Absolution_(2024_film),https://images.unsplash.com/photo-1489599849927-2ee91cede3ba?w=500&auto=format&fit=crop&q=60
The Gutter,2024,November,,"Sci-Fi, Adventure",7.0,148020,145,27932340,21621560,"Yassir Lester, Isaiah Lester",Yassir Lester,"Shameik Moore,Susan Sarandon,D'Arcy Carden,Jay Ellis,Jackée Harry,Paul Reiser,Adam Brody",Magnolia Pictures/Village Roadshow Pictures,PG-13,English,United States,"'The Gutter' (2024) is a feature film directed by Yassir Lester, Isaiah Lester, starring Shameik Moore,Susan Sarandon,D'Arcy Carden,Jay Ellis,Jackée Harry,Paul Reiser,Adam Brody, produced by Magnolia Pictures/Village Roadshow Pictures.",https://en.wikipedia.org/wiki/The_Gutter_(2024_film),https://images.unsplash.com/photo-1489599849927-2ee91cede3ba?w=500&auto=format&fit=crop&q=60
Meet Me Next Christmas,2024,November,6,"Adventure, Drama",8.4,360950,90,31498650,23999100,Rusty Cundieff,"Molly Halderman, Camilla Rubis","Christina Milian,Devale Ellis,Kofi Siriboe",Netflix,PG-13,English,United States,"'Meet Me Next Christmas' (2024) is a feature film directed by Rusty Cundieff, starring Christina Milian,Devale Ellis,Kofi Siriboe, produced by Netflix.",https://en.wikipedia.org/wiki/Meet_Me_Next_Christmas,https://images.unsplash.com/photo-1489599849927-2ee91cede3ba?w=500&auto=format&fit=crop&q=60
A Sudden Case of Christmas,2024,November,7,"Romance, Drama",6.7,423237,103,32541879,24694586,,"Tinker Lindsay, Gianluca Bomprezzi,Neri Parenti, Federico Baccomo, Francesco Patierno","Peter Chelsom, Danny DeVito,Andie MacDowell,Wilmer Valderrama,Lucy DeVito",Shout! Studios,PG-13,English,United States,"'A Sudden Case of Christmas' (2024) is a feature film directed by acclaimed filmmakers, starring Peter Chelsom, Danny DeVito,Andie MacDowell,Wilmer Valderrama,Lucy DeVito, produced by Shout! Studios.",https://en.wikipedia.org/wiki/A_Sudden_Case_of_Christmas,https://images.unsplash.com/photo-1489599849927-2ee91cede3ba?w=500&auto=format&fit=crop&q=60
The Best Christmas Pageant Ever,2024,November,,"Drama, Thriller",6.3,77513,102,34288371,25858914,Dallas Jenkins,"Platte Clark, Darin McDaniel, Ryan Swanson","Judy Greer,Pete Holmes,Lauren Graham",Lionsgate/Kingdom Story Company,PG-13,English,United States,"'The Best Christmas Pageant Ever' (2024) is a feature film directed by Dallas Jenkins, starring Judy Greer,Pete Holmes,Lauren Graham, produced by Lionsgate/Kingdom Story Company.",https://en.wikipedia.org/wiki/The_Best_Christmas_Pageant_Ever_(film),https://images.unsplash.com/photo-1489599849927-2ee91cede3ba?w=500&auto=format&fit=crop&q=60
The Piano Lesson,2024,November,,Drama,7.0,253092,148,29692164,22794776,,Virgil Williams,"Malcolm Washington, Samuel L. Jackson,John David Washington,Ray Fisher,Michael Potts,Erykah Badu, Skylar Aleece Smith,Danielle Deadwyler,Corey Hawkins",Netflix/Escape Artists,PG-13,English,United States,"'The Piano Lesson' (2024) is a feature film directed by acclaimed filmmakers, starring Malcolm Washington, Samuel L. Jackson,John David Washington,Ray Fisher,Michael Potts,Erykah Badu, Skylar Aleece Smith,Danielle Deadwyler,Corey Hawkins, produced by Netflix/Escape Artists.",https://en.wikipedia.org/wiki/The_Piano_Lesson_(2024_film),https://images.unsplash.com/photo-1489599849927-2ee91cede3ba?w=500&auto=format&fit=crop&q=60
Elevation,2024,November,,"Horror, Thriller",8.2,143841,124,41437245,11651406,George Nolfi,"John Glenn, Kenny Ryan, Jacob Roman","Anthony Mackie,Morena Baccarin,Maddie Hasson,Tony Goldwyn",Vertical/Lyrical Media,R,English,United States,"'Elevation' (2024) is a feature film directed by George Nolfi, starring Anthony Mackie,Morena Baccarin,Maddie Hasson,Tony Goldwyn, produced by Vertical/Lyrical Media.",https://en.wikipedia.org/wiki/Elevation_(film),https://images.unsplash.com/photo-1489599849927-2ee91cede3ba?w=500&auto=format&fit=crop&q=60
Christmas Eve in Miller's Point,2024,November,,"Horror, Mystery, Thriller",6.2,77314,101,52141730,14029324,,Eric Berger,"Tyler Taormina, Matilda Fleming,Maria Dizzia,Ben Shenkman,Francesca Scorsese,Elsie Fisher, Lev Cameron,Sawyer Spielberg,Gregg Turkington,Michael Cera",IFC Films,R,English,United States,"'Christmas Eve in Miller's Point' (2024) is a feature film directed by acclaimed filmmakers, starring Tyler Taormina, Matilda Fleming,Maria Dizzia,Ben Shenkman,Francesca Scorsese,Elsie Fisher, Lev Cameron,Sawyer Spielberg,Gregg Turkington,Michael Cera, produced by IFC Films.",https://en.wikipedia.org/wiki/Christmas_Eve_in_Miller's_Point,https://images.unsplash.com/photo-1489599849927-2ee91cede3ba?w=500&auto=format&fit=crop&q=60
Love Bomb,2024,November,,"Romance, Drama",6.8,121354,161,27485718,21323812,David Guglielmo,Kathy Charles,"Jessie Andrews, Josh Caras,Zane Holtz",Quiver Distribution,PG-13,English,United States,"'Love Bomb' (2024) is a feature film directed by David Guglielmo, starring Jessie Andrews, Josh Caras,Zane Holtz, produced by Quiver Distribution.",https://en.wikipedia.org/wiki/Love_Bomb,https://images.unsplash.com/photo-1489599849927-2ee91cede3ba?w=500&auto=format&fit=crop&q=60
Hot Frosty,2024,November,13,"Sci-Fi, Adventure",9.2,152398,92,28005666,21670444,Jerry Ciccoritti,Russell Hainline,"Lacey Chabert,Dustin Milligan,Craig Robinson,Joe Lo Truglio,Katy Mixon,Lauren Holly,Chrishell Stause",Netflix/Muse Entertainment,PG-13,English,United States,"'Hot Frosty' (2024) is a feature film directed by Jerry Ciccoritti, starring Lacey Chabert,Dustin Milligan,Craig Robinson,Joe Lo Truglio,Katy Mixon,Lauren Holly,Chrishell Stause, produced by Netflix/Muse Entertainment.",https://en.wikipedia.org/wiki/Hot_Frosty,https://images.unsplash.com/photo-1489599849927-2ee91cede3ba?w=500&auto=format&fit=crop&q=60
Red One,2024,November,15,"Horror, Thriller",8.2,78171,94,39604095,11244186,Jake Kasdan,Chris Morgan,"Dwayne Johnson,Chris Evans,Lucy Liu,J.K. Simmons,Kiernan Shipka,Bonnie Hunt,Kristofer Hivju,Nick Kroll",Metro-Goldwyn-Mayer/Seven Bucks Productions,R,English,United States,"'Red One' (2024) is a feature film directed by Jake Kasdan, starring Dwayne Johnson,Chris Evans,Lucy Liu,J.K. Simmons,Kiernan Shipka,Bonnie Hunt,Kristofer Hivju,Nick Kroll, produced by Metro-Goldwyn-Mayer/Seven Bucks Productions.",https://en.wikipedia.org/wiki/Red_One_(film),https://images.unsplash.com/photo-1489599849927-2ee91cede3ba?w=500&auto=format&fit=crop&q=60
Daruma,2024,November,,"Sci-Fi, Adventure",7.9,77574,91,26752458,20834972,Alexander Yellen,Kelli McNeil-Yellen,"Tobias Forrest, Victoria Scott, John W. Lawson,Abigail Hawk,Barry Bostwick, Sandi McCree, Kelli McNeil-Yellen,Joy Nash",Freestyle Digital Media,PG-13,English,United States,"'Daruma' (2024) is a feature film directed by Alexander Yellen, starring Tobias Forrest, Victoria Scott, John W. Lawson,Abigail Hawk,Barry Bostwick, Sandi McCree, Kelli McNeil-Yellen,Joy Nash, produced by Freestyle Digital Media.",https://en.wikipedia.org/wiki/Daruma,https://images.unsplash.com/photo-1489599849927-2ee91cede3ba?w=500&auto=format&fit=crop&q=60
The Merry Gentlemen,2024,November,20,Drama,6.3,317369,96,30768723,23512482,Peter Sullivan,Marla Sokoloff,"Britt Robertson,Chad Michael Murray, Marla Sokoloff,Beth Broderick,Michael Gross,Maxwell Caulfield",Netflix,PG-13,English,United States,"'The Merry Gentlemen' (2024) is a feature film directed by Peter Sullivan, starring Britt Robertson,Chad Michael Murray, Marla Sokoloff,Beth Broderick,Michael Gross,Maxwell Caulfield, produced by Netflix.",https://en.wikipedia.org/wiki/The_Merry_Gentlemen,https://images.unsplash.com/photo-1489599849927-2ee91cede3ba?w=500&auto=format&fit=crop&q=60
Wicked,2024,November,22,"Sci-Fi, Adventure",7.6,76977,163,482380935,161333983,Jon M. Chu,"Winnie Holzman,Dana Fox","Cynthia Erivo,Ariana Grande,Jonathan Bailey,Ethan Slater,Bowen Yang,Marissa Bode,Peter Dinklage,Michelle Yeoh,Jeff Goldblum",Universal Pictures/Marc Platt Productions,PG-13,English,United States,"'Wicked' (2024) is a feature film directed by Jon M. Chu, starring Cynthia Erivo,Ariana Grande,Jonathan Bailey,Ethan Slater,Bowen Yang,Marissa Bode,Peter Dinklage,Michelle Yeoh,Jeff Goldblum, produced by Universal Pictures/Marc Platt Productions.",https://en.wikipedia.org/wiki/Wicked_(2024_film),https://images.unsplash.com/photo-1489599849927-2ee91cede3ba?w=500&auto=format&fit=crop&q=60
Gladiator II,2024,November,,"Action, Adventure, Drama, History",7.9,176079,136,488528745,163485841,Ridley Scott,David Scarpa,"Paul Mescal,Pedro Pascal,Joseph Quinn,Fred Hechinger,Lior Raz,Derek Jacobi,Connie Nielsen,Denzel Washington",Paramount Pictures/Scott Free Productions/Lucy Fisher/Douglas Wick Productions,PG-13,English,United States,"'Gladiator II' (2024) is a feature film directed by Ridley Scott, starring Paul Mescal,Pedro Pascal,Joseph Quinn,Fred Hechinger,Lior Raz,Derek Jacobi,Connie Nielsen,Denzel Washington, produced by Paramount Pictures/Scott Free Productions/Lucy Fisher/Douglas Wick Productions.",https://en.wikipedia.org/wiki/Gladiator_II,https://images.unsplash.com/photo-1489599849927-2ee91cede3ba?w=500&auto=format&fit=crop&q=60
Spellbound,2024,November,,"Animation, Family, Adventure",6.3,166328,162,28238976,21825984,Vicky Jenson,"Lauren Hynek, Elizabeth Martin, Julia Miranda","Rachel Zegler,John Lithgow,Jenifer Lewis,Tituss Burgess,Nathan Lane,Javier Bardem,Nicole Kidman",Netflix/Skydance Animation,PG-13,English,United States,"'Spellbound' (2024) is a feature film directed by Vicky Jenson, starring Rachel Zegler,John Lithgow,Jenifer Lewis,Tituss Burgess,Nathan Lane,Javier Bardem,Nicole Kidman, produced by Netflix/Skydance Animation.",https://en.wikipedia.org/wiki/Spellbound_(2024_film),https://images.unsplash.com/photo-1489599849927-2ee91cede3ba?w=500&auto=format&fit=crop&q=60
Armor,2024,November,,"Sci-Fi, Adventure",8.9,59863,152,26455821,20637214,Justin Routt,"Cory Todd Hughes, Adrian Speckert","Sylvester Stallone,Jason Patric,Josh Wiggins,Dash Mihok",Lionsgate/Grindstone Entertainment Group,PG-13,English,United States,"'Armor' (2024) is a feature film directed by Justin Routt, starring Sylvester Stallone,Jason Patric,Josh Wiggins,Dash Mihok, produced by Lionsgate/Grindstone Entertainment Group.",https://en.wikipedia.org/wiki/Armor_(film),https://images.unsplash.com/photo-1489599849927-2ee91cede3ba?w=500&auto=format&fit=crop&q=60
Out of My Mind,2024,November,,"Comedy, Drama",6.1,198765,100,28782255,22188170,Amber Sealey,Daniel Stiepleman,"Phoebe-Rae Taylor,Rosemarie DeWitt,Luke Kirby,Judith Light,Jennifer Aniston",Disney+/Big Beach/Participant,PG-13,English,United States,"'Out of My Mind' (2024) is a feature film directed by Amber Sealey, starring Phoebe-Rae Taylor,Rosemarie DeWitt,Luke Kirby,Judith Light,Jennifer Aniston, produced by Disney+/Big Beach/Participant.",https://en.wikipedia.org/wiki/Out_of_My_Mind_(film),https://images.unsplash.com/photo-1489599849927-2ee91cede3ba?w=500&auto=format&fit=crop&q=60
Dear Santa,2024,November,25,"Sci-Fi, Adventure",6.2,139861,104,27795687,21530458,Bobby Farrelly,"Ricky Blitt,Peter Farrelly","Jack Black,Keegan-Michael Key, Robert Timothy Smith,Brianne Howey,Hayes MacArthur,Post Malone,P. J. Byrne",Paramount+/Paramount Pictures/Conundrum Entertainment,PG-13,English,United States,"'Dear Santa' (2024) is a feature film directed by Bobby Farrelly, starring Jack Black,Keegan-Michael Key, Robert Timothy Smith,Brianne Howey,Hayes MacArthur,Post Malone,P. J. Byrne, produced by Paramount+/Paramount Pictures/Conundrum Entertainment.",https://en.wikipedia.org/wiki/Dear_Santa_(2024_film),https://images.unsplash.com/photo-1489599849927-2ee91cede3ba?w=500&auto=format&fit=crop&q=60
Watchmen: Chapter II,2024,November,26,"Animation, Family, Adventure",9.1,316374,91,30752058,23501372,Brandon Vietti,J. Michael Straczynski,"Matthew Rhys,Katee Sackhoff,Titus Welliver,Troy Baker,Rick D. Wasserman,Adrienne Barbeau,Jeffrey Combs,Geoff Pierson,Corey Burton,John Marshall Jones,Yuri Lowenthal,Kari Wahlgren,Grey DeLisle,Kelly Hu,Max Koch,Phil LaMarr,Dwight Schultz,Jason Spisak",Warner Bros. Animation/Paramount Pictures/DC Entertainment,PG-13,English,United States,"'Watchmen: Chapter II' (2024) is a feature film directed by Brandon Vietti, starring Matthew Rhys,Katee Sackhoff,Titus Welliver,Troy Baker,Rick D. Wasserman,Adrienne Barbeau,Jeffrey Combs,Geoff Pierson,Corey Burton,John Marshall Jones,Yuri Lowenthal,Kari Wahlgren,Grey DeLisle,Kelly Hu,Max Koch,Phil LaMarr,Dwight Schultz,Jason Spisak, produced by Warner Bros. Animation/Paramount Pictures/DC Entertainment.",https://en.wikipedia.org/wiki/Watchmen_Chapter_II,https://images.unsplash.com/photo-1489599849927-2ee91cede3ba?w=500&auto=format&fit=crop&q=60
"Hemet, or the Landlady Don't Drink Tea",2024,November,,"Sci-Fi, Adventure",9.1,168456,109,35811552,26874368,Tony Olmos,Brian Patrick Butler,"Kimberly Weinberger, Brian Patrick Butler,Aimee La Joie,Randy Davison,Merrick McCartha, Matthew Rhodes,Nick Young,Pierce Wallace, Jake Golden, Mia Gascon,Derrick Acosta,Mark Atkinson",BayView Entertainment/Charybdis Pictures/Rosewood Five,PG-13,English,United States,"'Hemet, or the Landlady Don't Drink Tea' (2024) is a feature film directed by Tony Olmos, starring Kimberly Weinberger, Brian Patrick Butler,Aimee La Joie,Randy Davison,Merrick McCartha, Matthew Rhodes,Nick Young,Pierce Wallace, Jake Golden, Mia Gascon,Derrick Acosta,Mark Atkinson, produced by BayView Entertainment/Charybdis Pictures/Rosewood Five.","https://en.wikipedia.org/wiki/Hemet,_or_the_Landlady_Don't_Drink_Tea",https://images.unsplash.com/photo-1489599849927-2ee91cede3ba?w=500&auto=format&fit=crop&q=60
A Great Divide,2024,November,,"Horror, Thriller",7.5,201551,114,43048195,12009266,,"Jeff Yang, Martina Nagel","Jean Shim, Ken Jeong,Jae Suh Park, Emerson Min,Miya Cech,MeeWha Alana Lee,Seamus Dever,Marshall Allman,Jamie McShane",Gravitas Ventures,R,English,United States,"'A Great Divide' (2024) is a feature film directed by acclaimed filmmakers, starring Jean Shim, Ken Jeong,Jae Suh Park, Emerson Min,Miya Cech,MeeWha Alana Lee,Seamus Dever,Marshall Allman,Jamie McShane, produced by Gravitas Ventures.",https://en.wikipedia.org/wiki/A_Great_Divide,https://images.unsplash.com/photo-1489599849927-2ee91cede3ba?w=500&auto=format&fit=crop&q=60
Moana 2,2024,November,27,"Animation, Family, Adventure",8.4,72002,138,482072310,161225958,,"Jared Bush, Dana Ledoux Miller","David Derrick Jr., Auli'i Cravalho,Dwayne Johnson, Hualālai Chung,Rose Matafeo,David Fane, Awhimai Fraser, Khaleesi Lambert-Tsuda,Temuera Morrison,Nicole Scherzinger,Rachel House, Gerald Ramsey,Alan Tudyk",Walt Disney Pictures/Walt Disney Animation Studios,PG,English,United States,"'Moana 2' (2024) is a feature film directed by acclaimed filmmakers, starring David Derrick Jr., Auli'i Cravalho,Dwayne Johnson, Hualālai Chung,Rose Matafeo,David Fane, Awhimai Fraser, Khaleesi Lambert-Tsuda,Temuera Morrison,Nicole Scherzinger,Rachel House, Gerald Ramsey,Alan Tudyk, produced by Walt Disney Pictures/Walt Disney Animation Studios.",https://en.wikipedia.org/wiki/Moana_2,https://images.unsplash.com/photo-1489599849927-2ee91cede3ba?w=500&auto=format&fit=crop&q=60
Queer,2024,November,,"Action, Adventure, Drama, History",9.0,60062,153,26459154,20639436,Luca Guadagnino,Justin Kuritzkes,"Daniel Craig,Drew Starkey,Jason Schwartzman,Henry Zaga,Omar Apollo,Lesley Manville",A24/Fremantle/The Apartment Pictures/Frenesy Film Company,PG-13,English,United States,"'Queer' (2024) is a feature film directed by Luca Guadagnino, starring Daniel Craig,Drew Starkey,Jason Schwartzman,Henry Zaga,Omar Apollo,Lesley Manville, produced by A24/Fremantle/The Apartment Pictures/Frenesy Film Company.",https://en.wikipedia.org/wiki/Queer_(film),https://images.unsplash.com/photo-1489599849927-2ee91cede3ba?w=500&auto=format&fit=crop&q=60
Maria,2024,November,,"Sci-Fi, Adventure",6.6,55286,129,26379162,20586108,Pablo Larraín,Steven Knight,"Angelina Jolie,Pierfrancesco Favino,Alba Rohrwacher,Haluk Bilginer,Stephen Ashfield,Valeria Golino,Kodi Smit-McPhee",Netflix/Fremantle/The Apartment Pictures/FilmNation Entertainment,PG-13,English,United States,"'Maria' (2024) is a feature film directed by Pablo Larraín, starring Angelina Jolie,Pierfrancesco Favino,Alba Rohrwacher,Haluk Bilginer,Stephen Ashfield,Valeria Golino,Kodi Smit-McPhee, produced by Netflix/Fremantle/The Apartment Pictures/FilmNation Entertainment.",https://en.wikipedia.org/wiki/Maria_(2024_film),https://images.unsplash.com/photo-1489599849927-2ee91cede3ba?w=500&auto=format&fit=crop&q=60
Our Little Secret,2024,November,,"Sci-Fi, Adventure",6.4,278166,124,30112122,23074748,Stephen Herek,Hailey DeDomonicis,"Lindsay Lohan,Ian Harding,Tim Meadows,Jon Rudnitsky,Henry Czerny,Judy Reyes,Chris Parnell,Kristin Chenoweth",Netflix,PG-13,English,United States,"'Our Little Secret' (2024) is a feature film directed by Stephen Herek, starring Lindsay Lohan,Ian Harding,Tim Meadows,Jon Rudnitsky,Henry Czerny,Judy Reyes,Chris Parnell,Kristin Chenoweth, produced by Netflix.",https://en.wikipedia.org/wiki/Our_Little_Secret_(film),https://images.unsplash.com/photo-1489599849927-2ee91cede3ba?w=500&auto=format&fit=crop&q=60
Sweethearts,2024,November,28,"Action, Adventure, Drama, History",8.3,190009,131,28635603,22090402,,Dan Brier,"Jordan Weiss, Kiernan Shipka,Nico Hiraga,Caleb Hearon,Tramell Tillman,Charlie Hall, Ava DeMary,Joel Kim Booster,Christine Taylor",Max/Warner Bros. Pictures/New Line Cinema,PG-13,English,United States,"'Sweethearts' (2024) is a feature film directed by acclaimed filmmakers, starring Jordan Weiss, Kiernan Shipka,Nico Hiraga,Caleb Hearon,Tramell Tillman,Charlie Hall, Ava DeMary,Joel Kim Booster,Christine Taylor, produced by Max/Warner Bros. Pictures/New Line Cinema.",https://en.wikipedia.org/wiki/Sweethearts_(2024_film),https://images.unsplash.com/photo-1489599849927-2ee91cede3ba?w=500&auto=format&fit=crop&q=60
Nutcrackers,2024,November,29,"Crime, Drama",7.3,188019,121,28602273,22068182,David Gordon Green,Leland Douglas,"Ben Stiller,Linda Cardellini,Edi Patterson,Tim Heidecker,Toby Huss",Hulu/Rough House Pictures,PG-13,English,United States,"'Nutcrackers' (2024) is a feature film directed by David Gordon Green, starring Ben Stiller,Linda Cardellini,Edi Patterson,Tim Heidecker,Toby Huss, produced by Hulu/Rough House Pictures.",https://en.wikipedia.org/wiki/Nutcrackers_(film),https://images.unsplash.com/photo-1489599849927-2ee91cede3ba?w=500&auto=format&fit=crop&q=60
Y2K,2024,December,6,Comedy,8.7,450362,153,25459254,19972836,,Evan Winter,"Kyle Mooney, Jaeden Martell,Rachel Zegler,Julian Dennison,The Kid Laroi,Lachlan Watson,Daniel Zolghadri,Mason Gooding, Lauren Balone,Eduardo Franco,Fred Durst,Alicia Silverstone",A24,PG-13,English,United States,"'Y2K' (2024) is a feature film directed by acclaimed filmmakers, starring Kyle Mooney, Jaeden Martell,Rachel Zegler,Julian Dennison,The Kid Laroi,Lachlan Watson,Daniel Zolghadri,Mason Gooding, Lauren Balone,Eduardo Franco,Fred Durst,Alicia Silverstone, produced by A24.",https://en.wikipedia.org/wiki/Y2K_(2024_film),https://images.unsplash.com/photo-1489599849927-2ee91cede3ba?w=500&auto=format&fit=crop&q=60
The Order,2024,December,,"Romance, Drama",7.5,122747,93,27509049,21339366,Justin Kurzel,Zach Baylin,"Jude Law,Nicholas Hoult,Tye Sheridan,Jurnee Smollett,Alison Oliver,Marc Maron",Vertical/AGC Studios,PG-13,English,United States,"'The Order' (2024) is a feature film directed by Justin Kurzel, starring Jude Law,Nicholas Hoult,Tye Sheridan,Jurnee Smollett,Alison Oliver,Marc Maron, produced by Vertical/AGC Studios.",https://en.wikipedia.org/wiki/The_Order_(2024_film),https://images.unsplash.com/photo-1489599849927-2ee91cede3ba?w=500&auto=format&fit=crop&q=60
Werewolves,2024,December,,"Sci-Fi, Adventure",9.0,171701,114,28328967,21885978,Steven C. Miller,Matthew Kennedy,"Frank Grillo,Katrina Law,Ilfenesh Hadera, James Michael Cummings,Lou Diamond Phillips",Briarcliff Entertainment,PG-13,English,United States,"'Werewolves' (2024) is a feature film directed by Steven C. Miller, starring Frank Grillo,Katrina Law,Ilfenesh Hadera, James Michael Cummings,Lou Diamond Phillips, produced by Briarcliff Entertainment.",https://en.wikipedia.org/wiki/Werewolves_(film),https://images.unsplash.com/photo-1489599849927-2ee91cede3ba?w=500&auto=format&fit=crop&q=60
The Return,2024,December,,"Action, Adventure, Drama, History",7.5,149015,150,27949005,21632670,,"John Collee,Edward Bond","Uberto Pasolini, Ralph Fiennes,Juliette Binoche,Charlie Plummer",Bleecker Street/HanWay Films/Rai Cinema,PG-13,English,United States,"'The Return' (2024) is a feature film directed by acclaimed filmmakers, starring Uberto Pasolini, Ralph Fiennes,Juliette Binoche,Charlie Plummer, produced by Bleecker Street/HanWay Films/Rai Cinema.",https://en.wikipedia.org/wiki/The_Return_(2024_film),https://images.unsplash.com/photo-1489599849927-2ee91cede3ba?w=500&auto=format&fit=crop&q=60
Mary,2024,December,,Drama,8.4,39167,123,26109189,20406126,D. J. Caruso,Timothy Michael Hayes,"Noa Cohen,Ido Tako,Anthony Hopkins",Netflix,PG-13,English,United States,"'Mary' (2024) is a feature film directed by D. J. Caruso, starring Noa Cohen,Ido Tako,Anthony Hopkins, produced by Netflix.",https://en.wikipedia.org/wiki/Mary_(2024_film),https://images.unsplash.com/photo-1489599849927-2ee91cede3ba?w=500&auto=format&fit=crop&q=60
Jenni,2024,December,,Drama,7.6,57276,139,26412492,20608328,Gigi Saul Guerrero,"Shane McKenzie,Kate Lanier","Annie Gonzalez, Manuel Uriza, Cinthya Carmona, Jero Medina, Miguel Ángel, Gabriela Reynoso,J. R. Villarreal",Vix,PG-13,English,United States,"'Jenni' (2024) is a feature film directed by Gigi Saul Guerrero, starring Annie Gonzalez, Manuel Uriza, Cinthya Carmona, Jero Medina, Miguel Ángel, Gabriela Reynoso,J. R. Villarreal, produced by Vix.",https://en.wikipedia.org/wiki/Jenni,https://images.unsplash.com/photo-1489599849927-2ee91cede3ba?w=500&auto=format&fit=crop&q=60
Kraven the Hunter,2024,December,13,"Action, Sci-Fi, Superhero",8.4,282146,144,30178782,23119188,J. C. Chandor,"Richard Wenk,Art Marcum, Matt Holloway","Aaron Taylor-Johnson,Ariana DeBose,Fred Hechinger,Alessandro Nivola,Christopher Abbott,Russell Crowe",Columbia Pictures/Marvel Entertainment/Arad Productions,PG-13,English,United States,"'Kraven the Hunter' (2024) is a feature film directed by J. C. Chandor, starring Aaron Taylor-Johnson,Ariana DeBose,Fred Hechinger,Alessandro Nivola,Christopher Abbott,Russell Crowe, produced by Columbia Pictures/Marvel Entertainment/Arad Productions.",https://en.wikipedia.org/wiki/Kraven_the_Hunter_(film),https://images.unsplash.com/photo-1489599849927-2ee91cede3ba?w=500&auto=format&fit=crop&q=60
The Lord of the Rings: The War of the Rohirrim,2024,December,,"Animation, Family, Adventure",6.2,313726,164,38244642,28496428,Kenji Kamiyama,"Jeffrey Addis, Will Matthews, Phoebe Gittins, Arty Papageorgiou","Brian Cox, Gaia Wise,Luke Pasqualino,Miranda Otto, Laurence Ubong Williams,Shaun Dooley",Warner Bros. Pictures/New Line Cinema/Warner Bros. Animation/WingNut Films/Sola Entertainment,PG-13,English,United States,"'The Lord of the Rings: The War of the Rohirrim' (2024) is a feature film directed by Kenji Kamiyama, starring Brian Cox, Gaia Wise,Luke Pasqualino,Miranda Otto, Laurence Ubong Williams,Shaun Dooley, produced by Warner Bros. Pictures/New Line Cinema/Warner Bros. Animation/WingNut Films/Sola Entertainment.",https://en.wikipedia.org/wiki/The_Lord_of_the_Rings:_The_War_of_the_Rohirrim,https://images.unsplash.com/photo-1489599849927-2ee91cede3ba?w=500&auto=format&fit=crop&q=60
Carry-On,2024,December,,"Animation, Family, Adventure",9.2,106429,161,27235743,21157162,Jaume Collet-Serra,T.J. Fixman,"Taron Egerton,Sofia Carson,Danielle Deadwyler,Jason Bateman",Netflix/DreamWorks Pictures,PG-13,English,United States,"'Carry-On' (2024) is a feature film directed by Jaume Collet-Serra, starring Taron Egerton,Sofia Carson,Danielle Deadwyler,Jason Bateman, produced by Netflix/DreamWorks Pictures.",https://en.wikipedia.org/wiki/Carry-On,https://images.unsplash.com/photo-1489599849927-2ee91cede3ba?w=500&auto=format&fit=crop&q=60
The Day the Earth Blew Up: A Looney Tunes Movie,2024,December,,"Animation, Family, Adventure",7.9,317109,106,38301303,28534202,,"Darrick Bachman, Kevin Costello, Andrew Dickman, David Gemmill, Alex Kirwan, Ryan Kramer, Jason Reicher, Michael Ruocco,Johnny Ryan, Eddie Trigueros","Pete Browngardt, Eric Bauza,Candi Milo,Peter MacNicol,Fred Tatasciore,Laraine Newman",Ketchup Entertainment/Warner Bros. Animation,PG-13,English,United States,"'The Day the Earth Blew Up: A Looney Tunes Movie' (2024) is a feature film directed by acclaimed filmmakers, starring Pete Browngardt, Eric Bauza,Candi Milo,Peter MacNicol,Fred Tatasciore,Laraine Newman, produced by Ketchup Entertainment/Warner Bros. Animation.",https://en.wikipedia.org/wiki/The_Day_the_Earth_Blew_Up:_A_Looney_Tunes_Movie,https://images.unsplash.com/photo-1489599849927-2ee91cede3ba?w=500&auto=format&fit=crop&q=60
September 5,2024,December,,Drama,6.8,160756,134,28145652,21763768,,Moritz Binder,"Tim Fehlbaum, Peter Sarsgaard,John Magaro,Ben Chaplin,Leonie Benesch",Paramount Pictures/Republic Pictures/Constantin Film,PG-13,English,United States,"'September 5' (2024) is a feature film directed by acclaimed filmmakers, starring Tim Fehlbaum, Peter Sarsgaard,John Magaro,Ben Chaplin,Leonie Benesch, produced by Paramount Pictures/Republic Pictures/Constantin Film.",https://en.wikipedia.org/wiki/September_5_(film),https://images.unsplash.com/photo-1489599849927-2ee91cede3ba?w=500&auto=format&fit=crop&q=60
Nickel Boys,2024,December,,"Sci-Fi, Adventure",9.1,165333,157,28222311,21814874,,Joslyn Barnes,"RaMell Ross, Ethan Herisse,Brandon Wilson,Aunjanue Ellis-Taylor,Hamish Linklater,Fred Hechinger,Daveed Diggs",Orion Pictures/Plan B Entertainment/Louverture Films/Anonymous Content,PG-13,English,United States,"'Nickel Boys' (2024) is a feature film directed by acclaimed filmmakers, starring RaMell Ross, Ethan Herisse,Brandon Wilson,Aunjanue Ellis-Taylor,Hamish Linklater,Fred Hechinger,Daveed Diggs, produced by Orion Pictures/Plan B Entertainment/Louverture Films/Anonymous Content.",https://en.wikipedia.org/wiki/Nickel_Boys,https://images.unsplash.com/photo-1489599849927-2ee91cede3ba?w=500&auto=format&fit=crop&q=60
The Last Showgirl,2024,December,,"Action, Adventure, Drama, History",9.1,276972,118,30092124,23061416,Gia Coppola,Kate Gersten,"Pamela Anderson,Jamie Lee Curtis,Dave Bautista,Brenda Song,Kiernan Shipka,Billie Lourd,Jason Schwartzman",Roadside Attractions/Utopia/Pinky Promise,PG-13,English,United States,"'The Last Showgirl' (2024) is a feature film directed by Gia Coppola, starring Pamela Anderson,Jamie Lee Curtis,Dave Bautista,Brenda Song,Kiernan Shipka,Billie Lourd,Jason Schwartzman, produced by Roadside Attractions/Utopia/Pinky Promise.",https://en.wikipedia.org/wiki/The_Last_Showgirl,https://images.unsplash.com/photo-1489599849927-2ee91cede3ba?w=500&auto=format&fit=crop&q=60
Dirty Angels,2024,December,,"Mystery, Thriller",7.4,188218,122,42676010,11926588,,"Yariv Lerner, Robert Van Norden","Martin Campbell, Eva Green,Ruby Rose,Maria Bakalova,Rona-Lee Shimon,Jonica T. Gibbs,Emily Bruni,Christopher Backus",Lionsgate/Millennium Media/Nu Boyana Film Studios,R,English,United States,"'Dirty Angels' (2024) is a feature film directed by acclaimed filmmakers, starring Martin Campbell, Eva Green,Ruby Rose,Maria Bakalova,Rona-Lee Shimon,Jonica T. Gibbs,Emily Bruni,Christopher Backus, produced by Lionsgate/Millennium Media/Nu Boyana Film Studios.",https://en.wikipedia.org/wiki/Dirty_Angels,https://images.unsplash.com/photo-1489599849927-2ee91cede3ba?w=500&auto=format&fit=crop&q=60
Sonic the Hedgehog 3,2024,December,20,"Animation, Family, Comedy",6.0,310205,135,30648735,23432490,Jeff Fowler,"Patrick Casey,Josh Miller,John Whittington","Jim Carrey,Ben Schwartz,Krysten Ritter,Natasha Rothwell,Shemar Moore,Lee Majdoub,Colleen O'Shaughnessey,James Marsden,Tika Sumpter,Idris Elba,Keanu Reeves",Paramount Pictures/Sega Sammy Group/Original Film/Marza Animation Planet/Blur Studio,PG-13,English,United States,"'Sonic the Hedgehog 3' (2024) is a feature film directed by Jeff Fowler, starring Jim Carrey,Ben Schwartz,Krysten Ritter,Natasha Rothwell,Shemar Moore,Lee Majdoub,Colleen O'Shaughnessey,James Marsden,Tika Sumpter,Idris Elba,Keanu Reeves, produced by Paramount Pictures/Sega Sammy Group/Original Film/Marza Animation Planet/Blur Studio.",https://en.wikipedia.org/wiki/Sonic_the_Hedgehog_3_(film),https://images.unsplash.com/photo-1489599849927-2ee91cede3ba?w=500&auto=format&fit=crop&q=60
Mufasa: The Lion King,2024,December,,"Animation, Family, Adventure",6.6,324533,132,497738115,166709307,Barry Jenkins,Jeff Nathanson,"Aaron Pierre,Kelvin Harrison Jr.,John Kani,Seth Rogen,Billy Eichner,Tiffany Boone,Donald Glover,Mads Mikkelsen,Thandiwe Newton,Lennie James,Anika Noni Rose,Blue Ivy Carter,Beyoncé Knowles-Carter",Walt Disney Pictures,PG-13,English,United States,"'Mufasa: The Lion King' (2024) is a feature film directed by Barry Jenkins, starring Aaron Pierre,Kelvin Harrison Jr.,John Kani,Seth Rogen,Billy Eichner,Tiffany Boone,Donald Glover,Mads Mikkelsen,Thandiwe Newton,Lennie James,Anika Noni Rose,Blue Ivy Carter,Beyoncé Knowles-Carter, produced by Walt Disney Pictures.",https://en.wikipedia.org/wiki/Mufasa:_The_Lion_King,https://images.unsplash.com/photo-1489599849927-2ee91cede3ba?w=500&auto=format&fit=crop&q=60
The Brutalist,2024,December,,"Action, Adventure, Drama, History",9.2,211501,164,28995567,22330378,,Mona Fastvold,"Brady Corbet, Adrien Brody,Felicity Jones,Guy Pearce,Joe Alwyn,Raffey Cassidy,Stacy Martin,Emma Laird,Isaach de Bankolé,Alessandro Nivola",A24/Brookstreet Pictures,PG-13,English,United States,"'The Brutalist' (2024) is a feature film directed by acclaimed filmmakers, starring Brady Corbet, Adrien Brody,Felicity Jones,Guy Pearce,Joe Alwyn,Raffey Cassidy,Stacy Martin,Emma Laird,Isaach de Bankolé,Alessandro Nivola, produced by A24/Brookstreet Pictures.",https://en.wikipedia.org/wiki/The_Brutalist,https://images.unsplash.com/photo-1489599849927-2ee91cede3ba?w=500&auto=format&fit=crop&q=60
Homestead,2024,December,,"Action, Adventure, Drama, History",6.9,141254,111,27819018,21546012,Ben Smallbone,"Phillip Abraham, Leah Bateman,Jason Ross","Neal McDonough,Dawn Olivieri,Currie Graham,Susan Misner,Bailey Chase,Jesse Hutch",Angel Studios,PG-13,English,United States,"'Homestead' (2024) is a feature film directed by Ben Smallbone, starring Neal McDonough,Dawn Olivieri,Currie Graham,Susan Misner,Bailey Chase,Jesse Hutch, produced by Angel Studios.",https://en.wikipedia.org/wiki/Homestead_(film),https://images.unsplash.com/photo-1489599849927-2ee91cede3ba?w=500&auto=format&fit=crop&q=60
Better Man,2024,December,,Drama,7.7,142846,119,27845682,21563788,,"Simon Gleeson, Oliver Cole","Michael Gracey, Robbie Williams,Jonno Davies,Steve Pemberton,Alison Steadman",Paramount Pictures,PG-13,English,United States,"'Better Man' (2024) is a feature film directed by acclaimed filmmakers, starring Michael Gracey, Robbie Williams,Jonno Davies,Steve Pemberton,Alison Steadman, produced by Paramount Pictures.",https://en.wikipedia.org/wiki/Better_Man_(film),https://images.unsplash.com/photo-1489599849927-2ee91cede3ba?w=500&auto=format&fit=crop&q=60
A Complete Unknown,2024,December,,"Action, Adventure, Drama, History",6.1,297270,145,30432090,23288060,,Jay Cocks,"James Mangold, Timothée Chalamet,Edward Norton,Elle Fanning,Monica Barbaro,Boyd Holbrook,Dan Fogler,Norbert Leo Butz,Eriko Hatsune,Big Bill Morganfield,Will Harrison,Scoot McNairy",Searchlight Pictures/Veritas Entertainment/The Picture Company,PG-13,English,United States,"'A Complete Unknown' (2024) is a feature film directed by acclaimed filmmakers, starring James Mangold, Timothée Chalamet,Edward Norton,Elle Fanning,Monica Barbaro,Boyd Holbrook,Dan Fogler,Norbert Leo Butz,Eriko Hatsune,Big Bill Morganfield,Will Harrison,Scoot McNairy, produced by Searchlight Pictures/Veritas Entertainment/The Picture Company.",https://en.wikipedia.org/wiki/A_Complete_Unknown,https://images.unsplash.com/photo-1489599849927-2ee91cede3ba?w=500&auto=format&fit=crop&q=60
The Fire Inside,2024,December,,"Crime, Drama",6.5,225829,161,29235543,22490362,Rachel Morrison,Barry Jenkins,"Ryan Destiny,Brian Tyree Henry",Metro-Goldwyn-Mayer,PG-13,English,United States,"'The Fire Inside' (2024) is a feature film directed by Rachel Morrison, starring Ryan Destiny,Brian Tyree Henry, produced by Metro-Goldwyn-Mayer.",https://en.wikipedia.org/wiki/The_Fire_Inside_(film),https://images.unsplash.com/photo-1489599849927-2ee91cede3ba?w=500&auto=format&fit=crop&q=60
The Damned,2025,January,5,"Horror, Mystery, Thriller",8.7,138269,96,41281705,11616854,Thordur Palsson,Jamie Hannigan,"Odessa Young,Joe Cole,Siobhan Finneran,Rory McCann,Turlough Convery,Lewis Gribben,Francis Magee",Vertical/Ley Line Entertainment,R,English,United States,"'The Damned' (2025) is a feature film directed by Thordur Palsson, starring Odessa Young,Joe Cole,Siobhan Finneran,Rory McCann,Turlough Convery,Lewis Gribben,Francis Magee, produced by Vertical/Ley Line Entertainment.",https://en.wikipedia.org/wiki/The_Damned_(2024_Palsson_film),https://images.unsplash.com/photo-1489599849927-2ee91cede3ba?w=500&auto=format&fit=crop&q=60
Man with No Past,2025,January,16,"Action, Adventure, Drama, History",7.4,240754,161,29485518,22657012,James Bamford,Steven Paul,"Adam Woodward,Marton Csokas, Charlotte Weston,Philip Winchester, Jeff Alexander,Jon Voight",Paramount Pictures,PG-13,English,United States,"'Man with No Past' (2025) is a feature film directed by James Bamford, starring Adam Woodward,Marton Csokas, Charlotte Weston,Philip Winchester, Jeff Alexander,Jon Voight, produced by Paramount Pictures.",https://en.wikipedia.org/wiki/Man_with_No_Past,https://images.unsplash.com/photo-1489599849927-2ee91cede3ba?w=500&auto=format&fit=crop&q=60
One of Them Days,2025,January,19,"Musical, Drama",8.4,236177,138,29408859,22605906,Lawrence Lamont,Syreeta Singleton,"Keke Palmer,SZA,Maude Apatow,Lil Rel Howery,Janelle James,Katt Williams",TriStar Pictures/Hoorae Media,PG-13,English,United States,"'One of Them Days' (2025) is a feature film directed by Lawrence Lamont, starring Keke Palmer,SZA,Maude Apatow,Lil Rel Howery,Janelle James,Katt Williams, produced by TriStar Pictures/Hoorae Media.",https://en.wikipedia.org/wiki/One_of_Them_Days,https://images.unsplash.com/photo-1489599849927-2ee91cede3ba?w=500&auto=format&fit=crop&q=60
Wolf Man,2025,January,,"Horror, Mystery, Thriller",7.0,102051,139,40270695,11392266,,Corbett Tuck,"Leigh Whannell, Christopher Abbott,Julia Garner,Matilda Firth,Sam Jaeger",Universal Pictures/Blumhouse Productions,R,English,United States,"'Wolf Man' (2025) is a feature film directed by acclaimed filmmakers, starring Leigh Whannell, Christopher Abbott,Julia Garner,Matilda Firth,Sam Jaeger, produced by Universal Pictures/Blumhouse Productions.",https://en.wikipedia.org/wiki/Wolf_Man_(2025_film),https://images.unsplash.com/photo-1489599849927-2ee91cede3ba?w=500&auto=format&fit=crop&q=60
Back in Action,2025,January,,"Action, Adventure, Drama, History",7.2,207521,144,28928907,22285938,,Brendan O'Brien,"Seth Gordon, Cameron Diaz,Jamie Foxx,Andrew Scott,Jamie Demetriou,Kyle Chandler,Glenn Close",Netflix/Chernin Entertainment,PG-13,English,United States,"'Back in Action' (2025) is a feature film directed by acclaimed filmmakers, starring Seth Gordon, Cameron Diaz,Jamie Foxx,Andrew Scott,Jamie Demetriou,Kyle Chandler,Glenn Close, produced by Netflix/Chernin Entertainment.",https://en.wikipedia.org/wiki/Back_in_Action_(2025_film),https://images.unsplash.com/photo-1489599849927-2ee91cede3ba?w=500&auto=format&fit=crop&q=60
Alarum,2025,January,,Drama,8.8,79365,100,26782455,20854970,Michael Polish,Alexander Vesha,"Scott Eastwood,Sylvester Stallone,Willa Fitzgerald,Mike Colter,Ísis Valverde,D. W. Moffett",Lionsgate,PG-13,English,United States,"'Alarum' (2025) is a feature film directed by Michael Polish, starring Scott Eastwood,Sylvester Stallone,Willa Fitzgerald,Mike Colter,Ísis Valverde,D. W. Moffett, produced by Lionsgate.",https://en.wikipedia.org/wiki/Alarum_(film),https://images.unsplash.com/photo-1489599849927-2ee91cede3ba?w=500&auto=format&fit=crop&q=60
Henry Danger: The Movie,2025,January,,Drama,9.2,369109,131,31635303,24090202,Joe Menendez,"Jake Farrow, Christopher J. Nowak","Jace Norman,Sean Ryan Fox,Ella Anderson,Michael D. Cohen,Frankie Grande, Glee Dango",Paramount+/Nickelodeon Productions/Awesomeness Films,PG-13,English,United States,"'Henry Danger: The Movie' (2025) is a feature film directed by Joe Menendez, starring Jace Norman,Sean Ryan Fox,Ella Anderson,Michael D. Cohen,Frankie Grande, Glee Dango, produced by Paramount+/Nickelodeon Productions/Awesomeness Films.",https://en.wikipedia.org/wiki/Henry_Danger:_The_Movie,https://images.unsplash.com/photo-1489599849927-2ee91cede3ba?w=500&auto=format&fit=crop&q=60
Wish You Were Here,2025,January,,"Sci-Fi, Adventure",7.0,279360,130,30132120,23088080,,Renée Carlino,"Julia Stiles, Isabelle Fuhrman,Mena Massoud,Jimmie Fails,Kelsey Grammer,Jennifer Grey,Antonique Smith,Jordan Gavaris",Lionsgate,PG-13,English,United States,"'Wish You Were Here' (2025) is a feature film directed by acclaimed filmmakers, starring Julia Stiles, Isabelle Fuhrman,Mena Massoud,Jimmie Fails,Kelsey Grammer,Jennifer Grey,Antonique Smith,Jordan Gavaris, produced by Lionsgate.",https://en.wikipedia.org/wiki/Wish_You_Were_Here_(2025_film),https://images.unsplash.com/photo-1489599849927-2ee91cede3ba?w=500&auto=format&fit=crop&q=60
Werewolf Game,2025,January,23,"Horror, Mystery, Thriller",7.1,207322,143,43209290,12045052,"Jackie Payne, Cara Brennan",Jackie Payne,"Tony Todd,Lydia Hearst,Bai Ling,Robert Picardo",Different Duck Films,R,English,United States,"'Werewolf Game' (2025) is a feature film directed by Jackie Payne, Cara Brennan, starring Tony Todd,Lydia Hearst,Bai Ling,Robert Picardo, produced by Different Duck Films.",https://en.wikipedia.org/wiki/Werewolf_Game,https://images.unsplash.com/photo-1489599849927-2ee91cede3ba?w=500&auto=format&fit=crop&q=60
Marked Men: Rule + Shaw,2025,January,24,"Action, Adventure, Drama, History",8.2,340851,139,31162017,23774678,Nick Cassavetes,Sharon Soboil,"Chase Stokes,Sydney Taylor, Hannah Kepple,Alexander Ludwig,Natalie Alyn Lind,Inanna Sarkis,Tonya Cornelisse",Voltage Pictures,PG-13,English,United States,"'Marked Men: Rule + Shaw' (2025) is a feature film directed by Nick Cassavetes, starring Chase Stokes,Sydney Taylor, Hannah Kepple,Alexander Ludwig,Natalie Alyn Lind,Inanna Sarkis,Tonya Cornelisse, produced by Voltage Pictures.",https://en.wikipedia.org/wiki/Marked_Men:_Rule_+_Shaw,https://images.unsplash.com/photo-1489599849927-2ee91cede3ba?w=500&auto=format&fit=crop&q=60
Flight Risk,2025,January,26,"Sci-Fi, Adventure",6.3,166328,162,28238976,21825984,Mel Gibson,Jared Rosenberg,"Mark Wahlberg,Michelle Dockery,Topher Grace",Lionsgate/Davis Entertainment/Icon Productions,PG-13,English,United States,"'Flight Risk' (2025) is a feature film directed by Mel Gibson, starring Mark Wahlberg,Michelle Dockery,Topher Grace, produced by Lionsgate/Davis Entertainment/Icon Productions.",https://en.wikipedia.org/wiki/Flight_Risk_(film),https://images.unsplash.com/photo-1489599849927-2ee91cede3ba?w=500&auto=format&fit=crop&q=60
Presence,2025,January,,"Comedy, Drama",6.8,121354,161,27485718,21323812,Steven Soderbergh,David Koepp,"Lucy Liu,Chris Sullivan,Callina Liang, Eddy Maday, West Mulholland,Julia Fox",Neon/Sugar23,PG-13,English,United States,"'Presence' (2025) is a feature film directed by Steven Soderbergh, starring Lucy Liu,Chris Sullivan,Callina Liang, Eddy Maday, West Mulholland,Julia Fox, produced by Neon/Sugar23.",https://en.wikipedia.org/wiki/Presence_(2024_film),https://images.unsplash.com/photo-1489599849927-2ee91cede3ba?w=500&auto=format&fit=crop&q=60
Star Trek: Section 31,2025,January,,"Sci-Fi, Adventure",8.5,315180,160,30732060,23488040,Olatunde Osunsanmi,Craig Sweeny,"Michelle Yeoh,Omari Hardwick,Kacey Rohl,Sam Richardson,Sven Ruygrok,Robert Kazinsky,Humberly González,James Hiroyuki Liao",Paramount+/Secret Hideout/Roddenberry Entertainment/CBS Studios,PG-13,English,United States,"'Star Trek: Section 31' (2025) is a feature film directed by Olatunde Osunsanmi, starring Michelle Yeoh,Omari Hardwick,Kacey Rohl,Sam Richardson,Sven Ruygrok,Robert Kazinsky,Humberly González,James Hiroyuki Liao, produced by Paramount+/Secret Hideout/Roddenberry Entertainment/CBS Studios.",https://en.wikipedia.org/wiki/Star_Trek:_Section_31,https://images.unsplash.com/photo-1489599849927-2ee91cede3ba?w=500&auto=format&fit=crop&q=60
Inheritance,2025,January,,Drama,8.0,182845,95,28515615,22010410,,Olen Steinhauer,"Neil Burger, Phoebe Dynevor,Rhys Ifans,Ciara Baxendale,Kersti Bryan",IFC Films/Miramax,PG-13,English,United States,"'Inheritance' (2025) is a feature film directed by acclaimed filmmakers, starring Neil Burger, Phoebe Dynevor,Rhys Ifans,Ciara Baxendale,Kersti Bryan, produced by IFC Films/Miramax.",https://en.wikipedia.org/wiki/Inheritance_(2025_film),https://images.unsplash.com/photo-1489599849927-2ee91cede3ba?w=500&auto=format&fit=crop&q=60
Brave the Dark,2025,January,,"Crime, Drama",8.5,210108,157,28972236,22314824,,"Dale G. Bradley, Lynn Robertson-Hay, Nathaniel Deen, John P. Spencer","Damian Harris, Jared Harris,Nicholas Hamilton,Jamie Harris",Angel Studios,PG-13,English,United States,"'Brave the Dark' (2025) is a feature film directed by acclaimed filmmakers, starring Damian Harris, Jared Harris,Nicholas Hamilton,Jamie Harris, produced by Angel Studios.",https://en.wikipedia.org/wiki/Brave_the_Dark,https://images.unsplash.com/photo-1489599849927-2ee91cede3ba?w=500&auto=format&fit=crop&q=60
Into the Deep,2025,January,,"Crime, Drama",6.1,192198,142,28672266,22114844,Christian Sesma,"Chad Law, Josh Ridgway","Richard Dreyfuss,Scout Taylor-Compton,Jon Seda,Stuart Townsend",Saban Capital Group,PG-13,English,United States,"'Into the Deep' (2025) is a feature film directed by Christian Sesma, starring Richard Dreyfuss,Scout Taylor-Compton,Jon Seda,Stuart Townsend, produced by Saban Capital Group.",https://en.wikipedia.org/wiki/Into_the_Deep_(2025_film),https://images.unsplash.com/photo-1489599849927-2ee91cede3ba?w=500&auto=format&fit=crop&q=60
Bau: Artist at War,2025,January,,"Action, Adventure, Drama, History",6.4,271599,91,30002133,23001422,Sean McNamara,"Deborah Smerecnik,Ronald Bass, Sonia Kifferstein","Emile Hirsch,Inbar Lavi,Josh Zuckerman, Brittany Mitchell,Adam Tsekhman,Eugene Lipinski,Michael Benyaer, Josh Blacker, Yan Tual",Showbiz Direct /Republic Pictures,PG-13,English,United States,"'Bau: Artist at War' (2025) is a feature film directed by Sean McNamara, starring Emile Hirsch,Inbar Lavi,Josh Zuckerman, Brittany Mitchell,Adam Tsekhman,Eugene Lipinski,Michael Benyaer, Josh Blacker, Yan Tual, produced by Showbiz Direct /Republic Pictures.",https://en.wikipedia.org/wiki/Bau:_Artist_at_War,https://images.unsplash.com/photo-1489599849927-2ee91cede3ba?w=500&auto=format&fit=crop&q=60
Valiant One,2025,January,,"Action, Adventure, Drama, History",9.0,165134,156,28218978,21812652,,Eric Tipton,"Steve Barnett, Chase Stokes,Lana Condor,Desmin Borges,Callan Mulvey,Jonathan Whitesell, Daniel Jun",Briarcliff Entertainment/Brightlight Pictures,PG-13,English,United States,"'Valiant One' (2025) is a feature film directed by acclaimed filmmakers, starring Steve Barnett, Chase Stokes,Lana Condor,Desmin Borges,Callan Mulvey,Jonathan Whitesell, Daniel Jun, produced by Briarcliff Entertainment/Brightlight Pictures.",https://en.wikipedia.org/wiki/Valiant_One,https://images.unsplash.com/photo-1489599849927-2ee91cede3ba?w=500&auto=format&fit=crop&q=60
Green and Gold,2025,January,,"Sci-Fi, Adventure",7.6,208317,148,28942239,22294826,,"Missy Mareau Garcia, Michael Graf, Steven Shafer","Anders Lindwall, Craig T. Nelson,Brandon Sklenar,M. Emmet Walsh, Madison Lawlor, Annabel Armour",Fathom Events,PG-13,English,United States,"'Green and Gold' (2025) is a feature film directed by acclaimed filmmakers, starring Anders Lindwall, Craig T. Nelson,Brandon Sklenar,M. Emmet Walsh, Madison Lawlor, Annabel Armour, produced by Fathom Events.",https://en.wikipedia.org/wiki/Green_and_Gold,https://images.unsplash.com/photo-1489599849927-2ee91cede3ba?w=500&auto=format&fit=crop&q=60
Good Bad Things,2025,February,6,"Musical, Drama",6.0,224834,156,29218878,22479252,,Danny Kurtzman,"Shane D. Stanger, Jessica Parker Kennedy,Brett Dier, Danny Kurtzman",Music Box Films,PG-13,English,United States,"'Good Bad Things' (2025) is a feature film directed by acclaimed filmmakers, starring Shane D. Stanger, Jessica Parker Kennedy,Brett Dier, Danny Kurtzman, produced by Music Box Films.",https://en.wikipedia.org/wiki/Good_Bad_Things,https://images.unsplash.com/photo-1489599849927-2ee91cede3ba?w=500&auto=format&fit=crop&q=60
Kinda Pregnant,2025,February,7,"Sci-Fi, Adventure",6.9,226625,90,29248875,22499250,Tyler Spindel,Julie Paiva,"Amy Schumer,Jillian Bell,Brianne Howey,Damon Wayans Jr.,Will Forte",Netflix/Happy Madison Productions,PG-13,English,United States,"'Kinda Pregnant' (2025) is a feature film directed by Tyler Spindel, starring Amy Schumer,Jillian Bell,Brianne Howey,Damon Wayans Jr.,Will Forte, produced by Netflix/Happy Madison Productions.",https://en.wikipedia.org/wiki/Kinda_Pregnant,https://images.unsplash.com/photo-1489599849927-2ee91cede3ba?w=500&auto=format&fit=crop&q=60
Heart Eyes,2025,February,9,"Horror, Mystery, Thriller",8.6,144637,128,41459465,11656342,Josh Ruben,"Phillip Murphy,Michael Kennedy,Christopher Landon","Olivia Holt,Mason Gooding,Gigi Zumbado,Michaela Watkins,Jordana Brewster,Devon Sawa",Screen Gems/Spyglass Media Group/Divide/Conquer,R,English,United States,"'Heart Eyes' (2025) is a feature film directed by Josh Ruben, starring Olivia Holt,Mason Gooding,Gigi Zumbado,Michaela Watkins,Jordana Brewster,Devon Sawa, produced by Screen Gems/Spyglass Media Group/Divide/Conquer.",https://en.wikipedia.org/wiki/Heart_Eyes,https://images.unsplash.com/photo-1489599849927-2ee91cede3ba?w=500&auto=format&fit=crop&q=60
Love Hurts,2025,February,,"Romance, Drama",8.7,151403,162,27989001,21659334,Jonathan Eusebio,"Matthew Murray, Josh Stoddard, Luke Passmore","Ke Huy Quan,Ariana DeBose,Daniel Wu,Marshawn Lynch,Mustafa Shakir,Lio Tipton,Rhys Darby,André Eriksen,Sean Astin",Universal Pictures/87North Productions,PG-13,English,United States,"'Love Hurts' (2025) is a feature film directed by Jonathan Eusebio, starring Ke Huy Quan,Ariana DeBose,Daniel Wu,Marshawn Lynch,Mustafa Shakir,Lio Tipton,Rhys Darby,André Eriksen,Sean Astin, produced by Universal Pictures/87North Productions.",https://en.wikipedia.org/wiki/Love_Hurts_(2025_film),https://images.unsplash.com/photo-1489599849927-2ee91cede3ba?w=500&auto=format&fit=crop&q=60
Jazzy,2025,February,,"Sci-Fi, Adventure",8.0,64639,101,26535813,20690542,,"Lainey Bearkiller Shangreaux, Vanara Taing, Andrew Hajek","Morrisa Maltz, Jasmine Bearkiller Shangreaux, Syriah Foohead Means,Lily Gladstone",Vertical/Duplass Brothers Productions,PG-13,English,United States,"'Jazzy' (2025) is a feature film directed by acclaimed filmmakers, starring Morrisa Maltz, Jasmine Bearkiller Shangreaux, Syriah Foohead Means,Lily Gladstone, produced by Vertical/Duplass Brothers Productions.",https://en.wikipedia.org/wiki/Jazzy_(film),https://images.unsplash.com/photo-1489599849927-2ee91cede3ba?w=500&auto=format&fit=crop&q=60
Renner,2025,February,,"Musical, Drama",6.3,80957,108,26809119,20872746,Robert Rippberger,"Luke Medina, Martin Medina","Frankie Muniz,Violett Beane,Taylor Gray,Marcia Gay Harden",Seismic Releasing / Slated,PG-13,English,United States,"'Renner' (2025) is a feature film directed by Robert Rippberger, starring Frankie Muniz,Violett Beane,Taylor Gray,Marcia Gay Harden, produced by Seismic Releasing / Slated.",https://en.wikipedia.org/wiki/Renner_(film),https://images.unsplash.com/photo-1489599849927-2ee91cede3ba?w=500&auto=format&fit=crop&q=60
When I'm Ready,2025,February,,"Sci-Fi, Adventure",7.2,194387,153,28708929,22139286,Andrew Johnson,Andrew Ortenberg,"Andrew Ortenberg, June Schreiner,Thalia Besson,Lauren Cohan,Dermot Mulroney",Quiver Distribution/Briarcliff Entertainment,PG-13,English,United States,"'When I'm Ready' (2025) is a feature film directed by Andrew Johnson, starring Andrew Ortenberg, June Schreiner,Thalia Besson,Lauren Cohan,Dermot Mulroney, produced by Quiver Distribution/Briarcliff Entertainment.",https://en.wikipedia.org/wiki/When_I'm_Ready,https://images.unsplash.com/photo-1489599849927-2ee91cede3ba?w=500&auto=format&fit=crop&q=60
The Witcher: Sirens of the Deep,2025,February,13,"Horror, Mystery, Thriller",7.7,60598,92,51675110,13925668,Kang Hei Chul,"Mike Ostrowski, Rae Benjamin","Doug Cockle,Joey Batey,Anya Chalotra, Christina Wren",Netflix/Studio Mir/Platige Image,R,English,United States,"'The Witcher: Sirens of the Deep' (2025) is a feature film directed by Kang Hei Chul, starring Doug Cockle,Joey Batey,Anya Chalotra, Christina Wren, produced by Netflix/Studio Mir/Platige Image.",https://en.wikipedia.org/wiki/The_Witcher:_Sirens_of_the_Deep,https://images.unsplash.com/photo-1489599849927-2ee91cede3ba?w=500&auto=format&fit=crop&q=60
Bridget Jones: Mad About the Boy,2025,February,15,Drama,6.8,71941,149,34195047,25796698,Michael Morris,"Helen Fielding,Dan Mazer,Abi Morgan","Renée Zellweger,Chiwetel Ejiofor,Leo Woodall,Jim Broadbent,Isla Fisher,Colin Firth,Hugh Grant",Peacock/Universal Pictures/StudioCanal/Miramax/Working Title Films,PG-13,English,United States,"'Bridget Jones: Mad About the Boy' (2025) is a feature film directed by Michael Morris, starring Renée Zellweger,Chiwetel Ejiofor,Leo Woodall,Jim Broadbent,Isla Fisher,Colin Firth,Hugh Grant, produced by Peacock/Universal Pictures/StudioCanal/Miramax/Working Title Films.",https://en.wikipedia.org/wiki/Bridget_Jones:_Mad_About_the_Boy,https://images.unsplash.com/photo-1489599849927-2ee91cede3ba?w=500&auto=format&fit=crop&q=60
La Dolce Villa,2025,February,,"Sci-Fi, Adventure",7.9,202347,118,28842249,22228166,Mark Waters,"Elizabeth Hackett, Hilary Galanoy","Scott Foley,Maia Reficco,Violante Placido, Giuseppe Futia",Netflix,PG-13,English,United States,"'La Dolce Villa' (2025) is a feature film directed by Mark Waters, starring Scott Foley,Maia Reficco,Violante Placido, Giuseppe Futia, produced by Netflix.",https://en.wikipedia.org/wiki/La_Dolce_Villa,https://images.unsplash.com/photo-1489599849927-2ee91cede3ba?w=500&auto=format&fit=crop&q=60
Captain America: Brave New World,2025,February,16,"Action, Sci-Fi, Superhero",6.2,83881,134,34395027,25930018,,"Rob Edwards,Malcolm Spellman,Dalan Musson, Peter Glanz","Julius Onah, Anthony Mackie,Danny Ramirez,Shira Haas,Carl Lumbly,Xosha Roquemore,Giancarlo Esposito,Liv Tyler,Tim Blake Nelson,Harrison Ford",Marvel Studios,PG-13,English,United States,"'Captain America: Brave New World' (2025) is a feature film directed by acclaimed filmmakers, starring Julius Onah, Anthony Mackie,Danny Ramirez,Shira Haas,Carl Lumbly,Xosha Roquemore,Giancarlo Esposito,Liv Tyler,Tim Blake Nelson,Harrison Ford, produced by Marvel Studios.",https://en.wikipedia.org/wiki/Captain_America:_Brave_New_World,https://images.unsplash.com/photo-1489599849927-2ee91cede3ba?w=500&auto=format&fit=crop&q=60
The Gorge,2025,February,,"Comedy, Drama",6.8,121354,161,27485718,21323812,Scott Derrickson,Zach Dean,"Miles Teller,Anya Taylor-Joy,Sope Dirisu,Sigourney Weaver",Apple TV+/Apple Studios/Skydance Media,PG-13,English,United States,"'The Gorge' (2025) is a feature film directed by Scott Derrickson, starring Miles Teller,Anya Taylor-Joy,Sope Dirisu,Sigourney Weaver, produced by Apple TV+/Apple Studios/Skydance Media.",https://en.wikipedia.org/wiki/The_Gorge_(film),https://images.unsplash.com/photo-1489599849927-2ee91cede3ba?w=500&auto=format&fit=crop&q=60
The Long Game,2025,February,,"Sci-Fi, Adventure",8.1,183044,96,28518948,22012632,,Adam Gierasch,"Jace Anderson, Kathleen Turner,Jackie Earle Haley, Sekai Abenì,Ever Carradine,Chris Mulkey",Vertical,PG-13,English,United States,"'The Long Game' (2025) is a feature film directed by acclaimed filmmakers, starring Jace Anderson, Kathleen Turner,Jackie Earle Haley, Sekai Abenì,Ever Carradine,Chris Mulkey, produced by Vertical.",https://en.wikipedia.org/wiki/The_Long_Game,https://images.unsplash.com/photo-1489599849927-2ee91cede3ba?w=500&auto=format&fit=crop&q=60
The Dead Thing,2025,February,,"Horror, Mystery, Thriller",7.6,201750,115,43053750,12010500,,Webb Wilcoxen,"Elric Kane, Blu Hunt, Ben Smith-Petersen",Shudder,R,English,United States,"'The Dead Thing' (2025) is a feature film directed by acclaimed filmmakers, starring Elric Kane, Blu Hunt, Ben Smith-Petersen, produced by Shudder.",https://en.wikipedia.org/wiki/The_Dead_Thing,https://images.unsplash.com/photo-1489599849927-2ee91cede3ba?w=500&auto=format&fit=crop&q=60
"You, Me & Her",2025,February,,Drama,7.5,149015,150,27949005,21632670,Dan Levy Dagerman,Selina Ringel,"Selina Ringel,Ritesh Rajan,Sydney Park",Attend / Two Hands Productions,PG-13,English,United States,"'You, Me & Her' (2025) is a feature film directed by Dan Levy Dagerman, starring Selina Ringel,Ritesh Rajan,Sydney Park, produced by Attend / Two Hands Productions.","https://en.wikipedia.org/wiki/You,_Me_&_Her",https://images.unsplash.com/photo-1489599849927-2ee91cede3ba?w=500&auto=format&fit=crop&q=60
Old Guy,2025,February,,"Sci-Fi, Adventure",7.3,82947,118,26842449,20894966,Simon West,Greg Johnson,"Christoph Waltz,Lucy Liu,Cooper Hoffman,Desmond Eastwood",The Avenue /Dark Castle Entertainment,PG-13,English,United States,"'Old Guy' (2025) is a feature film directed by Simon West, starring Christoph Waltz,Lucy Liu,Cooper Hoffman,Desmond Eastwood, produced by The Avenue /Dark Castle Entertainment.",https://en.wikipedia.org/wiki/Old_Guy,https://images.unsplash.com/photo-1489599849927-2ee91cede3ba?w=500&auto=format&fit=crop&q=60
Lifeline,2025,February,,"Action, Adventure, Drama, History",8.8,118767,148,27442389,21294926,Feras Alfuqaha,"Brady Morell, Brian Price","Josh Stewart,Judah Lewis, Craig Stark,Charlene Amoia, Luke Benwa,August Maturo, Brecken Merrill",Dark Sky Films,PG-13,English,United States,"'Lifeline' (2025) is a feature film directed by Feras Alfuqaha, starring Josh Stewart,Judah Lewis, Craig Stark,Charlene Amoia, Luke Benwa,August Maturo, Brecken Merrill, produced by Dark Sky Films.",https://en.wikipedia.org/wiki/Lifeline_(2025_film),https://images.unsplash.com/photo-1489599849927-2ee91cede3ba?w=500&auto=format&fit=crop&q=60
Last Breath,2025,February,2,"Sci-Fi, Adventure",8.3,163741,149,28195647,21797098,,"Mitchell LaFortune, David Brooks","Alex Parkinson, Woody Harrelson,Simu Liu,Finn Cole,Cliff Curtis",Focus Features/Dark Castle Entertainment/FilmNation Entertainment,PG-13,English,United States,"'Last Breath' (2025) is a feature film directed by acclaimed filmmakers, starring Alex Parkinson, Woody Harrelson,Simu Liu,Finn Cole,Cliff Curtis, produced by Focus Features/Dark Castle Entertainment/FilmNation Entertainment.",https://en.wikipedia.org/wiki/Last_Breath_(2025_film),https://images.unsplash.com/photo-1489599849927-2ee91cede3ba?w=500&auto=format&fit=crop&q=60
Riff Raff,2025,February,,"Action, Adventure, Drama, History",8.6,118369,146,27435723,21290482,Dito Montiel,John Pollono,"Jennifer Coolidge,Gabrielle Union,Pete Davidson,Ed Harris,Bill Murray",Roadside Attractions/Grindstone Entertainment Group/Signature Films,PG-13,English,United States,"'Riff Raff' (2025) is a feature film directed by Dito Montiel, starring Jennifer Coolidge,Gabrielle Union,Pete Davidson,Ed Harris,Bill Murray, produced by Roadside Attractions/Grindstone Entertainment Group/Signature Films.",https://en.wikipedia.org/wiki/Riff_Raff_(2024_film),https://images.unsplash.com/photo-1489599849927-2ee91cede3ba?w=500&auto=format&fit=crop&q=60
My Dead Friend Zoe,2025,February,,"Sci-Fi, Adventure",8.3,268813,152,29955471,22970314,,A. J. Bermudez,"Kyle Hausmann-Stokes, Sonequa Martin-Green,Natalie Morales,Ed Harris,Morgan Freeman,Gloria Reuben,Utkarsh Ambudkar",Briarcliff Entertainment/Legion M,PG-13,English,United States,"'My Dead Friend Zoe' (2025) is a feature film directed by acclaimed filmmakers, starring Kyle Hausmann-Stokes, Sonequa Martin-Green,Natalie Morales,Ed Harris,Morgan Freeman,Gloria Reuben,Utkarsh Ambudkar, produced by Briarcliff Entertainment/Legion M.",https://en.wikipedia.org/wiki/My_Dead_Friend_Zoe,https://images.unsplash.com/photo-1489599849927-2ee91cede3ba?w=500&auto=format&fit=crop&q=60
Cold Wallet,2025,February,,"Sci-Fi, Adventure",8.4,163940,150,28198980,21799320,Cutter Hodierne,John Hibey,"Raul Castillo,Melonie Diaz,Tony Cavalero,Josh Brener, Zoe Winters",Well Go USA Entertainment,PG-13,English,United States,"'Cold Wallet' (2025) is a feature film directed by Cutter Hodierne, starring Raul Castillo,Melonie Diaz,Tony Cavalero,Josh Brener, Zoe Winters, produced by Well Go USA Entertainment.",https://en.wikipedia.org/wiki/Cold_Wallet,https://images.unsplash.com/photo-1489599849927-2ee91cede3ba?w=500&auto=format&fit=crop&q=60
No Address,2025,February,,"Sci-Fi, Adventure",7.9,143244,121,27852348,21568232,,James J. Papa,"Julia Verdin, William Baldwin,Ashanti,Xander Berkeley,Beverly D'Angelo,Ty Pennington,Lucas Jade Zumann,Kristanna Loken,Patricia Velásquez",Robert Craig Films,PG-13,English,United States,"'No Address' (2025) is a feature film directed by acclaimed filmmakers, starring Julia Verdin, William Baldwin,Ashanti,Xander Berkeley,Beverly D'Angelo,Ty Pennington,Lucas Jade Zumann,Kristanna Loken,Patricia Velásquez, produced by Robert Craig Films.",https://en.wikipedia.org/wiki/No_Address_(film),https://images.unsplash.com/photo-1489599849927-2ee91cede3ba?w=500&auto=format&fit=crop&q=60
The Accidental Getaway Driver,2025,February,,"Musical, Drama",6.0,50648,117,33838416,25558944,,Christopher Chen,"Sing J. Lee, Hiep Tran Nghia,Dustin Nguyen,Dali Benssalah, Phi Vu, Gabrielle Chan",Utopia/Thunder Road Films,PG-13,English,United States,"'The Accidental Getaway Driver' (2025) is a feature film directed by acclaimed filmmakers, starring Sing J. Lee, Hiep Tran Nghia,Dustin Nguyen,Dali Benssalah, Phi Vu, Gabrielle Chan, produced by Utopia/Thunder Road Films.",https://en.wikipedia.org/wiki/The_Accidental_Getaway_Driver,https://images.unsplash.com/photo-1489599849927-2ee91cede3ba?w=500&auto=format&fit=crop&q=60
The Electric State,2025,March,,"Sci-Fi, Adventure",6.6,291698,117,30338766,23225844,"Anthony Russo, Joe Russo","Christopher Markus, Stephen McFeely","Millie Bobby Brown,Chris Pratt,Ke Huy Quan,Jason Alexander,Woody Norman,Giancarlo Esposito,Stanley Tucci,Woody Harrelson,Anthony Mackie,Brian Cox,Jenny Slate",Netflix/AGBO/Skybound Entertainment,PG-13,English,United States,"'The Electric State' (2025) is a feature film directed by Anthony Russo, Joe Russo, starring Millie Bobby Brown,Chris Pratt,Ke Huy Quan,Jason Alexander,Woody Norman,Giancarlo Esposito,Stanley Tucci,Woody Harrelson,Anthony Mackie,Brian Cox,Jenny Slate, produced by Netflix/AGBO/Skybound Entertainment.",https://en.wikipedia.org/wiki/The_Electric_State_(film),https://images.unsplash.com/photo-1489599849927-2ee91cede3ba?w=500&auto=format&fit=crop&q=60
In the Lost Lands,2025,March,,"Sci-Fi, Adventure",7.0,259659,106,29802153,22868102,,Constantin Werner,"Paul W. S. Anderson, Milla Jovovich,Dave Bautista,Arly Jover,Amara Okereke",Vertical/Constantin Film/FilmNation Entertainment,PG-13,English,United States,"'In the Lost Lands' (2025) is a feature film directed by acclaimed filmmakers, starring Paul W. S. Anderson, Milla Jovovich,Dave Bautista,Arly Jover,Amara Okereke, produced by Vertical/Constantin Film/FilmNation Entertainment.",https://en.wikipedia.org/wiki/In_the_Lost_Lands,https://images.unsplash.com/photo-1489599849927-2ee91cede3ba?w=500&auto=format&fit=crop&q=60
Plankton: The Movie,2025,March,,"Action, Thriller",8.5,308613,127,30622071,23414714,Dave Needham,"Kaz,Chris Viscardi,Mr. Lawrence","Mr. Lawrence,Jill Talley,Tom Kenny,Bill Fagerbakke,Clancy Brown,Rodger Bumpass,Carolyn Lawrence,Lori Alan,Mary Jo Catlett",Netflix/Nickelodeon Movies,PG-13,English,United States,"'Plankton: The Movie' (2025) is a feature film directed by Dave Needham, starring Mr. Lawrence,Jill Talley,Tom Kenny,Bill Fagerbakke,Clancy Brown,Rodger Bumpass,Carolyn Lawrence,Lori Alan,Mary Jo Catlett, produced by Netflix/Nickelodeon Movies.",https://en.wikipedia.org/wiki/Plankton:_The_Movie,https://images.unsplash.com/photo-1489599849927-2ee91cede3ba?w=500&auto=format&fit=crop&q=60
F*** Marry Kill,2025,March,,"Romance, Drama",6.3,192596,144,28678932,22119288,Laura Murphy,"Ivan Diaz, Dan Scheinkman, Meghan Brown","Lucy Hale,Virginia Gardner,Brooke Nevin",Lionsgate Premiere/BuzzFeed Studios,PG-13,English,United States,"'F*** Marry Kill' (2025) is a feature film directed by Laura Murphy, starring Lucy Hale,Virginia Gardner,Brooke Nevin, produced by Lionsgate Premiere/BuzzFeed Studios.",https://en.wikipedia.org/wiki/F***_Marry_Kill,https://images.unsplash.com/photo-1489599849927-2ee91cede3ba?w=500&auto=format&fit=crop&q=60
Eephus,2025,March,,"Sci-Fi, Adventure",6.3,80957,108,26809119,20872746,,"Michael Basta, Nate Fisher","Carson Lund, Keith William Richards,Frederick Wiseman, Cliff Blake, Ray Hryb,Bill ""Spaceman"" Lee",Music Box Films,PG-13,English,United States,"'Eephus' (2025) is a feature film directed by acclaimed filmmakers, starring Carson Lund, Keith William Richards,Frederick Wiseman, Cliff Blake, Ray Hryb,Bill ""Spaceman"" Lee, produced by Music Box Films.",https://en.wikipedia.org/wiki/Eephus,https://images.unsplash.com/photo-1489599849927-2ee91cede3ba?w=500&auto=format&fit=crop&q=60
Rule Breakers,2025,March,,"Horror, Thriller",7.3,207720,145,43220400,12047520,,"Jason Brown, Elaha Mahboob","Bill Guttentag, Nikohl Boosheri, Noorin Gulamgaus, Amber Afzali, Nina Hosseinzadeh, Sara Malal Rowe, Mariam Saraj, Nasser Memarzia,Ali Fazal",Angel Studios,R,English,United States,"'Rule Breakers' (2025) is a feature film directed by acclaimed filmmakers, starring Bill Guttentag, Nikohl Boosheri, Noorin Gulamgaus, Amber Afzali, Nina Hosseinzadeh, Sara Malal Rowe, Mariam Saraj, Nasser Memarzia,Ali Fazal, produced by Angel Studios.",https://en.wikipedia.org/wiki/Rule_Breakers_(film),https://images.unsplash.com/photo-1489599849927-2ee91cede3ba?w=500&auto=format&fit=crop&q=60
The Parenting,2025,March,15,"Action, Adventure, Drama, History",7.5,208118,147,28938906,22292604,Craig Johnson,Kent Sublette,"Nik Dodani,Brandon Flynn,Parker Posey,Vivian Bang,Lisa Kudrow,Dean Norris,Brian Cox,Edie Falco",Max/Warner Bros. Pictures/New Line Cinema,PG-13,English,United States,"'The Parenting' (2025) is a feature film directed by Craig Johnson, starring Nik Dodani,Brandon Flynn,Parker Posey,Vivian Bang,Lisa Kudrow,Dean Norris,Brian Cox,Edie Falco, produced by Max/Warner Bros. Pictures/New Line Cinema.",https://en.wikipedia.org/wiki/The_Parenting,https://images.unsplash.com/photo-1489599849927-2ee91cede3ba?w=500&auto=format&fit=crop&q=60
Black Bag,2025,March,16,Drama,8.8,112200,115,27332400,21221600,Steven Soderbergh,David Koepp,"Cate Blanchett,Michael Fassbender,Marisa Abela,Tom Burke,Naomie Harris,Regé-Jean Page,Pierce Brosnan",Focus Features,PG-13,English,United States,"'Black Bag' (2025) is a feature film directed by Steven Soderbergh, starring Cate Blanchett,Michael Fassbender,Marisa Abela,Tom Burke,Naomie Harris,Regé-Jean Page,Pierce Brosnan, produced by Focus Features.",https://en.wikipedia.org/wiki/Black_Bag,https://images.unsplash.com/photo-1489599849927-2ee91cede3ba?w=500&auto=format&fit=crop&q=60
Novocaine,2025,March,,"Sci-Fi, Adventure",7.8,143045,120,27849015,21566010,"Dan Berk, Robert Olsen",Lars Jacobson,"Jack Quaid,Amber Midthunder,Ray Nicholson,Betty Gabriel,Jacob Batalon",Paramount Pictures/Infrared Pictures,PG-13,English,United States,"'Novocaine' (2025) is a feature film directed by Dan Berk, Robert Olsen, starring Jack Quaid,Amber Midthunder,Ray Nicholson,Betty Gabriel,Jacob Batalon, produced by Paramount Pictures/Infrared Pictures.",https://en.wikipedia.org/wiki/Novocaine_(2025_film),https://images.unsplash.com/photo-1489599849927-2ee91cede3ba?w=500&auto=format&fit=crop&q=60
The Actor,2025,March,,"Action, Adventure, Drama, History",7.3,122349,91,27502383,21334922,,Stephen Cooney,"Duke Johnson, André Holland,Gemma Chan,May Calamawy,Asim Chaudhry,Joe Cole,Fabien Frankel,Olwen Fouéré,Edward Hogg,Toby Jones,Youssef Kerkour,Simon McBurney,Tanya Reynolds,Tracey Ullman, Scott Alexander Young",Neon,PG-13,English,United States,"'The Actor' (2025) is a feature film directed by acclaimed filmmakers, starring Duke Johnson, André Holland,Gemma Chan,May Calamawy,Asim Chaudhry,Joe Cole,Fabien Frankel,Olwen Fouéré,Edward Hogg,Toby Jones,Youssef Kerkour,Simon McBurney,Tanya Reynolds,Tracey Ullman, Scott Alexander Young, produced by Neon.",https://en.wikipedia.org/wiki/The_Actor_(2025_film),https://images.unsplash.com/photo-1489599849927-2ee91cede3ba?w=500&auto=format&fit=crop&q=60
High Rollers,2025,March,,"Horror, Thriller",7.2,187820,120,42664900,11924120,Ives,Chris Sivertson,"John Travolta,Gina Gershon,Lukas Haas,Quavo, Joel Cohen",Saban Films,R,English,United States,"'High Rollers' (2025) is a feature film directed by Ives, starring John Travolta,Gina Gershon,Lukas Haas,Quavo, Joel Cohen, produced by Saban Films.",https://en.wikipedia.org/wiki/High_Rollers_(film),https://images.unsplash.com/photo-1489599849927-2ee91cede3ba?w=500&auto=format&fit=crop&q=60
The Last Supper,2025,March,,"Action, Adventure, Drama, History",8.2,235779,136,29402193,22601462,,John Collins,"Mauro Borrelli, Jamie Ward,James Faulkner, Nathalie Rapti Gomex",Pinnacle Peak Pictures/Canyon Productions,PG-13,English,United States,"'The Last Supper' (2025) is a feature film directed by acclaimed filmmakers, starring Mauro Borrelli, Jamie Ward,James Faulkner, Nathalie Rapti Gomex, produced by Pinnacle Peak Pictures/Canyon Productions.",https://en.wikipedia.org/wiki/The_Last_Supper_(2025_film),https://images.unsplash.com/photo-1489599849927-2ee91cede3ba?w=500&auto=format&fit=crop&q=60
Batman Ninja vs. Yakuza League,2025,March,20,"Animation, Family, Adventure",8.8,49653,112,33821751,25547834,"Junpei Mizusaki, Shinji Takagi",Kazuki Nakashima,"Joe Daniels, Nathan Wilson, David Harbold, Karlii Hoch,Molly Searcy, Cyrus Rodas, Annie Wild,John Swasey,Aaron Campbell",Warner Bros. Home Entertainment/DC Entertainment/Warner Bros. Animation,PG-13,English,United States,"'Batman Ninja vs. Yakuza League' (2025) is a feature film directed by Junpei Mizusaki, Shinji Takagi, starring Joe Daniels, Nathan Wilson, David Harbold, Karlii Hoch,Molly Searcy, Cyrus Rodas, Annie Wild,John Swasey,Aaron Campbell, produced by Warner Bros. Home Entertainment/DC Entertainment/Warner Bros. Animation.",https://en.wikipedia.org/wiki/Batman_Ninja_vs._Yakuza_League,https://images.unsplash.com/photo-1489599849927-2ee91cede3ba?w=500&auto=format&fit=crop&q=60
Snow White,2025,March,23,"Animation, Family, Adventure",8.3,150607,158,27975669,21650446,Marc Webb,Erin Cressida Wilson,"Rachel Zegler,Andrew Burnap,Gal Gadot",Walt Disney Pictures/Marc Platt Productions,PG-13,English,United States,"'Snow White' (2025) is a feature film directed by Marc Webb, starring Rachel Zegler,Andrew Burnap,Gal Gadot, produced by Walt Disney Pictures/Marc Platt Productions.",https://en.wikipedia.org/wiki/Snow_White_(2025_film),https://images.unsplash.com/photo-1489599849927-2ee91cede3ba?w=500&auto=format&fit=crop&q=60
The Alto Knights,2025,March,,"Action, Adventure, Drama, History",6.8,252694,146,29685498,22790332,Barry Levinson,Nicholas Pileggi,"Robert De Niro,Debra Messing,Cosmo Jarvis,Kathrine Narducci,Michael Rispoli",Warner Bros. Pictures/Winkler Films,PG-13,English,United States,"'The Alto Knights' (2025) is a feature film directed by Barry Levinson, starring Robert De Niro,Debra Messing,Cosmo Jarvis,Kathrine Narducci,Michael Rispoli, produced by Warner Bros. Pictures/Winkler Films.",https://en.wikipedia.org/wiki/The_Alto_Knights,https://images.unsplash.com/photo-1489599849927-2ee91cede3ba?w=500&auto=format&fit=crop&q=60
Ash,2025,March,,"Horror, Mystery, Thriller",9.2,14491,149,37826495,10849306,Flying Lotus,Jonni Remmler,"Eiza González,Aaron Paul,Iko Uwais,Beulah Koale,Kate Elliott,Flying Lotus",RLJE Films/Shudder/XYZ Films/IPR.VC,R,English,United States,"'Ash' (2025) is a feature film directed by Flying Lotus, starring Eiza González,Aaron Paul,Iko Uwais,Beulah Koale,Kate Elliott,Flying Lotus, produced by RLJE Films/Shudder/XYZ Films/IPR.VC.",https://en.wikipedia.org/wiki/Ash_(2025_film),https://images.unsplash.com/photo-1489599849927-2ee91cede3ba?w=500&auto=format&fit=crop&q=60
The Assessment,2025,March,,"Drama, Thriller",6.9,233192,123,29358864,22572576,Fleur Fortuné,"Dave Thomas, Nell Garfath-Cox, John Donnelly","Elizabeth Olsen,Alicia Vikander,Himesh Patel,Indira Varma,Nicholas Pinnock,Charlotte Ritchie,Leah Harvey,Minnie Driver",Magnolia Pictures/Number 9 Films,PG-13,English,United States,"'The Assessment' (2025) is a feature film directed by Fleur Fortuné, starring Elizabeth Olsen,Alicia Vikander,Himesh Patel,Indira Varma,Nicholas Pinnock,Charlotte Ritchie,Leah Harvey,Minnie Driver, produced by Magnolia Pictures/Number 9 Films.",https://en.wikipedia.org/wiki/The_Assessment,https://images.unsplash.com/photo-1489599849927-2ee91cede3ba?w=500&auto=format&fit=crop&q=60
Locked,2025,March,,"Sci-Fi, Adventure",7.2,76181,159,26729127,20819418,David Yarovesky,Michael Arlen Ross,"Bill Skarsgård,Anthony Hopkins",The Avenue / ZQ Entertainment / Raimi Productions /Arcana Studio,PG-13,English,United States,"'Locked' (2025) is a feature film directed by David Yarovesky, starring Bill Skarsgård,Anthony Hopkins, produced by The Avenue / ZQ Entertainment / Raimi Productions /Arcana Studio.",https://en.wikipedia.org/wiki/Locked_(film),https://images.unsplash.com/photo-1489599849927-2ee91cede3ba?w=500&auto=format&fit=crop&q=60
McVeigh,2025,March,,"Horror, Thriller",8.7,92300,90,39998500,11331800,,Alex Gioulakis,"Mike Ott, Alfie Allen,Brett Gelman,Ashley Benson,Anthony Carrigan,Tracy Letts,Isolda Dychauk",Decal,R,English,United States,"'McVeigh' (2025) is a feature film directed by acclaimed filmmakers, starring Mike Ott, Alfie Allen,Brett Gelman,Ashley Benson,Anthony Carrigan,Tracy Letts,Isolda Dychauk, produced by Decal.",https://en.wikipedia.org/wiki/McVeigh_(film),https://images.unsplash.com/photo-1489599849927-2ee91cede3ba?w=500&auto=format&fit=crop&q=60
Popeye the Slayer Man,2025,March,,Drama,7.6,346224,91,31252008,23834672,Robert Michael Ryan,John Doolan,"Jason Robert Stephens, Sarah Nicklin, Angela Relucio, Scott Swope, Mabel Thomas",Vantage Media,PG-13,English,United States,"'Popeye the Slayer Man' (2025) is a feature film directed by Robert Michael Ryan, starring Jason Robert Stephens, Sarah Nicklin, Angela Relucio, Scott Swope, Mabel Thomas, produced by Vantage Media.",https://en.wikipedia.org/wiki/Popeye_the_Slayer_Man,https://images.unsplash.com/photo-1489599849927-2ee91cede3ba?w=500&auto=format&fit=crop&q=60
Holland,2025,March,29,"Adventure, Drama",8.5,98469,121,27102423,21068282,Mimi Cave,Andrew Sodorski,"Nicole Kidman,Matthew Macfadyen,Jude Hill,Gael García Bernal",Amazon MGM Studios/Blossom Films,PG-13,English,United States,"'Holland' (2025) is a feature film directed by Mimi Cave, starring Nicole Kidman,Matthew Macfadyen,Jude Hill,Gael García Bernal, produced by Amazon MGM Studios/Blossom Films.",https://en.wikipedia.org/wiki/Holland_(film),https://images.unsplash.com/photo-1489599849927-2ee91cede3ba?w=500&auto=format&fit=crop&q=60
A Working Man,2025,March,30,"Sci-Fi, Adventure",6.7,186825,115,28582275,22054850,,Sylvester Stallone,"David Ayer, Jason Statham,Jason Flemyng,Merab Ninidze,Maximilian Osinski, Cokey Falkow,Michael Peña,David Harbour",Metro-Goldwyn-Mayer/Black Bear Pictures/Balboa Productions/Cedar Park Entertainment/Punch Palace Productions,PG-13,English,United States,"'A Working Man' (2025) is a feature film directed by acclaimed filmmakers, starring David Ayer, Jason Statham,Jason Flemyng,Merab Ninidze,Maximilian Osinski, Cokey Falkow,Michael Peña,David Harbour, produced by Metro-Goldwyn-Mayer/Black Bear Pictures/Balboa Productions/Cedar Park Entertainment/Punch Palace Productions.",https://en.wikipedia.org/wiki/A_Working_Man,https://images.unsplash.com/photo-1489599849927-2ee91cede3ba?w=500&auto=format&fit=crop&q=60
The Woman in the Yard,2025,March,,"Horror, Mystery, Thriller",9.1,329508,157,46620060,12802728,Jaume Collet-Serra,Sam Stefanak,"Danielle Deadwyler,Okwui Okpokwasili,Russell Hornsby",Universal Pictures/Blumhouse Productions,R,English,United States,"'The Woman in the Yard' (2025) is a feature film directed by Jaume Collet-Serra, starring Danielle Deadwyler,Okwui Okpokwasili,Russell Hornsby, produced by Universal Pictures/Blumhouse Productions.",https://en.wikipedia.org/wiki/The_Woman_in_the_Yard,https://images.unsplash.com/photo-1489599849927-2ee91cede3ba?w=500&auto=format&fit=crop&q=60
"Alexander and the Terrible, Horrible, No Good, Very Bad Road Trip",2025,March,,"Sci-Fi, Adventure",7.9,195459,106,43800753,32200502,Marvin Lemus,Matt Lopez,"Eva Longoria,Jesse Garcia,Paulina Chávez, Rose Portillo, Thom Nemer,Cheech Marin",Disney+/Walt Disney Pictures/21 Laps Entertainment/The Jim Henson Company,PG-13,English,United States,"'Alexander and the Terrible, Horrible, No Good, Very Bad Road Trip' (2025) is a feature film directed by Marvin Lemus, starring Eva Longoria,Jesse Garcia,Paulina Chávez, Rose Portillo, Thom Nemer,Cheech Marin, produced by Disney+/Walt Disney Pictures/21 Laps Entertainment/The Jim Henson Company.","https://en.wikipedia.org/wiki/Alexander_and_the_Terrible,_Horrible,_No_Good,_Very_Bad_Road_Trip",https://images.unsplash.com/photo-1489599849927-2ee91cede3ba?w=500&auto=format&fit=crop&q=60
Day of Reckoning,2025,March,,"Comedy, Drama",7.8,254684,156,29718828,22812552,Shaun Silva,Travis J. Opgenorth,"Billy Zane,Zach Roerig,Cara Jade Myers,Scott Adkins,Trace Adkins",ESX Films,PG-13,English,United States,"'Day of Reckoning' (2025) is a feature film directed by Shaun Silva, starring Billy Zane,Zach Roerig,Cara Jade Myers,Scott Adkins,Trace Adkins, produced by ESX Films.",https://en.wikipedia.org/wiki/Day_of_Reckoning_(2025_film),https://images.unsplash.com/photo-1489599849927-2ee91cede3ba?w=500&auto=format&fit=crop&q=60
Sew Torn,2025,March,2,"Musical, Drama",6.7,108021,94,27262407,21174938,,Fred Macdonald,"Freddy Macdonald, Eve Connolly,Calum Worthy,John Lynch,K. Callan,Ron Cook, Thomas Douglas,Caroline Goodall",Vertigo Releasing,PG-13,English,United States,"'Sew Torn' (2025) is a feature film directed by acclaimed filmmakers, starring Freddy Macdonald, Eve Connolly,Calum Worthy,John Lynch,K. Callan,Ron Cook, Thomas Douglas,Caroline Goodall, produced by Vertigo Releasing.",https://en.wikipedia.org/wiki/Sew_Torn,https://images.unsplash.com/photo-1489599849927-2ee91cede3ba?w=500&auto=format&fit=crop&q=60
Screamboat,2025,April,2,"Horror, Mystery, Thriller",7.4,161950,140,41942750,11763700,,Matthew Garcia-Dunn,"Steven LaMorte, David Howard Thornton, Allison Pittel, Amy Schmacher, Jesse Posey, Kailey Hyman, Jesse Kove,Jarlath Conroy",Iconic Events Releasing,R,English,United States,"'Screamboat' (2025) is a feature film directed by acclaimed filmmakers, starring Steven LaMorte, David Howard Thornton, Allison Pittel, Amy Schmacher, Jesse Posey, Kailey Hyman, Jesse Kove,Jarlath Conroy, produced by Iconic Events Releasing.",https://en.wikipedia.org/wiki/Screamboat,https://images.unsplash.com/photo-1489599849927-2ee91cede3ba?w=500&auto=format&fit=crop&q=60
A Minecraft Movie,2025,April,4,"Action, Adventure, Drama, History",8.3,268813,152,29955471,22970314,Jared Hess,"Chris Bowman,Hubbel Palmer, Neil Widener, Gavin James,Chris Galletta","Jason Momoa,Jack Black,Danielle Brooks,Emma Myers, Sebastian Eugene Hansen,Jennifer Coolidge",Warner Bros. Pictures/Legendary Entertainment/Mojang Studios/Vertigo Entertainment,PG-13,English,United States,"'A Minecraft Movie' (2025) is a feature film directed by Jared Hess, starring Jason Momoa,Jack Black,Danielle Brooks,Emma Myers, Sebastian Eugene Hansen,Jennifer Coolidge, produced by Warner Bros. Pictures/Legendary Entertainment/Mojang Studios/Vertigo Entertainment.",https://en.wikipedia.org/wiki/A_Minecraft_Movie,https://images.unsplash.com/photo-1489599849927-2ee91cede3ba?w=500&auto=format&fit=crop&q=60
The Luckiest Man in America,2025,April,,"Sci-Fi, Adventure",7.2,443933,132,32888511,24925674,,Maggie Briggs,"Samir Oliveros, Paul Walter Hauser,Walton Goggins,Shamier Anderson,Brian Geraghty,Patti Harrison,Haley Bennett,Damian Young,Lilli Kay,James Wolk,Shaunette Renée Wilson,David Rysdahl,Ricky Russert,David Strathairn,Johnny Knoxville,Maisie Williams",IFC Films/Sapan Studio,PG-13,English,United States,"'The Luckiest Man in America' (2025) is a feature film directed by acclaimed filmmakers, starring Samir Oliveros, Paul Walter Hauser,Walton Goggins,Shamier Anderson,Brian Geraghty,Patti Harrison,Haley Bennett,Damian Young,Lilli Kay,James Wolk,Shaunette Renée Wilson,David Rysdahl,Ricky Russert,David Strathairn,Johnny Knoxville,Maisie Williams, produced by IFC Films/Sapan Studio.",https://en.wikipedia.org/wiki/The_Luckiest_Man_in_America,https://images.unsplash.com/photo-1489599849927-2ee91cede3ba?w=500&auto=format&fit=crop&q=60
Eric Larue,2025,April,,Drama,7.2,141851,114,27829017,21552678,Michael Shannon,Brett Neveu,"Judy Greer,Paul Sparks,Alison Pill,Annie Parisse, Kate Arrington,Tracy Letts, Nation Sage Henrikson,Alexander Skarsgård",Magnolia Pictures,PG-13,English,United States,"'Eric Larue' (2025) is a feature film directed by Michael Shannon, starring Judy Greer,Paul Sparks,Alison Pill,Annie Parisse, Kate Arrington,Tracy Letts, Nation Sage Henrikson,Alexander Skarsgård, produced by Magnolia Pictures.",https://en.wikipedia.org/wiki/Eric_Larue,https://images.unsplash.com/photo-1489599849927-2ee91cede3ba?w=500&auto=format&fit=crop&q=60
A Nice Indian Boy,2025,April,,"Sci-Fi, Adventure",9.0,243938,102,29538846,22692564,Roshan Sethi,Eric Randall,"Karan Soni,Jonathan Groff,Sunita Mani,Zarna Garg,Harish Patel",Blue Harbor Entertainment,PG-13,English,United States,"'A Nice Indian Boy' (2025) is a feature film directed by Roshan Sethi, starring Karan Soni,Jonathan Groff,Sunita Mani,Zarna Garg,Harish Patel, produced by Blue Harbor Entertainment.",https://en.wikipedia.org/wiki/A_Nice_Indian_Boy,https://images.unsplash.com/photo-1489599849927-2ee91cede3ba?w=500&auto=format&fit=crop&q=60
Gazer,2025,April,,"Horror, Thriller",8.2,58470,145,39054150,11122020,,Ariella Mastroianni,"Ryan J. Sloan, Ariella Mastroianni, Marcia Debonis, Renee Gagner, Jack Alberts, Tommy Kang",Metrograph Pictures,R,English,United States,"'Gazer' (2025) is a feature film directed by acclaimed filmmakers, starring Ryan J. Sloan, Ariella Mastroianni, Marcia Debonis, Renee Gagner, Jack Alberts, Tommy Kang, produced by Metrograph Pictures.",https://en.wikipedia.org/wiki/Gazer_(film),https://images.unsplash.com/photo-1489599849927-2ee91cede3ba?w=500&auto=format&fit=crop&q=60
V13,2025,April,,"Sci-Fi, Adventure",6.0,444989,126,25369263,19912842,,Alain-Didier Weill,"Richard Ledes, Alan Cumming, Samuel H. Levine,Liam Aiken",Deskpop Entertainment / Footnote Four / Vienna 1913 Productions,PG-13,English,United States,"'V13' (2025) is a feature film directed by acclaimed filmmakers, starring Richard Ledes, Alan Cumming, Samuel H. Levine,Liam Aiken, produced by Deskpop Entertainment / Footnote Four / Vienna 1913 Productions.",https://en.wikipedia.org/wiki/V13_(film),https://images.unsplash.com/photo-1489599849927-2ee91cede3ba?w=500&auto=format&fit=crop&q=60
G20,2025,April,10,"Action, Sci-Fi, Superhero",7.6,441606,109,25312602,19875068,Patricia Riggen,"Caitlin Parrish, Erica Weiss, Logan Miller, Noah Miller","Viola Davis,Anthony Anderson,Marsai Martin,Ramón Rodríguez,Douglas Hodge,Elizabeth Marvel,Sabrina Impacciatore,Clark Gregg,Antony Starr",Amazon MGM Studios/JuVee Productions/Mad Chance Productions/MRC,PG-13,English,United States,"'G20' (2025) is a feature film directed by Patricia Riggen, starring Viola Davis,Anthony Anderson,Marsai Martin,Ramón Rodríguez,Douglas Hodge,Elizabeth Marvel,Sabrina Impacciatore,Clark Gregg,Antony Starr, produced by Amazon MGM Studios/JuVee Productions/Mad Chance Productions/MRC.",https://en.wikipedia.org/wiki/G20_(film),https://images.unsplash.com/photo-1489599849927-2ee91cede3ba?w=500&auto=format&fit=crop&q=60
The Amateur,2025,April,11,"Sci-Fi, Adventure",8.9,164935,155,28215645,21810430,James Hawes,"Ken Nolan, Gary Spinelli","Rami Malek,Rachel Brosnahan,Caitríona Balfe,Michael Stuhlbarg,Holt McCallany,Julianne Nicholson,Jon Bernthal,Laurence Fishburne",20th Century Studios,PG-13,English,United States,"'The Amateur' (2025) is a feature film directed by James Hawes, starring Rami Malek,Rachel Brosnahan,Caitríona Balfe,Michael Stuhlbarg,Holt McCallany,Julianne Nicholson,Jon Bernthal,Laurence Fishburne, produced by 20th Century Studios.",https://en.wikipedia.org/wiki/The_Amateur_(2025_film),https://images.unsplash.com/photo-1489599849927-2ee91cede3ba?w=500&auto=format&fit=crop&q=60
Drop,2025,April,,"Horror, Mystery, Thriller",8.1,38570,120,38498650,10998620,Christopher Landon,"Jillian Jacobs, Chris Roach","Meghann Fahy,Brandon Sklenar,Violett Beane,Jeffery Self",Universal Pictures/Blumhouse Productions/Platinum Dunes,R,English,United States,"'Drop' (2025) is a feature film directed by Christopher Landon, starring Meghann Fahy,Brandon Sklenar,Violett Beane,Jeffery Self, produced by Universal Pictures/Blumhouse Productions/Platinum Dunes.",https://en.wikipedia.org/wiki/Drop_(film),https://images.unsplash.com/photo-1489599849927-2ee91cede3ba?w=500&auto=format&fit=crop&q=60
Sacramento,2025,April,,"Action, Adventure, Drama, History",8.6,164338,152,28205646,21803764,,Chris Smith,"Michael Angarano, Michael Angarano,Michael Cera,Kristen Stewart,Maya Erskine,AJ Mendez, Iman Karram,Rosalind Chao",Vertical,PG-13,English,United States,"'Sacramento' (2025) is a feature film directed by acclaimed filmmakers, starring Michael Angarano, Michael Angarano,Michael Cera,Kristen Stewart,Maya Erskine,AJ Mendez, Iman Karram,Rosalind Chao, produced by Vertical.",https://en.wikipedia.org/wiki/Sacramento_(film),https://images.unsplash.com/photo-1489599849927-2ee91cede3ba?w=500&auto=format&fit=crop&q=60
Home Sweet Home Rebirth,2025,April,,"Action, Thriller",8.2,380253,112,31821951,24214634,"Alexander Kiesl, Steffen Hacker",,"Michele Morrone,William Moseley,Urassaya Sperbund,Alexander Lee",Vertical/Yggdrazil Group,PG-13,English,United States,"'Home Sweet Home Rebirth' (2025) is a feature film directed by Alexander Kiesl, Steffen Hacker, starring Michele Morrone,William Moseley,Urassaya Sperbund,Alexander Lee, produced by Vertical/Yggdrazil Group.",https://en.wikipedia.org/wiki/Home_Sweet_Home_Rebirth,https://images.unsplash.com/photo-1489599849927-2ee91cede3ba?w=500&auto=format&fit=crop&q=60
Sneaks,2025,April,,"Animation, Family, Adventure",9.1,79962,103,26792454,20861636,Chris Jenkins,,"Rob Edwards, Anthony Mackie,Martin Lawrence,Swae Lee,Chloe Bailey,Macy Gray,Ella Mai,Mustard,Roddy Ricch,Quavo,Young Miko, Amirah Hall,Kiana Ledé,Bobbito Garcia,Sam Jay,Sky Brown,Rayssa Leal,Rico Rodriguez,Keith David,Chris Paul,Laurence Fishburne",Briarcliff Entertainment/Cinema Gypsy Productions/Assemblage Entertainment/GFM Animation,PG-13,English,United States,"'Sneaks' (2025) is a feature film directed by Chris Jenkins, starring Rob Edwards, Anthony Mackie,Martin Lawrence,Swae Lee,Chloe Bailey,Macy Gray,Ella Mai,Mustard,Roddy Ricch,Quavo,Young Miko, Amirah Hall,Kiana Ledé,Bobbito Garcia,Sam Jay,Sky Brown,Rayssa Leal,Rico Rodriguez,Keith David,Chris Paul,Laurence Fishburne, produced by Briarcliff Entertainment/Cinema Gypsy Productions/Assemblage Entertainment/GFM Animation.",https://en.wikipedia.org/wiki/Sneaks_(film),https://images.unsplash.com/photo-1489599849927-2ee91cede3ba?w=500&auto=format&fit=crop&q=60
The Wedding Banquet,2025,April,,"Romance, Comedy",6.9,311996,144,30678732,23452488,,James Schamus,"Andrew Ahn, Bowen Yang,Lily Gladstone,Kelly Marie Tran,Han Gi-chan,Joan Chen,Youn Yuh-jung",Bleecker Street/ShivHans Pictures,PG-13,English,United States,"'The Wedding Banquet' (2025) is a feature film directed by acclaimed filmmakers, starring Andrew Ahn, Bowen Yang,Lily Gladstone,Kelly Marie Tran,Han Gi-chan,Joan Chen,Youn Yuh-jung, produced by Bleecker Street/ShivHans Pictures.",https://en.wikipedia.org/wiki/The_Wedding_Banquet_(2025_film),https://images.unsplash.com/photo-1489599849927-2ee91cede3ba?w=500&auto=format&fit=crop&q=60
The Accountant 2,2025,April,25,"Sci-Fi, Adventure",6.3,245132,108,29558844,22705896,Gavin O'Connor,Bill Dubuque,"Ben Affleck,Jon Bernthal,Cynthia Addai-Robinson,Daniella Pineda, Allison Robertson,J. K. Simmons",Metro-Goldwyn-Mayer/Artists Equity,PG-13,English,United States,"'The Accountant 2' (2025) is a feature film directed by Gavin O'Connor, starring Ben Affleck,Jon Bernthal,Cynthia Addai-Robinson,Daniella Pineda, Allison Robertson,J. K. Simmons, produced by Metro-Goldwyn-Mayer/Artists Equity.",https://en.wikipedia.org/wiki/The_Accountant_2,https://images.unsplash.com/photo-1489599849927-2ee91cede3ba?w=500&auto=format&fit=crop&q=60
Until Dawn,2025,April,,"Sci-Fi, Adventure",6.5,147025,140,27915675,21610450,David F. Sandberg,"Blair Butler,Gary Dauberman","Ella Rubin,Michael Cimino,Odessa A'zion,Ji-young Yoo,Belmont Cameli,Maia Mitchell,Peter Stormare",Screen Gems/PlayStation Productions/Vertigo Entertainment,PG-13,English,United States,"'Until Dawn' (2025) is a feature film directed by David F. Sandberg, starring Ella Rubin,Michael Cimino,Odessa A'zion,Ji-young Yoo,Belmont Cameli,Maia Mitchell,Peter Stormare, produced by Screen Gems/PlayStation Productions/Vertigo Entertainment.",https://en.wikipedia.org/wiki/Until_Dawn_(film),https://images.unsplash.com/photo-1489599849927-2ee91cede3ba?w=500&auto=format&fit=crop&q=60
On Swift Horses,2025,April,,"Sci-Fi, Adventure",9.2,237769,146,29435523,22623682,Daniel Minahan,Bryce Kass,"Daisy Edgar-Jones,Jacob Elordi,Will Poulter,Diego Calva,Sasha Calle",Sony Pictures Classics/Ley Line Entertainment,PG-13,English,United States,"'On Swift Horses' (2025) is a feature film directed by Daniel Minahan, starring Daisy Edgar-Jones,Jacob Elordi,Will Poulter,Diego Calva,Sasha Calle, produced by Sony Pictures Classics/Ley Line Entertainment.",https://en.wikipedia.org/wiki/On_Swift_Horses,https://images.unsplash.com/photo-1489599849927-2ee91cede3ba?w=500&auto=format&fit=crop&q=60
Winter Spring Summer or Fall,2025,April,,"Romance, Drama",6.1,31146,94,33511782,25341188,Tiffany Paulsen,Dan Schoffer,"Jenna Ortega,Percy Hynes White,Marisol Nichols,Adam Rodriguez",Republic Pictures/Motion Picture Corporation of America,PG-13,English,United States,"'Winter Spring Summer or Fall' (2025) is a feature film directed by Tiffany Paulsen, starring Jenna Ortega,Percy Hynes White,Marisol Nichols,Adam Rodriguez, produced by Republic Pictures/Motion Picture Corporation of America.",https://en.wikipedia.org/wiki/Winter_Spring_Summer_or_Fall,https://images.unsplash.com/photo-1489599849927-2ee91cede3ba?w=500&auto=format&fit=crop&q=60
Neighborhood Watch,2025,April,,"Sci-Fi, Adventure",6.5,311200,140,30665400,23443600,Duncan Skiles,Sean Farley,"Jeffrey Dean Morgan,Jack Quaid,Malin Akerman",RLJE Films,PG-13,English,United States,"'Neighborhood Watch' (2025) is a feature film directed by Duncan Skiles, starring Jeffrey Dean Morgan,Jack Quaid,Malin Akerman, produced by RLJE Films.",https://en.wikipedia.org/wiki/Neighborhood_Watch_(film),https://images.unsplash.com/photo-1489599849927-2ee91cede3ba?w=500&auto=format&fit=crop&q=60
Another Simple Favor,2025,May,1,"Sci-Fi, Adventure",7.1,338662,128,31125354,23750236,Paul Feig,"Eric Pearson,Jessica Sharzer,Laeta Kalogridis","Anna Kendrick,Blake Lively,Andrew Rannells,Bashir Salahuddin,Elizabeth Perkins,Michele Morrone,Elena Sofia Ricci,Alex Newell,Henry Golding,Allison Janney",Amazon MGM Studios/Lionsgate/Feigco Entertainment,PG-13,English,United States,"'Another Simple Favor' (2025) is a feature film directed by Paul Feig, starring Anna Kendrick,Blake Lively,Andrew Rannells,Bashir Salahuddin,Elizabeth Perkins,Michele Morrone,Elena Sofia Ricci,Alex Newell,Henry Golding,Allison Janney, produced by Amazon MGM Studios/Lionsgate/Feigco Entertainment.",https://en.wikipedia.org/wiki/Another_Simple_Favor,https://images.unsplash.com/photo-1489599849927-2ee91cede3ba?w=500&auto=format&fit=crop&q=60
Thunderbolts*,2025,May,2,"Action, Sci-Fi, Superhero",7.2,220655,135,29148885,22432590,Jake Schreier,"Eric Pearson,Joanna Calo","Florence Pugh,Sebastian Stan,Wyatt Russell,Olga Kurylenko,Lewis Pullman,Geraldine Viswanathan,Chris Bauer,Wendell Pierce,David Harbour,Hannah John-Kamen,Julia Louis-Dreyfus",Marvel Studios,PG-13,English,United States,"'Thunderbolts*' (2025) is a feature film directed by Jake Schreier, starring Florence Pugh,Sebastian Stan,Wyatt Russell,Olga Kurylenko,Lewis Pullman,Geraldine Viswanathan,Chris Bauer,Wendell Pierce,David Harbour,Hannah John-Kamen,Julia Louis-Dreyfus, produced by Marvel Studios.",https://en.wikipedia.org/wiki/Thunderbolts*,https://images.unsplash.com/photo-1489599849927-2ee91cede3ba?w=500&auto=format&fit=crop&q=60
Words of War,2025,May,,"Action, Adventure, Drama, Sci-Fi",8.5,177273,142,28422291,21948194,James Strong,Eric Poppen,"Maxine Peake,Jason Isaacs,Ciarán Hinds,Ellie Bamber,Harry Lawtey,Naomi Battrick",Decal,PG-13,English,United States,"'Words of War' (2025) is a feature film directed by James Strong, starring Maxine Peake,Jason Isaacs,Ciarán Hinds,Ellie Bamber,Harry Lawtey,Naomi Battrick, produced by Decal.",https://en.wikipedia.org/wiki/Words_of_War,https://images.unsplash.com/photo-1489599849927-2ee91cede3ba?w=500&auto=format&fit=crop&q=60
I'm Beginning to See the Light,2025,May,,"Comedy, Drama",6.3,31544,96,33518448,25345632,,Mark Bacci,"Konstantin Khudyakov, Jack Huston,Abby Cornish,Brandon T. Jackson,Jamie Chung",Gravitas Ventures,PG-13,English,United States,"'I'm Beginning to See the Light' (2025) is a feature film directed by acclaimed filmmakers, starring Konstantin Khudyakov, Jack Huston,Abby Cornish,Brandon T. Jackson,Jamie Chung, produced by Gravitas Ventures.",https://en.wikipedia.org/wiki/I'm_Beginning_to_See_the_Light_(film),https://images.unsplash.com/photo-1489599849927-2ee91cede3ba?w=500&auto=format&fit=crop&q=60
Rosario,2025,May,,"Horror, Thriller",8.1,104240,150,40331800,11405840,Felipe Vargas,Alan Trezza,"David Dastmalchian,José Zúñiga, Diana Lein,Paul Ben-Victor,Emeraude Toubia",Variance Films,R,English,United States,"'Rosario' (2025) is a feature film directed by Felipe Vargas, starring David Dastmalchian,José Zúñiga, Diana Lein,Paul Ben-Victor,Emeraude Toubia, produced by Variance Films.",https://en.wikipedia.org/wiki/Rosario_(2025_film),https://images.unsplash.com/photo-1489599849927-2ee91cede3ba?w=500&auto=format&fit=crop&q=60
Electra,2025,May,,"Sci-Fi, Adventure",8.3,98071,119,27095757,21063838,,Daryl Wein,"Hala Matar, Maria Bakalova,Abigail Cowen,Jack Farthing, Daryl Wein",Level 33 Entertainment,PG-13,English,United States,"'Electra' (2025) is a feature film directed by acclaimed filmmakers, starring Hala Matar, Maria Bakalova,Abigail Cowen,Jack Farthing, Daryl Wein, produced by Level 33 Entertainment.",https://en.wikipedia.org/wiki/Electra_(2024_film),https://images.unsplash.com/photo-1489599849927-2ee91cede3ba?w=500&auto=format&fit=crop&q=60
The Death of Snow White,2025,May,,"Animation, Family, Adventure",7.8,366323,117,31588641,24059094,,Naomi Mechem-Miller,"Jason Brooks, Sanae Loutsis, Chelsea Edmundson, Tristan Nokes, Meredith Binder, Risa Mei, Jeremy Hallum, Ali Chapman, Colin Miller<, Dillon Moore, Michael DeSanto II, Eric Pope",Atlas Distribution / The Horror Collective,PG-13,English,United States,"'The Death of Snow White' (2025) is a feature film directed by acclaimed filmmakers, starring Jason Brooks, Sanae Loutsis, Chelsea Edmundson, Tristan Nokes, Meredith Binder, Risa Mei, Jeremy Hallum, Ali Chapman, Colin Miller<, Dillon Moore, Michael DeSanto II, Eric Pope, produced by Atlas Distribution / The Horror Collective.",https://en.wikipedia.org/wiki/The_Death_of_Snow_White,https://images.unsplash.com/photo-1489599849927-2ee91cede3ba?w=500&auto=format&fit=crop&q=60
Shadow Force,2025,May,9,"Action, Adventure, Drama, Sci-Fi",9.1,185034,106,28552278,22034852,,Leon Chills,"Joe Carnahan, Kerry Washington,Omar Sy,Mark Strong,Da'Vine Joy Randolph,Cliff ""Method Man"" Smith",Lionsgate/Simpson Street/Indian Meadows Productions,PG-13,English,United States,"'Shadow Force' (2025) is a feature film directed by acclaimed filmmakers, starring Joe Carnahan, Kerry Washington,Omar Sy,Mark Strong,Da'Vine Joy Randolph,Cliff ""Method Man"" Smith, produced by Lionsgate/Simpson Street/Indian Meadows Productions.",https://en.wikipedia.org/wiki/Shadow_Force_(2025_film),https://images.unsplash.com/photo-1489599849927-2ee91cede3ba?w=500&auto=format&fit=crop&q=60
Fight or Flight,2025,May,,"Action, Adventure, Drama, Sci-Fi",7.9,235182,133,29392194,22594796,James Madigan,"Brooks McLaren,D. J. Cotrona","Josh Hartnett,Charithra Chandran,Julian Kostov,Katee Sackhoff,Marko Zaror",Vertical/Asbury Park Productions,PG-13,English,United States,"'Fight or Flight' (2025) is a feature film directed by James Madigan, starring Josh Hartnett,Charithra Chandran,Julian Kostov,Katee Sackhoff,Marko Zaror, produced by Vertical/Asbury Park Productions.",https://en.wikipedia.org/wiki/Fight_or_Flight_(2025_film),https://images.unsplash.com/photo-1489599849927-2ee91cede3ba?w=500&auto=format&fit=crop&q=60
Nonnas,2025,May,,"Sci-Fi, Adventure",6.6,81554,111,26819118,20879412,Stephen Chbosky,Liz Maccie,"Vince Vaughn,Lorraine Bracco,Talia Shire,Brenda Vaccaro,Joe Manganiello,Linda Cardellini,Susan Sarandon",Netflix/Fifth Season/Madison Wells/Matador Content,PG-13,English,United States,"'Nonnas' (2025) is a feature film directed by Stephen Chbosky, starring Vince Vaughn,Lorraine Bracco,Talia Shire,Brenda Vaccaro,Joe Manganiello,Linda Cardellini,Susan Sarandon, produced by Netflix/Fifth Season/Madison Wells/Matador Content.",https://en.wikipedia.org/wiki/Nonnas,https://images.unsplash.com/photo-1489599849927-2ee91cede3ba?w=500&auto=format&fit=crop&q=60
Clown in a Cornfield,2025,May,,"Sci-Fi, Adventure",6.5,324334,131,30885378,23590252,,Carter Blanchard,"Eli Craig, Katie Douglas,Carson MacCormac,Aaron Abrams,Will Sasso,Kevin Durand",Screamtime Films /Magnet Releasing,PG-13,English,United States,"'Clown in a Cornfield' (2025) is a feature film directed by acclaimed filmmakers, starring Eli Craig, Katie Douglas,Carson MacCormac,Aaron Abrams,Will Sasso,Kevin Durand, produced by Screamtime Films /Magnet Releasing.",https://en.wikipedia.org/wiki/Clown_in_a_Cornfield_(film),https://images.unsplash.com/photo-1489599849927-2ee91cede3ba?w=500&auto=format&fit=crop&q=60
Unit 234,2025,May,,"Sci-Fi, Adventure",7.9,77574,91,26752458,20834972,Andy Tennant,Derek Steiner,"Don Johnson,Isabelle Fuhrman,Jack Huston",Brainstorm Media,PG-13,English,United States,"'Unit 234' (2025) is a feature film directed by Andy Tennant, starring Don Johnson,Isabelle Fuhrman,Jack Huston, produced by Brainstorm Media.",https://en.wikipedia.org/wiki/Unit_234,https://images.unsplash.com/photo-1489599849927-2ee91cede3ba?w=500&auto=format&fit=crop&q=60
Summer of 69,2025,May,,"Comedy, Drama",7.0,161154,136,28152318,21768212,,"Liz Nico, Jules Byrne","Jillian Bell, Chloe Fineman, Sam Morelos,Matt Cornett",Hulu/American High,PG-13,English,United States,"'Summer of 69' (2025) is a feature film directed by acclaimed filmmakers, starring Jillian Bell, Chloe Fineman, Sam Morelos,Matt Cornett, produced by Hulu/American High.",https://en.wikipedia.org/wiki/Summer_of_69_(film),https://images.unsplash.com/photo-1489599849927-2ee91cede3ba?w=500&auto=format&fit=crop&q=60
Lilly,2025,May,,"Sci-Fi, Adventure",6.2,61057,158,26475819,20650546,,Adam Prince,"Rachel Feldman, Patricia Clarkson,John Benjamin Hickey,Thomas Sadoski",Blue Harbor Entertainment /Artemis Rising Foundation,PG-13,English,United States,"'Lilly' (2025) is a feature film directed by acclaimed filmmakers, starring Rachel Feldman, Patricia Clarkson,John Benjamin Hickey,Thomas Sadoski, produced by Blue Harbor Entertainment /Artemis Rising Foundation.",https://en.wikipedia.org/wiki/Lilly_(2024_film),https://images.unsplash.com/photo-1489599849927-2ee91cede3ba?w=500&auto=format&fit=crop&q=60
Final Destination Bloodlines,2025,May,16,"Action, Adventure, Drama, History",7.6,53832,133,33891744,25594496,"Zach Lipovsky,Adam Stein","Guy Busick, Lori Evans Taylor","Kaitlyn Santa Juana,Teo Briones,Richard Harmon,Owen Patrick Joyner,Rya Kihlstedt,Anna Lore,Brec Bassinger,Tony Todd",Warner Bros. Pictures/New Line Cinema,PG-13,English,United States,"'Final Destination Bloodlines' (2025) is a feature film directed by Zach Lipovsky,Adam Stein, starring Kaitlyn Santa Juana,Teo Briones,Richard Harmon,Owen Patrick Joyner,Rya Kihlstedt,Anna Lore,Brec Bassinger,Tony Todd, produced by Warner Bros. Pictures/New Line Cinema.",https://en.wikipedia.org/wiki/Final_Destination_Bloodlines,https://images.unsplash.com/photo-1489599849927-2ee91cede3ba?w=500&auto=format&fit=crop&q=60
Hurry Up Tomorrow,2025,May,,"Action, Adventure, Drama, History",6.1,290703,112,30322101,23214734,,"Abel Tesfaye, Reza Fahim","Trey Edward Shults, Abel Tesfaye,Jenna Ortega,Barry Keoghan",Lionsgate/Live Nation Productions,PG-13,English,United States,"'Hurry Up Tomorrow' (2025) is a feature film directed by acclaimed filmmakers, starring Trey Edward Shults, Abel Tesfaye,Jenna Ortega,Barry Keoghan, produced by Lionsgate/Live Nation Productions.",https://en.wikipedia.org/wiki/Hurry_Up_Tomorrow_(film),https://images.unsplash.com/photo-1489599849927-2ee91cede3ba?w=500&auto=format&fit=crop&q=60
Lilo & Stitch,2025,May,23,"Sci-Fi, Adventure",7.5,181850,90,28498950,21999300,Dean Fleischer Camp,"Chris Kekaniokalani Bright, Mike Van Waes","Sydney Elizebeth Agudong,Billy Magnussen,Hannah Waddingham,Chris Sanders,Courtney B. Vance,Zach Galifianakis,Maia Kealoha",Walt Disney Pictures/Rideback,PG-13,English,United States,"'Lilo & Stitch' (2025) is a feature film directed by Dean Fleischer Camp, starring Sydney Elizebeth Agudong,Billy Magnussen,Hannah Waddingham,Chris Sanders,Courtney B. Vance,Zach Galifianakis,Maia Kealoha, produced by Walt Disney Pictures/Rideback.",https://en.wikipedia.org/wiki/Lilo_&_Stitch_(2025_film),https://images.unsplash.com/photo-1489599849927-2ee91cede3ba?w=500&auto=format&fit=crop&q=60
Mission: Impossible – The Final Reckoning,2025,May,,"Action, Adventure, Drama, History",8.0,80254,161,64482018,45988012,,Erik Jendresen,"Christopher McQuarrie, Tom Cruise,Hayley Atwell,Ving Rhames,Simon Pegg,Esai Morales,Pom Klementieff,Henry Czerny,Holt McCallany,Janet McTeer,Nick Offerman,Hannah Waddingham,Tramell Tillman,Angela Bassett",Paramount Pictures/Skydance Media/TC Productions,PG-13,English,United States,"'Mission: Impossible – The Final Reckoning' (2025) is a feature film directed by acclaimed filmmakers, starring Christopher McQuarrie, Tom Cruise,Hayley Atwell,Ving Rhames,Simon Pegg,Esai Morales,Pom Klementieff,Henry Czerny,Holt McCallany,Janet McTeer,Nick Offerman,Hannah Waddingham,Tramell Tillman,Angela Bassett, produced by Paramount Pictures/Skydance Media/TC Productions.",https://en.wikipedia.org/wiki/Mission:_Impossible_–_The_Final_Reckoning,https://images.unsplash.com/photo-1489599849927-2ee91cede3ba?w=500&auto=format&fit=crop&q=60
Fountain of Youth,2025,May,,"Sci-Fi, Adventure",7.2,286325,90,30248775,23165850,Guy Ritchie,James Vanderbilt,"John Krasinski,Natalie Portman,Eiza González,Domhnall Gleeson,Arian Moayed,Laz Alonso,Carmen Ejogo,Stanley Tucci",Apple TV+/Apple Studios/Skydance Media/Radio Silence Productions,PG-13,English,United States,"'Fountain of Youth' (2025) is a feature film directed by Guy Ritchie, starring John Krasinski,Natalie Portman,Eiza González,Domhnall Gleeson,Arian Moayed,Laz Alonso,Carmen Ejogo,Stanley Tucci, produced by Apple TV+/Apple Studios/Skydance Media/Radio Silence Productions.",https://en.wikipedia.org/wiki/Fountain_of_Youth_(film),https://images.unsplash.com/photo-1489599849927-2ee91cede3ba?w=500&auto=format&fit=crop&q=60
Fear Street: Prom Queen,2025,May,,"Sci-Fi, Adventure",8.4,374084,156,31718628,24145752,,Donald McLeary,"Matt Palmer, India Fowler,Suzanna Son,Fina Strazza,David Iacono,Ella Rubin,Chris Klein,Ariana Greenblatt,Lili Taylor,Katherine Waterston",Netflix/Chernin Entertainment,PG-13,English,United States,"'Fear Street: Prom Queen' (2025) is a feature film directed by acclaimed filmmakers, starring Matt Palmer, India Fowler,Suzanna Son,Fina Strazza,David Iacono,Ella Rubin,Chris Klein,Ariana Greenblatt,Lili Taylor,Katherine Waterston, produced by Netflix/Chernin Entertainment.",https://en.wikipedia.org/wiki/Fear_Street:_Prom_Queen,https://images.unsplash.com/photo-1489599849927-2ee91cede3ba?w=500&auto=format&fit=crop&q=60
The Last Rodeo,2025,May,,"Action, Thriller",8.0,209113,152,28955571,22303714,,"Neal McDonough, Derek Presley","Jon Avnet, Neal McDonough,Mykelti Williamson,Christopher McDonald,Sarah Jones, Daylon Swearingen",Angel Studios,PG-13,English,United States,"'The Last Rodeo' (2025) is a feature film directed by acclaimed filmmakers, starring Jon Avnet, Neal McDonough,Mykelti Williamson,Christopher McDonald,Sarah Jones, Daylon Swearingen, produced by Angel Studios.",https://en.wikipedia.org/wiki/The_Last_Rodeo,https://images.unsplash.com/photo-1489599849927-2ee91cede3ba?w=500&auto=format&fit=crop&q=60
Bad Shabbos,2025,May,,"Sci-Fi, Adventure",8.3,157174,116,28085658,21723772,,Zack Weiner,"Daniel Robbins, Kyra Sedgwick,Method Man,Jon Bass,Milana Vayntrub",Menemsha Films / Carnegie Hill Entertainment,PG-13,English,United States,"'Bad Shabbos' (2025) is a feature film directed by acclaimed filmmakers, starring Daniel Robbins, Kyra Sedgwick,Method Man,Jon Bass,Milana Vayntrub, produced by Menemsha Films / Carnegie Hill Entertainment.",https://en.wikipedia.org/wiki/Bad_Shabbos,https://images.unsplash.com/photo-1489599849927-2ee91cede3ba?w=500&auto=format&fit=crop&q=60
Karate Kid: Legends,2025,May,30,"Action, Adventure, Drama, History",6.4,297867,148,30442089,23294726,Jonathan Entwistle,Rob Lieber,"Jackie Chan,Ben Wang,Joshua Jackson,Sadie Stanley,Ming-Na Wen,Wyatt Oleff,Aramis Knight,Ralph Macchio",Columbia Pictures,PG-13,English,United States,"'Karate Kid: Legends' (2025) is a feature film directed by Jonathan Entwistle, starring Jackie Chan,Ben Wang,Joshua Jackson,Sadie Stanley,Ming-Na Wen,Wyatt Oleff,Aramis Knight,Ralph Macchio, produced by Columbia Pictures.",https://en.wikipedia.org/wiki/Karate_Kid:_Legends,https://images.unsplash.com/photo-1489599849927-2ee91cede3ba?w=500&auto=format&fit=crop&q=60
The Phoenician Scheme,2025,May,,"Sci-Fi, Adventure",6.4,350403,112,31322001,23881334,,Roman Coppola,"Wes Anderson, Benicio del Toro,Mia Threapleton,Michael Cera,Riz Ahmed,Tom Hanks,Bryan Cranston,Mathieu Amalric,Richard Ayoade,Jeffrey Wright,Scarlett Johansson,Benedict Cumberbatch,Rupert Friend,Hope Davis",Focus Features/Indian Paintbrush,PG-13,English,United States,"'The Phoenician Scheme' (2025) is a feature film directed by acclaimed filmmakers, starring Wes Anderson, Benicio del Toro,Mia Threapleton,Michael Cera,Riz Ahmed,Tom Hanks,Bryan Cranston,Mathieu Amalric,Richard Ayoade,Jeffrey Wright,Scarlett Johansson,Benedict Cumberbatch,Rupert Friend,Hope Davis, produced by Focus Features/Indian Paintbrush.",https://en.wikipedia.org/wiki/The_Phoenician_Scheme,https://images.unsplash.com/photo-1489599849927-2ee91cede3ba?w=500&auto=format&fit=crop&q=60
Ballerina,2025,June,6,"Action, Adventure, Drama, History",8.7,138269,96,27769023,21512682,Len Wiseman,Shay Hatten,"Ana de Armas,Anjelica Huston,Gabriel Byrne,Lance Reddick,Catalina Sandino Moreno,Norman Reedus,Ian McShane,Keanu Reeves",Lionsgate/Summit Entertainment/Thunder Road Films/87North Productions,PG-13,English,United States,"'Ballerina' (2025) is a feature film directed by Len Wiseman, starring Ana de Armas,Anjelica Huston,Gabriel Byrne,Lance Reddick,Catalina Sandino Moreno,Norman Reedus,Ian McShane,Keanu Reeves, produced by Lionsgate/Summit Entertainment/Thunder Road Films/87North Productions.",https://en.wikipedia.org/wiki/Ballerina_(2025_film),https://images.unsplash.com/photo-1489599849927-2ee91cede3ba?w=500&auto=format&fit=crop&q=60
Predator: Killer of Killers,2025,June,,"Sci-Fi, Adventure",6.8,12838,152,33205146,25136764,Dan Trachtenberg,Micho Robert Rutare,"Lindsay LaVanchy,Louis Ozawa Changchien,Rick Gonzalez,Michael Biehn",Hulu/20th Century Studios/Davis Entertainment/Lawrence Gordon Productions,PG-13,English,United States,"'Predator: Killer of Killers' (2025) is a feature film directed by Dan Trachtenberg, starring Lindsay LaVanchy,Louis Ozawa Changchien,Rick Gonzalez,Michael Biehn, produced by Hulu/20th Century Studios/Davis Entertainment/Lawrence Gordon Productions.",https://en.wikipedia.org/wiki/Predator:_Killer_of_Killers,https://images.unsplash.com/photo-1489599849927-2ee91cede3ba?w=500&auto=format&fit=crop&q=60
Echo Valley,2025,June,,Drama,8.5,164139,151,28202313,21801542,Michael Pearce,Brad Ingelsby,"Julianne Moore,Sydney Sweeney,Domhnall Gleeson,Kyle MacLachlan,Fiona Shaw",Apple TV+/Apple Studios/Scott Free Productions,PG-13,English,United States,"'Echo Valley' (2025) is a feature film directed by Michael Pearce, starring Julianne Moore,Sydney Sweeney,Domhnall Gleeson,Kyle MacLachlan,Fiona Shaw, produced by Apple TV+/Apple Studios/Scott Free Productions.",https://en.wikipedia.org/wiki/Echo_Valley_(film),https://images.unsplash.com/photo-1489599849927-2ee91cede3ba?w=500&auto=format&fit=crop&q=60
The Ritual,2025,June,,"Sci-Fi, Adventure",6.1,146229,136,27902343,21601562,,Enrico Natale,"David Midell, Al Pacino,Dan Stevens,Ashley Greene,Abigail Cowen,Patricia Heaton",XYZ Films,PG-13,English,United States,"'The Ritual' (2025) is a feature film directed by acclaimed filmmakers, starring David Midell, Al Pacino,Dan Stevens,Ashley Greene,Abigail Cowen,Patricia Heaton, produced by XYZ Films.",https://en.wikipedia.org/wiki/The_Ritual_(2025_film),https://images.unsplash.com/photo-1489599849927-2ee91cede3ba?w=500&auto=format&fit=crop&q=60
Dangerous Animals,2025,June,,"Horror, Mystery, Thriller",6.6,291698,117,45564610,12568268,Sean Byrne,Nick Lepard,"Hassie Harrison,Josh Heuston,Rob Carlton, Ella Newton, Liam Greinke,Jai Courtney",IFC Films/Shudder/LD Entertainment/Brouhaha Entertainment,R,English,United States,"'Dangerous Animals' (2025) is a feature film directed by Sean Byrne, starring Hassie Harrison,Josh Heuston,Rob Carlton, Ella Newton, Liam Greinke,Jai Courtney, produced by IFC Films/Shudder/LD Entertainment/Brouhaha Entertainment.",https://en.wikipedia.org/wiki/Dangerous_Animals,https://images.unsplash.com/photo-1489599849927-2ee91cede3ba?w=500&auto=format&fit=crop&q=60
Diablo,2025,June,,"Sci-Fi, Adventure",6.5,74788,152,26705796,20803864,Ernesto Díaz Espinoza,Mat Sansom,"Scott Adkins,Marko Zaror, Alana De La Rossa,Diana Hoyos",Lionsgate/Grindstone Entertainment Group,PG-13,English,United States,"'Diablo' (2025) is a feature film directed by Ernesto Díaz Espinoza, starring Scott Adkins,Marko Zaror, Alana De La Rossa,Diana Hoyos, produced by Lionsgate/Grindstone Entertainment Group.",https://en.wikipedia.org/wiki/Diablo_(2025_film),https://images.unsplash.com/photo-1489599849927-2ee91cede3ba?w=500&auto=format&fit=crop&q=60
The Unholy Trinity,2025,June,,"Action, Adventure, Drama, History",7.0,305628,112,30572076,23381384,Richard Gray,Lee Zachariah,"Pierce Brosnan,Samuel L. Jackson, Brandon Lessard,David Arquette,Veronica Ferres,Tim Daly,Ethan Peck,Q'orianka Kilcher",Saban Films/Roadside Attractions,PG-13,English,United States,"'The Unholy Trinity' (2025) is a feature film directed by Richard Gray, starring Pierce Brosnan,Samuel L. Jackson, Brandon Lessard,David Arquette,Veronica Ferres,Tim Daly,Ethan Peck,Q'orianka Kilcher, produced by Saban Films/Roadside Attractions.",https://en.wikipedia.org/wiki/The_Unholy_Trinity,https://images.unsplash.com/photo-1489599849927-2ee91cede3ba?w=500&auto=format&fit=crop&q=60
Tatami,2025,June,,"Sci-Fi, Adventure",8.6,78967,98,26775789,20850526,"Guy Nattiv,Zar Amir Ebrahimi","Elham Erfani, Guy Nattiv","Arienne Mandi,Zar Amir Ebrahimi,Jaime Ray Newman,Nadine Marshall",XYZ Films/Maven Screen Media,PG-13,English,United States,"'Tatami' (2025) is a feature film directed by Guy Nattiv,Zar Amir Ebrahimi, starring Arienne Mandi,Zar Amir Ebrahimi,Jaime Ray Newman,Nadine Marshall, produced by XYZ Films/Maven Screen Media.",https://en.wikipedia.org/wiki/Tatami_(film),https://images.unsplash.com/photo-1489599849927-2ee91cede3ba?w=500&auto=format&fit=crop&q=60
Elio,2025,June,20,"Animation, Family, Adventure",6.9,36182,108,26059194,20372796,"Madeline Sharafian,Domee Shi,Adrian Molina","Julia Cho, Mark Hammer,Mike Jones","Yonas Kibreab,Zoe Saldaña, Remy Edgerly, Brandon Moon,Brad Garrett,Jameela Jamil",Walt Disney Pictures/Pixar Animation Studios,PG-13,English,United States,"'Elio' (2025) is a feature film directed by Madeline Sharafian,Domee Shi,Adrian Molina, starring Yonas Kibreab,Zoe Saldaña, Remy Edgerly, Brandon Moon,Brad Garrett,Jameela Jamil, produced by Walt Disney Pictures/Pixar Animation Studios.",https://en.wikipedia.org/wiki/Elio_(film),https://images.unsplash.com/photo-1489599849927-2ee91cede3ba?w=500&auto=format&fit=crop&q=60
28 Years Later,2025,June,,Drama,7.4,194785,155,28715595,22143730,Danny Boyle,Alex Garland,"Jodie Comer,Aaron Taylor-Johnson,Alfie Williams,Jack O'Connell,Edvin Ryding, Chi Lewis-Parry,Ralph Fiennes",Columbia Pictures/DNA Films,PG-13,English,United States,"'28 Years Later' (2025) is a feature film directed by Danny Boyle, starring Jodie Comer,Aaron Taylor-Johnson,Alfie Williams,Jack O'Connell,Edvin Ryding, Chi Lewis-Parry,Ralph Fiennes, produced by Columbia Pictures/DNA Films.",https://en.wikipedia.org/wiki/28_Years_Later,https://images.unsplash.com/photo-1489599849927-2ee91cede3ba?w=500&auto=format&fit=crop&q=60
KPop Demon Hunters,2025,June,,"Animation, Family, Adventure",7.5,293489,126,30368763,23245842,,"Hannah McMechan, Danya Jimenez","Maggie Kang,Chris Appelhans, Arden Cho,Ahn Hyo-seop,May Hong,Ji-young Yoo,Yunjin Kim,Daniel Dae Kim,Ken Jeong,Lee Byung-hun",Netflix/Sony Pictures Animation,PG-13,English,United States,"'KPop Demon Hunters' (2025) is a feature film directed by acclaimed filmmakers, starring Maggie Kang,Chris Appelhans, Arden Cho,Ahn Hyo-seop,May Hong,Ji-young Yoo,Yunjin Kim,Daniel Dae Kim,Ken Jeong,Lee Byung-hun, produced by Netflix/Sony Pictures Animation.",https://en.wikipedia.org/wiki/KPop_Demon_Hunters,https://images.unsplash.com/photo-1489599849927-2ee91cede3ba?w=500&auto=format&fit=crop&q=60
Everything's Going to Be Great,2025,June,,"Sci-Fi, Adventure",6.9,52439,126,33868413,25578942,Jon S. Baird,Steven Rogers,"Benjamin Evan Ainsworth,Bryan Cranston,Allison Janney,Jack Champion,Simon Rex,Chris Cooper",Lionsgate/Entertainment One,PG-13,English,United States,"'Everything's Going to Be Great' (2025) is a feature film directed by Jon S. Baird, starring Benjamin Evan Ainsworth,Bryan Cranston,Allison Janney,Jack Champion,Simon Rex,Chris Cooper, produced by Lionsgate/Entertainment One.",https://en.wikipedia.org/wiki/Everything's_Going_to_Be_Great,https://images.unsplash.com/photo-1489599849927-2ee91cede3ba?w=500&auto=format&fit=crop&q=60
Bride Hard,2025,June,,"Sci-Fi, Adventure",8.2,137274,91,27752358,21501572,Simon West,Shaina Steinberg,"Rebel Wilson,Anna Camp,Anna Chlumsky,Da'Vine Joy Randolph,Gigi Zumbado,Stephen Dorff,Justin Hartley",Magenta Light Studios,PG-13,English,United States,"'Bride Hard' (2025) is a feature film directed by Simon West, starring Rebel Wilson,Anna Camp,Anna Chlumsky,Da'Vine Joy Randolph,Gigi Zumbado,Stephen Dorff,Justin Hartley, produced by Magenta Light Studios.",https://en.wikipedia.org/wiki/Bride_Hard,https://images.unsplash.com/photo-1489599849927-2ee91cede3ba?w=500&auto=format&fit=crop&q=60
Eye for an Eye,2025,June,,"Sci-Fi, Adventure",6.3,199163,102,28788921,22192614,Colin Tilley,"Elisa Victoria, Michael Tully","Whitney Peak,S. Epatha Merkerson,Golda Rosheuvel,Finn Bennett, Laken Giles",Vertical/Ley Line Entertainment,PG-13,English,United States,"'Eye for an Eye' (2025) is a feature film directed by Colin Tilley, starring Whitney Peak,S. Epatha Merkerson,Golda Rosheuvel,Finn Bennett, Laken Giles, produced by Vertical/Ley Line Entertainment.",https://en.wikipedia.org/wiki/Eye_for_an_Eye_(2025_film),https://images.unsplash.com/photo-1489599849927-2ee91cede3ba?w=500&auto=format&fit=crop&q=60
Alma and the Wolf,2025,June,,"Sci-Fi, Adventure",6.5,258664,101,29785488,22856992,Michael Patrick Jann,Abigail Miller,"Ethan Embry,Li Jun Li,Jeremie Harris,Kevin Allison,Mather Zickel,Beth Malone",Republic Pictures,PG-13,English,United States,"'Alma and the Wolf' (2025) is a feature film directed by Michael Patrick Jann, starring Ethan Embry,Li Jun Li,Jeremie Harris,Kevin Allison,Mather Zickel,Beth Malone, produced by Republic Pictures.",https://en.wikipedia.org/wiki/Alma_and_the_Wolf,https://images.unsplash.com/photo-1489599849927-2ee91cede3ba?w=500&auto=format&fit=crop&q=60
The Harvest,2025,June,,Comedy,7.0,167721,94,28262307,21841538,Caylee So,Doua Moua,"Doua Moua,Perry Yung, Dawn Ying Yuen, Chrisna Chhor, Lucas Velazquez,Arianna Rivas",Freestyle Digital Media,PG-13,English,United States,"'The Harvest' (2025) is a feature film directed by Caylee So, starring Doua Moua,Perry Yung, Dawn Ying Yuen, Chrisna Chhor, Lucas Velazquez,Arianna Rivas, produced by Freestyle Digital Media.",https://en.wikipedia.org/wiki/The_Harvest,https://images.unsplash.com/photo-1489599849927-2ee91cede3ba?w=500&auto=format&fit=crop&q=60
F1,2025,June,27,"Action, Adventure, Drama, History",9.2,431656,134,476467680,159264224,Joseph Kosinski,Ehren Kruger,"Brad Pitt,Damson Idris,Kerry Condon,Tobias Menzies,Kim Bodnia,Sarah Niles,Shea Whigham,Javier Bardem",Warner Bros. Pictures/Apple Studios/Jerry Bruckheimer Films/Plan B Entertainment,PG-13,English,United States,"'F1' (2025) is a feature film directed by Joseph Kosinski, starring Brad Pitt,Damson Idris,Kerry Condon,Tobias Menzies,Kim Bodnia,Sarah Niles,Shea Whigham,Javier Bardem, produced by Warner Bros. Pictures/Apple Studios/Jerry Bruckheimer Films/Plan B Entertainment.",https://en.wikipedia.org/wiki/F1_(film),https://images.unsplash.com/photo-1489599849927-2ee91cede3ba?w=500&auto=format&fit=crop&q=60
Off the Grid,2025,June,,Drama,7.4,168517,98,28275639,21850426,Johnny Martin,Jim Agnew,"Josh Duhamel,Greg Kinnear,María Elisa Camargo, Michael Zapesotsky,Ana Golja,Michael Papajohn,Peter Stormare",Lionsgate,PG-13,English,United States,"'Off the Grid' (2025) is a feature film directed by Johnny Martin, starring Josh Duhamel,Greg Kinnear,María Elisa Camargo, Michael Zapesotsky,Ana Golja,Michael Papajohn,Peter Stormare, produced by Lionsgate.",https://en.wikipedia.org/wiki/Off_the_Grid_(film),https://images.unsplash.com/photo-1489599849927-2ee91cede3ba?w=500&auto=format&fit=crop&q=60
Ponyboi,2025,June,,"Sci-Fi, Adventure",8.2,104439,151,27202413,21134942,Esteban Arango,River Gallo,"River Gallo,Dylan O'Brien,Victoria Pedretti,Murray Bartlett,Indya Moore",Fox Entertainment Studios/Gathr,PG-13,English,United States,"'Ponyboi' (2025) is a feature film directed by Esteban Arango, starring River Gallo,Dylan O'Brien,Victoria Pedretti,Murray Bartlett,Indya Moore, produced by Fox Entertainment Studios/Gathr.",https://en.wikipedia.org/wiki/Ponyboi,https://images.unsplash.com/photo-1489599849927-2ee91cede3ba?w=500&auto=format&fit=crop&q=60
Please Don't Feed the Children,2025,June,,"Adventure, Drama",7.5,40499,141,33668433,25445622,Destry Allyn Spielberg,Paul Bertino,"Michelle Dockery, Regan Aliyah,Zoe Colletti, Andrew Liner, Joshuah Melnick, Emma Meisel, Dean Scott Vazquez,Giancarlo Esposito",Tubi,PG-13,English,United States,"'Please Don't Feed the Children' (2025) is a feature film directed by Destry Allyn Spielberg, starring Michelle Dockery, Regan Aliyah,Zoe Colletti, Andrew Liner, Joshuah Melnick, Emma Meisel, Dean Scott Vazquez,Giancarlo Esposito, produced by Tubi.",https://en.wikipedia.org/wiki/Please_Don't_Feed_the_Children,https://images.unsplash.com/photo-1489599849927-2ee91cede3ba?w=500&auto=format&fit=crop&q=60
Jurassic World Rebirth,2025,July,2,"Action, Adventure, Drama, History",6.7,383835,130,501416925,167996965,Gareth Edwards,David Koepp,"Scarlett Johansson,Mahershala Ali,Jonathan Bailey,Rupert Friend,Manuel Garcia-Rulfo,Ed Skrein",Universal Pictures/Amblin Entertainment,PG-13,English,United States,"'Jurassic World Rebirth' (2025) is a feature film directed by Gareth Edwards, starring Scarlett Johansson,Mahershala Ali,Jonathan Bailey,Rupert Friend,Manuel Garcia-Rulfo,Ed Skrein, produced by Universal Pictures/Amblin Entertainment.",https://en.wikipedia.org/wiki/Jurassic_World_Rebirth,https://images.unsplash.com/photo-1489599849927-2ee91cede3ba?w=500&auto=format&fit=crop&q=60
The Old Guard 2,2025,July,,"Comedy, Drama",7.2,200954,111,28818918,22212612,Victoria Mahoney,Greg Rucka,"Charlize Theron,KiKi Layne,Matthias Schoenaerts,Marwan Kenzari,Luca Marinelli,Vân Veronica Ngô,Henry Golding,Uma Thurman,Chiwetel Ejiofor",Netflix/Skydance Media/Denver and Delilah Productions,PG-13,English,United States,"'The Old Guard 2' (2025) is a feature film directed by Victoria Mahoney, starring Charlize Theron,KiKi Layne,Matthias Schoenaerts,Marwan Kenzari,Luca Marinelli,Vân Veronica Ngô,Henry Golding,Uma Thurman,Chiwetel Ejiofor, produced by Netflix/Skydance Media/Denver and Delilah Productions.",https://en.wikipedia.org/wiki/The_Old_Guard_2,https://images.unsplash.com/photo-1489599849927-2ee91cede3ba?w=500&auto=format&fit=crop&q=60
Heads of State,2025,July,,"Sci-Fi, Adventure",6.0,211700,90,28998900,22332600,Ilya Naishuller,"Josh Appelbaum,André Nemec, Harrison Query","Idris Elba,John Cena,Priyanka Chopra,Jack Quaid,Paddy Considine,Stephen Root,Carla Gugino",Amazon MGM Studios/The Safran Company,PG-13,English,United States,"'Heads of State' (2025) is a feature film directed by Ilya Naishuller, starring Idris Elba,John Cena,Priyanka Chopra,Jack Quaid,Paddy Considine,Stephen Root,Carla Gugino, produced by Amazon MGM Studios/The Safran Company.",https://en.wikipedia.org/wiki/Heads_of_State_(film),https://images.unsplash.com/photo-1489599849927-2ee91cede3ba?w=500&auto=format&fit=crop&q=60
Dora and the Search for Sol Dorado,2025,July,,"Sci-Fi, Adventure",7.4,112537,128,34874979,26249986,Alberto Belli,JT Billings,"Samantha Lorraine, Jacob Rodriguez,Daniella Pineda,Gabriel Iglesias",Paramount+/Nickelodeon Movies,PG-13,English,United States,"'Dora and the Search for Sol Dorado' (2025) is a feature film directed by Alberto Belli, starring Samantha Lorraine, Jacob Rodriguez,Daniella Pineda,Gabriel Iglesias, produced by Paramount+/Nickelodeon Movies.",https://en.wikipedia.org/wiki/Dora_and_the_Search_for_Sol_Dorado,https://images.unsplash.com/photo-1489599849927-2ee91cede3ba?w=500&auto=format&fit=crop&q=60
Long Distance,2025,July,3,"Animation, Family, Adventure",6.1,205332,133,28892244,22261496,"Will Speck, Josh Gordon",Spenser Cohen,"Anthony Ramos,Naomi Scott,Kristofer Hivju,Zachary Quinto",Hulu/DreamWorks Pictures/Reliance Entertainment,PG-13,English,United States,"'Long Distance' (2025) is a feature film directed by Will Speck, Josh Gordon, starring Anthony Ramos,Naomi Scott,Kristofer Hivju,Zachary Quinto, produced by Hulu/DreamWorks Pictures/Reliance Entertainment.",https://en.wikipedia.org/wiki/Long_Distance_(2024_film),https://images.unsplash.com/photo-1489599849927-2ee91cede3ba?w=500&auto=format&fit=crop&q=60
Pretty Thing,2025,July,4,"Adventure, Drama",7.0,193989,151,28702263,22134842,Justin Kelly,Jack Donnelly,"Alicia Silverstone,Karl Glusman,Tammy Blanchard,Catherine Curtin",Shout! Studios,PG-13,English,United States,"'Pretty Thing' (2025) is a feature film directed by Justin Kelly, starring Alicia Silverstone,Karl Glusman,Tammy Blanchard,Catherine Curtin, produced by Shout! Studios.",https://en.wikipedia.org/wiki/Pretty_Thing_(film),https://images.unsplash.com/photo-1489599849927-2ee91cede3ba?w=500&auto=format&fit=crop&q=60
Zombies 4: Dawn of the Vampires,2025,July,10,"Horror, Mystery, Thriller",6.6,58409,156,51614005,13912094,Paul Hoen,"Josh A. Cagan, David Light, Joesph Raso","Milo Manheim,Meg Donnelly,Chandler Kinney,Kylee Russell,Malachi Barton,Freya Skye",Disney+/Disney Channel,R,English,United States,"'Zombies 4: Dawn of the Vampires' (2025) is a feature film directed by Paul Hoen, starring Milo Manheim,Meg Donnelly,Chandler Kinney,Kylee Russell,Malachi Barton,Freya Skye, produced by Disney+/Disney Channel.",https://en.wikipedia.org/wiki/Zombies_4:_Dawn_of_the_Vampires,https://images.unsplash.com/photo-1489599849927-2ee91cede3ba?w=500&auto=format&fit=crop&q=60
I Know What You Did Last Summer,2025,July,18,"Action, Adventure, Drama, History",7.7,47464,101,33785088,25523392,,Sam Lansky,"Jennifer Kaytin Robinson, Madelyn Cline,Chase Sui Wonders,Jonah Hauer-King,Tyriq Withers,Sarah Pidgeon,Billy Campbell,Gabbriette Bechtel,Austin Nichols,Freddie Prinze Jr.,Jennifer Love Hewitt",Columbia Pictures/Screen Gems/Original Film,PG-13,English,United States,"'I Know What You Did Last Summer' (2025) is a feature film directed by acclaimed filmmakers, starring Jennifer Kaytin Robinson, Madelyn Cline,Chase Sui Wonders,Jonah Hauer-King,Tyriq Withers,Sarah Pidgeon,Billy Campbell,Gabbriette Bechtel,Austin Nichols,Freddie Prinze Jr.,Jennifer Love Hewitt, produced by Columbia Pictures/Screen Gems/Original Film.",https://en.wikipedia.org/wiki/I_Know_What_You_Did_Last_Summer_(2025_film),https://images.unsplash.com/photo-1489599849927-2ee91cede3ba?w=500&auto=format&fit=crop&q=60
Smurfs,2025,July,,"Animation, Family, Adventure",8.5,85335,130,26882445,20921630,Chris Miller,Pam Brady,"Rihanna,James Corden,Nick Offerman,J. P. Karliak,Daniel Levy,Amy Sedaris,Natasha Lyonne,Sandra Oh,Jimmy Kimmel,Octavia Spencer,Nick Kroll,Hannah Waddingham,Kurt Russell,John Goodman",Paramount Animation,PG-13,English,United States,"'Smurfs' (2025) is a feature film directed by Chris Miller, starring Rihanna,James Corden,Nick Offerman,J. P. Karliak,Daniel Levy,Amy Sedaris,Natasha Lyonne,Sandra Oh,Jimmy Kimmel,Octavia Spencer,Nick Kroll,Hannah Waddingham,Kurt Russell,John Goodman, produced by Paramount Animation.",https://en.wikipedia.org/wiki/Smurfs_(film),https://images.unsplash.com/photo-1489599849927-2ee91cede3ba?w=500&auto=format&fit=crop&q=60
Saint Clare,2025,July,,"Sci-Fi, Adventure",7.9,162945,145,28182315,21788210,,Guinevere Turner,"Mitzi Peirone, Bella Thorne,Rebecca De Mornay,Ryan Phillippe,Frank Whaley",Quiver Distribution,PG-13,English,United States,"'Saint Clare' (2025) is a feature film directed by acclaimed filmmakers, starring Mitzi Peirone, Bella Thorne,Rebecca De Mornay,Ryan Phillippe,Frank Whaley, produced by Quiver Distribution.",https://en.wikipedia.org/wiki/Saint_Clare_(film),https://images.unsplash.com/photo-1489599849927-2ee91cede3ba?w=500&auto=format&fit=crop&q=60
Guns & Moses,2025,July,,"Action, Adventure, Drama, History",8.3,163741,149,28195647,21797098,,Nina Davidovich Litvak,"Salvador Litvak, Mark Feuerstein,Neal McDonough,Alona Tal,Dermot Mulroney,Jake Busey,Christopher Lloyd",Concourse Media,PG-13,English,United States,"'Guns & Moses' (2025) is a feature film directed by acclaimed filmmakers, starring Salvador Litvak, Mark Feuerstein,Neal McDonough,Alona Tal,Dermot Mulroney,Jake Busey,Christopher Lloyd, produced by Concourse Media.",https://en.wikipedia.org/wiki/Guns_&_Moses,https://images.unsplash.com/photo-1489599849927-2ee91cede3ba?w=500&auto=format&fit=crop&q=60
Ick,2025,July,24,"Romance, Drama",8.7,13496,144,25679232,20119488,,"Dan Koontz, Samuel Laskey","Joseph Kahn, Brandon Routh,Malina Weissman,Jeff Fahey,Mena Suvari",Fathom Events,PG-13,English,United States,"'Ick' (2025) is a feature film directed by acclaimed filmmakers, starring Joseph Kahn, Brandon Routh,Malina Weissman,Jeff Fahey,Mena Suvari, produced by Fathom Events.",https://en.wikipedia.org/wiki/Ick_(film),https://images.unsplash.com/photo-1489599849927-2ee91cede3ba?w=500&auto=format&fit=crop&q=60
The Fantastic Four: First Steps,2025,July,25,"Action, Sci-Fi, Superhero",6.0,76916,99,34278372,25852248,Matt Shakman,"Josh Friedman,Eric Pearson, Jeff Kaplan, Ian Springer","Pedro Pascal,Vanessa Kirby,Ebon Moss-Bachrach,Joseph Quinn,Julia Garner,Sarah Niles,Mark Gatiss,Natasha Lyonne,Paul Walter Hauser,Ralph Ineson",Marvel Studios,PG-13,English,United States,"'The Fantastic Four: First Steps' (2025) is a feature film directed by Matt Shakman, starring Pedro Pascal,Vanessa Kirby,Ebon Moss-Bachrach,Joseph Quinn,Julia Garner,Sarah Niles,Mark Gatiss,Natasha Lyonne,Paul Walter Hauser,Ralph Ineson, produced by Marvel Studios.",https://en.wikipedia.org/wiki/The_Fantastic_Four:_First_Steps,https://images.unsplash.com/photo-1489599849927-2ee91cede3ba?w=500&auto=format&fit=crop&q=60
Happy Gilmore 2,2025,July,,"Crime, Drama",6.6,226028,162,29238876,22492584,Kyle Newacheck,"Tim Herlihy,Adam Sandler","Adam Sandler,Julie Bowen,Christopher McDonald,Benny Safdie,Benito Antonio Martínez Ocasio,John Daly,Ben Stiller",Netflix/Happy Madison Productions,PG-13,English,United States,"'Happy Gilmore 2' (2025) is a feature film directed by Kyle Newacheck, starring Adam Sandler,Julie Bowen,Christopher McDonald,Benny Safdie,Benito Antonio Martínez Ocasio,John Daly,Ben Stiller, produced by Netflix/Happy Madison Productions.",https://en.wikipedia.org/wiki/Happy_Gilmore_2,https://images.unsplash.com/photo-1489599849927-2ee91cede3ba?w=500&auto=format&fit=crop&q=60
The Home,2025,July,,"Horror, Mystery, Thriller",6.0,100061,129,40215145,11379926,,Adam Cantor,"James DeMonaco, Pete Davidson,John Glover,Bruce Altman",Lionsgate/Roadside Attractions/Miramax,R,English,United States,"'The Home' (2025) is a feature film directed by acclaimed filmmakers, starring James DeMonaco, Pete Davidson,John Glover,Bruce Altman, produced by Lionsgate/Roadside Attractions/Miramax.",https://en.wikipedia.org/wiki/The_Home_(2025_film),https://images.unsplash.com/photo-1489599849927-2ee91cede3ba?w=500&auto=format&fit=crop&q=60
Osiris,2025,July,,Drama,7.8,83942,123,26859114,20906076,,Paul Reichelt,"William Kaufman, Max Martini,Brianna Hildebrand,LaMonica Garrett,Michael Irby,Linda Hamilton",Vertical/XYZ Films,PG-13,English,United States,"'Osiris' (2025) is a feature film directed by acclaimed filmmakers, starring William Kaufman, Max Martini,Brianna Hildebrand,LaMonica Garrett,Michael Irby,Linda Hamilton, produced by Vertical/XYZ Films.",https://en.wikipedia.org/wiki/Osiris_(film),https://images.unsplash.com/photo-1489599849927-2ee91cede3ba?w=500&auto=format&fit=crop&q=60
War of the Worlds,2025,July,,"Action, Adventure, Drama, History",8.4,269012,153,29958804,22972536,Rich Lee,"Kenneth Golde,Marc Hyman","Ice Cube,Eva Longoria,Clark Gregg,Andrea Savage,Henry Hunter Hall,Iman Benson,Devon Bostick,Michael O'Neill",Amazon MGM Studios/Universal Pictures/Bazelevs Company,PG-13,English,United States,"'War of the Worlds' (2025) is a feature film directed by Rich Lee, starring Ice Cube,Eva Longoria,Clark Gregg,Andrea Savage,Henry Hunter Hall,Iman Benson,Devon Bostick,Michael O'Neill, produced by Amazon MGM Studios/Universal Pictures/Bazelevs Company.",https://en.wikipedia.org/wiki/War_of_the_Worlds_(2025_film),https://images.unsplash.com/photo-1489599849927-2ee91cede3ba?w=500&auto=format&fit=crop&q=60
The Bad Guys 2,2025,August,1,"Animation, Family, Adventure",7.2,181253,162,28488951,21992634,Pierre Perifel,"Yoni Brenner,Etan Cohen","Sam Rockwell,Marc Maron,Awkwafina,Craig Robinson,Anthony Ramos,Zazie Beetz,Danielle Brooks,Natasha Lyonne,Maria Bakalova,Alex Borstein,Richard Ayoade,Lilly Singh",Universal Pictures/DreamWorks Animation,PG-13,English,United States,"'The Bad Guys 2' (2025) is a feature film directed by Pierre Perifel, starring Sam Rockwell,Marc Maron,Awkwafina,Craig Robinson,Anthony Ramos,Zazie Beetz,Danielle Brooks,Natasha Lyonne,Maria Bakalova,Alex Borstein,Richard Ayoade,Lilly Singh, produced by Universal Pictures/DreamWorks Animation.",https://en.wikipedia.org/wiki/The_Bad_Guys_2,https://images.unsplash.com/photo-1489599849927-2ee91cede3ba?w=500&auto=format&fit=crop&q=60
The Naked Gun,2025,August,,"Action, Adventure, Drama, History",8.4,183641,99,28528947,22019298,,"Dan Gregor, Doug Mand","Akiva Schaffer, Liam Neeson,Pamela Anderson,Paul Walter Hauser,CCH Pounder,Kevin Durand,Cody Rhodes, Eddy Yu,Liza Koshy,Danny Huston",Paramount Pictures/Fuzzy Door Productions,PG-13,English,United States,"'The Naked Gun' (2025) is a feature film directed by acclaimed filmmakers, starring Akiva Schaffer, Liam Neeson,Pamela Anderson,Paul Walter Hauser,CCH Pounder,Kevin Durand,Cody Rhodes, Eddy Yu,Liza Koshy,Danny Huston, produced by Paramount Pictures/Fuzzy Door Productions.",https://en.wikipedia.org/wiki/The_Naked_Gun_(2025_film),https://images.unsplash.com/photo-1489599849927-2ee91cede3ba?w=500&auto=format&fit=crop&q=60
She Rides Shotgun,2025,August,,"Action, Adventure, Drama, History",8.7,276176,114,30078792,23052528,Nick Rowland,Ben Collins and Luke Piotrowski,"Taron Egerton, Ana Sophia Heger,Rob Yang,John Carroll Lynch,Odessa A'zion,David Lyons",Lionsgate/Fifth Season,PG-13,English,United States,"'She Rides Shotgun' (2025) is a feature film directed by Nick Rowland, starring Taron Egerton, Ana Sophia Heger,Rob Yang,John Carroll Lynch,Odessa A'zion,David Lyons, produced by Lionsgate/Fifth Season.",https://en.wikipedia.org/wiki/She_Rides_Shotgun,https://images.unsplash.com/photo-1489599849927-2ee91cede3ba?w=500&auto=format&fit=crop&q=60
Queen of Bones,2025,August,,Drama,7.5,214685,105,29048895,22365930,Robert Budreau,Michael Burgner,"Julia Butters,Jacob Tremblay,Taylor Schilling,Martin Freeman",Vertical/Appian Way Productions,PG-13,English,United States,"'Queen of Bones' (2025) is a feature film directed by Robert Budreau, starring Julia Butters,Jacob Tremblay,Taylor Schilling,Martin Freeman, produced by Vertical/Appian Way Productions.",https://en.wikipedia.org/wiki/Queen_of_Bones,https://images.unsplash.com/photo-1489599849927-2ee91cede3ba?w=500&auto=format&fit=crop&q=60
My Oxford Year,2025,August,,"Sci-Fi, Adventure",7.4,214486,104,29045562,22363708,Iain Morris,"Allison Burnett, Melissa Osborne","Sofia Carson,Corey Mylchreest,Dougray Scott,Catherine McCormack",Netflix/Temple Hill Entertainment,PG-13,English,United States,"'My Oxford Year' (2025) is a feature film directed by Iain Morris, starring Sofia Carson,Corey Mylchreest,Dougray Scott,Catherine McCormack, produced by Netflix/Temple Hill Entertainment.",https://en.wikipedia.org/wiki/My_Oxford_Year,https://images.unsplash.com/photo-1489599849927-2ee91cede3ba?w=500&auto=format&fit=crop&q=60
Trouble Man,2025,August,,"Sci-Fi, Adventure",6.5,166726,164,28245642,21830428,Michael Jai White,Michael Stradford,"Michael Jai White,Method Man,Mike Epps, Gillian White,Orlando Jones,La La Anthony",Samuel Goldwyn Films/Swirl Films,PG-13,English,United States,"'Trouble Man' (2025) is a feature film directed by Michael Jai White, starring Michael Jai White,Method Man,Mike Epps, Gillian White,Orlando Jones,La La Anthony, produced by Samuel Goldwyn Films/Swirl Films.",https://en.wikipedia.org/wiki/Trouble_Man_(2025_film),https://images.unsplash.com/photo-1489599849927-2ee91cede3ba?w=500&auto=format&fit=crop&q=60
The Pickup,2025,August,,"Sci-Fi, Adventure",8.9,145234,131,27885678,21590452,Tim Story,"Matt Mider, Kevin Burrows","Eddie Murphy,Pete Davidson,Eva Longoria,Jack Kesy,Roman Reigns,Marshawn Lynch,Andrew Dice Clay,Keke Palmer",Amazon MGM Studios/Davis Entertainment,PG-13,English,United States,"'The Pickup' (2025) is a feature film directed by Tim Story, starring Eddie Murphy,Pete Davidson,Eva Longoria,Jack Kesy,Roman Reigns,Marshawn Lynch,Andrew Dice Clay,Keke Palmer, produced by Amazon MGM Studios/Davis Entertainment.",https://en.wikipedia.org/wiki/The_Pickup_(film),https://images.unsplash.com/photo-1489599849927-2ee91cede3ba?w=500&auto=format&fit=crop&q=60
Freakier Friday,2025,August,,"Action, Adventure, Drama, History",6.8,246127,113,29575509,22717006,Nisha Ganatra,Jordan Weiss,"Jamie Lee Curtis,Lindsay Lohan,Julia Butters,Sophia Hammons,Manny Jacinto,Maitreyi Ramakrishnan,Rosalind Chao,Chad Michael Murray,Mark Harmon",Walt Disney Pictures/Gunn Films/Burr! Productions,PG-13,English,United States,"'Freakier Friday' (2025) is a feature film directed by Nisha Ganatra, starring Jamie Lee Curtis,Lindsay Lohan,Julia Butters,Sophia Hammons,Manny Jacinto,Maitreyi Ramakrishnan,Rosalind Chao,Chad Michael Murray,Mark Harmon, produced by Walt Disney Pictures/Gunn Films/Burr! Productions.",https://en.wikipedia.org/wiki/Freakier_Friday,https://images.unsplash.com/photo-1489599849927-2ee91cede3ba?w=500&auto=format&fit=crop&q=60
My Mother's Wedding,2025,August,,"Sci-Fi, Adventure",6.8,305230,110,30565410,23376940,,John Micklethwait,"Kristin Scott Thomas, Scarlett Johansson,Sienna Miller,Emily Beecham,Freida Pinto,Thibault de Montalembert, Kristin Scott Thomas",Vertical/Indian Paintbrush,PG-13,English,United States,"'My Mother's Wedding' (2025) is a feature film directed by acclaimed filmmakers, starring Kristin Scott Thomas, Scarlett Johansson,Sienna Miller,Emily Beecham,Freida Pinto,Thibault de Montalembert, Kristin Scott Thomas, produced by Vertical/Indian Paintbrush.",https://en.wikipedia.org/wiki/My_Mother's_Wedding,https://images.unsplash.com/photo-1489599849927-2ee91cede3ba?w=500&auto=format&fit=crop&q=60
The Occupant,2025,August,,Drama,6.7,186825,115,28582275,22054850,,"Philip Michael Howe, Roelof Jan Minneboo, Xiao Tang","Hugo Keijzer, Ella Balinska,Stuart Graham,Rob Delaney",Decal,PG-13,English,United States,"'The Occupant' (2025) is a feature film directed by acclaimed filmmakers, starring Hugo Keijzer, Ella Balinska,Stuart Graham,Rob Delaney, produced by Decal.",https://en.wikipedia.org/wiki/The_Occupant,https://images.unsplash.com/photo-1489599849927-2ee91cede3ba?w=500&auto=format&fit=crop&q=60
Fixed,2025,August,13,"Animation, Family, Adventure",7.3,56679,136,26402493,20601662,,Jon Vitti,"Genndy Tartakovsky, Adam DeVine,Idris Elba,Kathryn Hahn",Netflix/Sony Pictures Animation,PG-13,English,United States,"'Fixed' (2025) is a feature film directed by acclaimed filmmakers, starring Genndy Tartakovsky, Adam DeVine,Idris Elba,Kathryn Hahn, produced by Netflix/Sony Pictures Animation.",https://en.wikipedia.org/wiki/Fixed_(film),https://images.unsplash.com/photo-1489599849927-2ee91cede3ba?w=500&auto=format&fit=crop&q=60
Red Sonja,2025,August,,Drama,6.9,121553,162,27489051,21326034,M. J. Bassett,Tasha Huo,"Matilda Lutz,Wallis Day,Robert Sheehan,Michael Bisping,Martyn Ford, Eliza Matengu,Rhona Mitra,Veronica Ferres",Samuel Goldwyn Films/Millennium Media/Cinelou Films,PG-13,English,United States,"'Red Sonja' (2025) is a feature film directed by M. J. Bassett, starring Matilda Lutz,Wallis Day,Robert Sheehan,Michael Bisping,Martyn Ford, Eliza Matengu,Rhona Mitra,Veronica Ferres, produced by Samuel Goldwyn Films/Millennium Media/Cinelou Films.",https://en.wikipedia.org/wiki/Red_Sonja_(2025_film),https://images.unsplash.com/photo-1489599849927-2ee91cede3ba?w=500&auto=format&fit=crop&q=60
Nobody 2,2025,August,15,"Comedy, Drama",8.0,97474,116,27085758,21057172,Timo Tjahjanto,"Derek Kolstad, Aaron Rabin","Bob Odenkirk,Connie Nielsen,John Ortiz,RZA,Colin Hanks,Colin Salmon,Christopher Lloyd,Sharon Stone",Universal Pictures/87North Productions,PG-13,English,United States,"'Nobody 2' (2025) is a feature film directed by Timo Tjahjanto, starring Bob Odenkirk,Connie Nielsen,John Ortiz,RZA,Colin Hanks,Colin Salmon,Christopher Lloyd,Sharon Stone, produced by Universal Pictures/87North Productions.",https://en.wikipedia.org/wiki/Nobody_2,https://images.unsplash.com/photo-1489599849927-2ee91cede3ba?w=500&auto=format&fit=crop&q=60
Highest 2 Lowest,2025,August,,"Mystery, Thriller",8.8,250107,133,44403615,12310362,Spike Lee,Alan Fox,"Denzel Washington,Jeffrey Wright,Ilfenesh Hadera,ASAP Rocky",Apple Studios/A24/Escape Artists/Mandalay Pictures/40 Acres and a Mule Filmworks,R,English,United States,"'Highest 2 Lowest' (2025) is a feature film directed by Spike Lee, starring Denzel Washington,Jeffrey Wright,Ilfenesh Hadera,ASAP Rocky, produced by Apple Studios/A24/Escape Artists/Mandalay Pictures/40 Acres and a Mule Filmworks.",https://en.wikipedia.org/wiki/Highest_2_Lowest,https://images.unsplash.com/photo-1489599849927-2ee91cede3ba?w=500&auto=format&fit=crop&q=60
Night Always Comes,2025,August,,Drama,8.7,295877,138,30408759,23272506,Benjamin Caron,Sarah Conradt,"Vanessa Kirby,Jennifer Jason Leigh,Zack Gottsagen,Stephan James,Randall Park,Julia Fox,Michael Kelly,Eli Roth",Netflix,PG-13,English,United States,"'Night Always Comes' (2025) is a feature film directed by Benjamin Caron, starring Vanessa Kirby,Jennifer Jason Leigh,Zack Gottsagen,Stephan James,Randall Park,Julia Fox,Michael Kelly,Eli Roth, produced by Netflix.",https://en.wikipedia.org/wiki/Night_Always_Comes,https://images.unsplash.com/photo-1489599849927-2ee91cede3ba?w=500&auto=format&fit=crop&q=60
The Knife,2025,August,,Comedy,6.1,119961,154,27462387,21308258,,Mark Duplass,"Nnamdi Asomugha, Nnamdi Asomugha,Melissa Leo,Aja Naomi King,Manny Jacinto",Relativity Media/Duplass Brothers Productions,PG-13,English,United States,"'The Knife' (2025) is a feature film directed by acclaimed filmmakers, starring Nnamdi Asomugha, Nnamdi Asomugha,Melissa Leo,Aja Naomi King,Manny Jacinto, produced by Relativity Media/Duplass Brothers Productions.",https://en.wikipedia.org/wiki/The_Knife_(2024_film),https://images.unsplash.com/photo-1489599849927-2ee91cede3ba?w=500&auto=format&fit=crop&q=60
Under Fire,2025,August,,"Sci-Fi, Adventure",8.0,143443,122,27855681,21570454,Steven C. Miller,"Cory Todd Hughes, Adrian Speckert","Dylan Sprouse,Mason Gooding,Emilio Rivera,Declan Michael Laird",Vertical/Voltage Pictures,PG-13,English,United States,"'Under Fire' (2025) is a feature film directed by Steven C. Miller, starring Dylan Sprouse,Mason Gooding,Emilio Rivera,Declan Michael Laird, produced by Vertical/Voltage Pictures.",https://en.wikipedia.org/wiki/Under_Fire_(2025_film),https://images.unsplash.com/photo-1489599849927-2ee91cede3ba?w=500&auto=format&fit=crop&q=60
A Spartan Dream,2025,August,,Drama,6.6,226028,162,29238876,22492584,,"Leonidas G. Demas, George Demas, Michael A. Nickles","M. Achilles, Peter Bundic, Georgia Mesariti,Katerina Didaskalou,Renos Haralambidis, Kostas Koroniaos, Nikos Tsergas",Freestyle Digital Media,PG-13,English,United States,"'A Spartan Dream' (2025) is a feature film directed by acclaimed filmmakers, starring M. Achilles, Peter Bundic, Georgia Mesariti,Katerina Didaskalou,Renos Haralambidis, Kostas Koroniaos, Nikos Tsergas, produced by Freestyle Digital Media.",https://en.wikipedia.org/wiki/A_Spartan_Dream,https://images.unsplash.com/photo-1489599849927-2ee91cede3ba?w=500&auto=format&fit=crop&q=60
The Map That Leads to You,2025,August,20,"Sci-Fi, Adventure",6.3,389606,159,31978602,24319068,Lasse Hallström,"Leslie Bohem, Vera Herbert","Madelyn Cline,KJ Apa,Sofia Wylie,Madison Thompson,Josh Lucas",Amazon MGM Studios/Temple Hill Entertainment,PG-13,English,United States,"'The Map That Leads to You' (2025) is a feature film directed by Lasse Hallström, starring Madelyn Cline,KJ Apa,Sofia Wylie,Madison Thompson,Josh Lucas, produced by Amazon MGM Studios/Temple Hill Entertainment.",https://en.wikipedia.org/wiki/The_Map_That_Leads_to_You,https://images.unsplash.com/photo-1489599849927-2ee91cede3ba?w=500&auto=format&fit=crop&q=60
Honey Don't!,2025,August,22,Comedy,7.3,161751,139,28162317,21774878,,Tricia Cooke,"Ethan Coen, Margaret Qualley,Aubrey Plaza,Chris Evans",Focus Features/Working Title Films,PG-13,English,United States,"'Honey Don't!' (2025) is a feature film directed by acclaimed filmmakers, starring Ethan Coen, Margaret Qualley,Aubrey Plaza,Chris Evans, produced by Focus Features/Working Title Films.",https://en.wikipedia.org/wiki/Honey_Don't!,https://images.unsplash.com/photo-1489599849927-2ee91cede3ba?w=500&auto=format&fit=crop&q=60
Eden,2025,August,,"Action, Adventure, Drama, History",8.9,33595,95,26015865,20343910,Ron Howard,Noah Pink,"Jude Law,Ana de Armas,Vanessa Kirby,Daniel Brühl,Sydney Sweeney,Toby Wallace,Felix Kammerer,Richard Roxburgh",Vertical/Imagine Entertainment/AGC Studios,PG-13,English,United States,"'Eden' (2025) is a feature film directed by Ron Howard, starring Jude Law,Ana de Armas,Vanessa Kirby,Daniel Brühl,Sydney Sweeney,Toby Wallace,Felix Kammerer,Richard Roxburgh, produced by Vertical/Imagine Entertainment/AGC Studios.",https://en.wikipedia.org/wiki/Eden_(2024_film),https://images.unsplash.com/photo-1489599849927-2ee91cede3ba?w=500&auto=format&fit=crop&q=60
Relay,2025,August,,"Romance, Drama",8.6,59266,149,26445822,20630548,David Mackenzie,Justin Piasecki,"Riz Ahmed,Lily James,Sam Worthington",Bleecker Street/Black Bear Pictures/Thunder Road Films,PG-13,English,United States,"'Relay' (2025) is a feature film directed by David Mackenzie, starring Riz Ahmed,Lily James,Sam Worthington, produced by Bleecker Street/Black Bear Pictures/Thunder Road Films.",https://en.wikipedia.org/wiki/Relay_(film),https://images.unsplash.com/photo-1489599849927-2ee91cede3ba?w=500&auto=format&fit=crop&q=60
Splitsville,2025,August,,Drama,6.3,192596,144,28678932,22119288,,Kyle Marvin,"Michael Angelo Covino, Dakota Johnson,Adria Arjona, Kyle Marvin, Michael Angelo Covino,Nicholas Braun,David Castañeda,O-T Fagbenle",Neon/Topic Studios,PG-13,English,United States,"'Splitsville' (2025) is a feature film directed by acclaimed filmmakers, starring Michael Angelo Covino, Dakota Johnson,Adria Arjona, Kyle Marvin, Michael Angelo Covino,Nicholas Braun,David Castañeda,O-T Fagbenle, produced by Neon/Topic Studios.",https://en.wikipedia.org/wiki/Splitsville_(film),https://images.unsplash.com/photo-1489599849927-2ee91cede3ba?w=500&auto=format&fit=crop&q=60
Afterburn,2025,August,,"Crime, Drama",8.5,144438,127,27872346,21581564,J. J. Perry,"Matt Johnson,Nimród Antal","Dave Bautista,Samuel L. Jackson,Olga Kurylenko,Kristofer Hivju",Saban Films/Original Film,PG-13,English,United States,"'Afterburn' (2025) is a feature film directed by J. J. Perry, starring Dave Bautista,Samuel L. Jackson,Olga Kurylenko,Kristofer Hivju, produced by Saban Films/Original Film.",https://en.wikipedia.org/wiki/Afterburn_(2025_film),https://images.unsplash.com/photo-1489599849927-2ee91cede3ba?w=500&auto=format&fit=crop&q=60
Trust,2025,August,,"Adventure, Drama",9.0,66629,111,26569143,20712762,Carlson Young,Gigi Levangie,"Sophie Turner,Rhys Coiro,Billy Campbell,Peter Mensah,Forrest Goodluck,Gianni Paolo,Renata Vaca,Katey Sagal",Republic Pictures/Twisted Pictures,PG-13,English,United States,"'Trust' (2025) is a feature film directed by Carlson Young, starring Sophie Turner,Rhys Coiro,Billy Campbell,Peter Mensah,Forrest Goodluck,Gianni Paolo,Renata Vaca,Katey Sagal, produced by Republic Pictures/Twisted Pictures.",https://en.wikipedia.org/wiki/Trust_(2025_film),https://images.unsplash.com/photo-1489599849927-2ee91cede3ba?w=500&auto=format&fit=crop&q=60
The Workout,2025,August,27,"Sci-Fi, Adventure",6.7,173691,124,28362297,21908198,,"David Josh Lawrence, BJ Hendricks","James Cullen Bressack, Peter Jae,Galadriel Stineman,Josh Kelly,Ashlee Evans-Smith,Kristos Andrews,Augie Duke",Anchor Bay Entertainment,PG-13,English,United States,"'The Workout' (2025) is a feature film directed by acclaimed filmmakers, starring James Cullen Bressack, Peter Jae,Galadriel Stineman,Josh Kelly,Ashlee Evans-Smith,Kristos Andrews,Augie Duke, produced by Anchor Bay Entertainment.",https://en.wikipedia.org/wiki/The_Workout,https://images.unsplash.com/photo-1489599849927-2ee91cede3ba?w=500&auto=format&fit=crop&q=60
The Thursday Murder Club,2025,August,28,"Sci-Fi, Adventure",7.8,405725,90,32248575,24499050,,"Katy Brand, Suzanne Heathcote","Chris Columbus, Helen Mirren,Pierce Brosnan,Ben Kingsley,Celia Imrie,David Tennant,Jonathan Pryce,Naomi Ackie,Daniel Mays,Henry Lloyd-Hughes,Richard E. Grant,Tom Ellis,Geoff Bell,Paul Freeman,Sarah Niles,Ingrid Oliver",Netflix/Amblin Entertainment,PG-13,English,United States,"'The Thursday Murder Club' (2025) is a feature film directed by acclaimed filmmakers, starring Chris Columbus, Helen Mirren,Pierce Brosnan,Ben Kingsley,Celia Imrie,David Tennant,Jonathan Pryce,Naomi Ackie,Daniel Mays,Henry Lloyd-Hughes,Richard E. Grant,Tom Ellis,Geoff Bell,Paul Freeman,Sarah Niles,Ingrid Oliver, produced by Netflix/Amblin Entertainment.",https://en.wikipedia.org/wiki/The_Thursday_Murder_Club_(film),https://images.unsplash.com/photo-1489599849927-2ee91cede3ba?w=500&auto=format&fit=crop&q=60
Caught Stealing,2025,August,29,"Romance, Drama",7.9,248316,124,29612172,22741448,Darren Aronofsky,Charlie Huston,"Austin Butler,Regina King,Zoë Kravitz,Matt Smith,Liev Schreiber,Vincent D'Onofrio,Griffin Dunne,Benito Antonio Martínez Ocasio,Carol Kane",Columbia Pictures/Protozoa Pictures,PG-13,English,United States,"'Caught Stealing' (2025) is a feature film directed by Darren Aronofsky, starring Austin Butler,Regina King,Zoë Kravitz,Matt Smith,Liev Schreiber,Vincent D'Onofrio,Griffin Dunne,Benito Antonio Martínez Ocasio,Carol Kane, produced by Columbia Pictures/Protozoa Pictures.",https://en.wikipedia.org/wiki/Caught_Stealing_(film),https://images.unsplash.com/photo-1489599849927-2ee91cede3ba?w=500&auto=format&fit=crop&q=60
The Roses,2025,August,,"Horror, Thriller",9.2,126130,110,40942850,11541580,Jay Roach,Tony McNamara,"Benedict Cumberbatch,Olivia Colman,Andy Samberg,Allison Janney,Belinda Bromilow,Sunita Mani,Ncuti Gatwa,Jamie Demetriou,Zoë Chao,Kate McKinnon",Searchlight Pictures,R,English,United States,"'The Roses' (2025) is a feature film directed by Jay Roach, starring Benedict Cumberbatch,Olivia Colman,Andy Samberg,Allison Janney,Belinda Bromilow,Sunita Mani,Ncuti Gatwa,Jamie Demetriou,Zoë Chao,Kate McKinnon, produced by Searchlight Pictures.",https://en.wikipedia.org/wiki/The_Roses_(film),https://images.unsplash.com/photo-1489599849927-2ee91cede3ba?w=500&auto=format&fit=crop&q=60
"Love, Brooklyn",2025,August,,"Sci-Fi, Adventure",8.2,222645,145,29182215,22454810,Rachel Abigail Holder,Paul Zimmerman,"André Holland,Nicole Beharie,DeWanda Wise,Roy Wood Jr.",Greenwich Entertainment,PG-13,English,United States,"'Love, Brooklyn' (2025) is a feature film directed by Rachel Abigail Holder, starring André Holland,Nicole Beharie,DeWanda Wise,Roy Wood Jr., produced by Greenwich Entertainment.","https://en.wikipedia.org/wiki/Love,_Brooklyn",https://images.unsplash.com/photo-1489599849927-2ee91cede3ba?w=500&auto=format&fit=crop&q=60
The Conjuring: Last Rites,2025,September,5,"Horror, Mystery, Thriller",7.1,417466,149,49075370,13348156,Michael Chaves,"Ian Goldberg, Richard Naing,David Leslie Johnson-McGoldrick","Patrick Wilson,Vera Farmiga,Mia Tomlinson,Ben Hardy, Steve Coulter",Warner Bros. Pictures/New Line Cinema/Atomic Monster/The Safran Company,R,English,United States,"'The Conjuring: Last Rites' (2025) is a feature film directed by Michael Chaves, starring Patrick Wilson,Vera Farmiga,Mia Tomlinson,Ben Hardy, Steve Coulter, produced by Warner Bros. Pictures/New Line Cinema/Atomic Monster/The Safran Company.",https://en.wikipedia.org/wiki/The_Conjuring:_Last_Rites,https://images.unsplash.com/photo-1489599849927-2ee91cede3ba?w=500&auto=format&fit=crop&q=60
The Threesome,2025,September,,"Comedy, Drama",7.9,208914,151,28952238,22301492,Chad Hartigan,Ethan Ogilby,"Zoey Deutch,Jonah Hauer-King,Ruby Cruz,Jaboukie Young-White,Josh Segarra,Robert Longstreet,Arden Myrin,Julia Sweeney",Vertical,PG-13,English,United States,"'The Threesome' (2025) is a feature film directed by Chad Hartigan, starring Zoey Deutch,Jonah Hauer-King,Ruby Cruz,Jaboukie Young-White,Josh Segarra,Robert Longstreet,Arden Myrin,Julia Sweeney, produced by Vertical.",https://en.wikipedia.org/wiki/The_Threesome,https://images.unsplash.com/photo-1489599849927-2ee91cede3ba?w=500&auto=format&fit=crop&q=60
Preparation for the Next Life,2025,September,,"Sci-Fi, Adventure",6.5,51643,122,33855081,25570054,Bing Liu,Martyna Majok,"Sebiye Behtiyar,Fred Hechinger",Orion Pictures/Plan B Entertainment,PG-13,English,United States,"'Preparation for the Next Life' (2025) is a feature film directed by Bing Liu, starring Sebiye Behtiyar,Fred Hechinger, produced by Orion Pictures/Plan B Entertainment.",https://en.wikipedia.org/wiki/Preparation_for_the_Next_Life_(film),https://images.unsplash.com/photo-1489599849927-2ee91cede3ba?w=500&auto=format&fit=crop&q=60
The Cut,2025,September,,"Sci-Fi, Adventure",6.6,81554,111,26819118,20879412,Sean Ellis,Justin Bull,"Orlando Bloom,Caitríona Balfe,John Turturro",Republic Pictures,PG-13,English,United States,"'The Cut' (2025) is a feature film directed by Sean Ellis, starring Orlando Bloom,Caitríona Balfe,John Turturro, produced by Republic Pictures.",https://en.wikipedia.org/wiki/The_Cut_(2024_film),https://images.unsplash.com/photo-1489599849927-2ee91cede3ba?w=500&auto=format&fit=crop&q=60
Bad Man,2025,September,,"Sci-Fi, Adventure",9.0,73196,144,26679132,20786088,,JJ Nelson,"Michael Dilibert, Seann William Scott,Johnny Simmons,Chance Perdomo,Lovi Poe,Kaitlin Doubleday,Ethan Suplee,Rob Riggle",Vertical/C'est Lovi Productions/SSS Entertainment,PG-13,English,United States,"'Bad Man' (2025) is a feature film directed by acclaimed filmmakers, starring Michael Dilibert, Seann William Scott,Johnny Simmons,Chance Perdomo,Lovi Poe,Kaitlin Doubleday,Ethan Suplee,Rob Riggle, produced by Vertical/C'est Lovi Productions/SSS Entertainment.",https://en.wikipedia.org/wiki/Bad_Man_(2025_film),https://images.unsplash.com/photo-1489599849927-2ee91cede3ba?w=500&auto=format&fit=crop&q=60
The Baltimorons,2025,September,,Drama,7.0,253092,148,29692164,22794776,,Michael Strassner,"Jay Duplass, Michael Strassner,Liz Larsen,Olivia Luccardi",Independent Film Company/Duplass Brothers Productions,PG-13,English,United States,"'The Baltimorons' (2025) is a feature film directed by acclaimed filmmakers, starring Jay Duplass, Michael Strassner,Liz Larsen,Olivia Luccardi, produced by Independent Film Company/Duplass Brothers Productions.",https://en.wikipedia.org/wiki/The_Baltimorons,https://images.unsplash.com/photo-1489599849927-2ee91cede3ba?w=500&auto=format&fit=crop&q=60
Light of the World,2025,September,,"Action, Adventure, Drama, Sci-Fi",7.6,287121,94,30262107,23174738,"Tom Bancroft, John Schafer","David Armstrong, Drew Armstrong","David Kaye, Adam Kozlick",Salvation Poem Project / Epipheo / Lighthouse Studios,PG-13,English,United States,"'Light of the World' (2025) is a feature film directed by Tom Bancroft, John Schafer, starring David Kaye, Adam Kozlick, produced by Salvation Poem Project / Epipheo / Lighthouse Studios.",https://en.wikipedia.org/wiki/Light_of_the_World_(film),https://images.unsplash.com/photo-1489599849927-2ee91cede3ba?w=500&auto=format&fit=crop&q=60
Downton Abbey: The Grand Finale,2025,September,12,"Horror, Mystery, Thriller",8.6,62389,101,51725105,13936774,Simon Curtis,Julian Fellowes,"Hugh Bonneville,Laura Carmichael,Jim Carter,Michelle Dockery,Paul Giamatti,Phyllis Logan,Allen Leech,Elizabeth McGovern,Joely Richardson,Alessandro Nivola,Imelda Staunton,Dominic West,Penelope Wilton",Focus Features/Carnival Films,R,English,United States,"'Downton Abbey: The Grand Finale' (2025) is a feature film directed by Simon Curtis, starring Hugh Bonneville,Laura Carmichael,Jim Carter,Michelle Dockery,Paul Giamatti,Phyllis Logan,Allen Leech,Elizabeth McGovern,Joely Richardson,Alessandro Nivola,Imelda Staunton,Dominic West,Penelope Wilton, produced by Focus Features/Carnival Films.",https://en.wikipedia.org/wiki/Downton_Abbey:_The_Grand_Finale,https://images.unsplash.com/photo-1489599849927-2ee91cede3ba?w=500&auto=format&fit=crop&q=60
The Long Walk,2025,September,,"Action, Adventure, Drama, History",6.9,187223,117,28588941,22059294,Francis Lawrence,JT Mollner,"Cooper Hoffman,David Jonsson,Garrett Wareing,Joshua Odjick,Tut Nyuot,Charlie Plummer,Ben Wang,Roman Griffin Davis, Jordan Gonzalez,Josh Hamilton,Judy Greer,Mark Hamill",Lionsgate/Vertigo Entertainment,PG-13,English,United States,"'The Long Walk' (2025) is a feature film directed by Francis Lawrence, starring Cooper Hoffman,David Jonsson,Garrett Wareing,Joshua Odjick,Tut Nyuot,Charlie Plummer,Ben Wang,Roman Griffin Davis, Jordan Gonzalez,Josh Hamilton,Judy Greer,Mark Hamill, produced by Lionsgate/Vertigo Entertainment.",https://en.wikipedia.org/wiki/The_Long_Walk_(2025_film),https://images.unsplash.com/photo-1489599849927-2ee91cede3ba?w=500&auto=format&fit=crop&q=60
Spinal Tap II: The End Continues,2025,September,,"Sci-Fi, Adventure",9.2,63583,107,34055061,25703374,,"Christopher Guest,Michael McKean,Harry Shearer","Rob Reiner, Christopher Guest, Michael McKean, Harry Shearer, Rob Reiner,Fran Drescher",Bleecker Street/Castle Rock Entertainment,PG-13,English,United States,"'Spinal Tap II: The End Continues' (2025) is a feature film directed by acclaimed filmmakers, starring Rob Reiner, Christopher Guest, Michael McKean, Harry Shearer, Rob Reiner,Fran Drescher, produced by Bleecker Street/Castle Rock Entertainment.",https://en.wikipedia.org/wiki/Spinal_Tap_II:_The_End_Continues,https://images.unsplash.com/photo-1489599849927-2ee91cede3ba?w=500&auto=format&fit=crop&q=60
The History of Sound,2025,September,,"Sci-Fi, Adventure",6.4,330702,163,30992034,23661356,Oliver Hermanus,Ben Shattuck,"Paul Mescal,Josh O'Connor,Chris Cooper",Mubi/Film4/Closer Media/Tango Entertainment,PG-13,English,United States,"'The History of Sound' (2025) is a feature film directed by Oliver Hermanus, starring Paul Mescal,Josh O'Connor,Chris Cooper, produced by Mubi/Film4/Closer Media/Tango Entertainment.",https://en.wikipedia.org/wiki/The_History_of_Sound,https://images.unsplash.com/photo-1489599849927-2ee91cede3ba?w=500&auto=format&fit=crop&q=60
Tin Soldier,2025,September,,"Action, Adventure, Drama, History",6.9,167522,93,28258974,21839316,,"Jess Fuerst,Pablo Fenjves","Brad Furman, Jamie Foxx,Robert De Niro,Scott Eastwood,John Leguizamo,Shamier Anderson,Rita Ora",Samuel Goldwyn Films,PG-13,English,United States,"'Tin Soldier' (2025) is a feature film directed by acclaimed filmmakers, starring Brad Furman, Jamie Foxx,Robert De Niro,Scott Eastwood,John Leguizamo,Shamier Anderson,Rita Ora, produced by Samuel Goldwyn Films.",https://en.wikipedia.org/wiki/Tin_Soldier_(film),https://images.unsplash.com/photo-1489599849927-2ee91cede3ba?w=500&auto=format&fit=crop&q=60
The Wrong Paris,2025,September,,"Romance, Drama",7.5,234386,129,29378862,22585908,Janeen Damian,Nicole Henrich,"Miranda Cosgrove,Pierson Fodé,Madison Pettis,Madeleine Arthur,Frances Fisher,Yvonne Orji",Netflix,PG-13,English,United States,"'The Wrong Paris' (2025) is a feature film directed by Janeen Damian, starring Miranda Cosgrove,Pierson Fodé,Madison Pettis,Madeleine Arthur,Frances Fisher,Yvonne Orji, produced by Netflix.",https://en.wikipedia.org/wiki/The_Wrong_Paris,https://images.unsplash.com/photo-1489599849927-2ee91cede3ba?w=500&auto=format&fit=crop&q=60
Looking Through Water,2025,September,,"Sci-Fi, Adventure",6.5,363736,104,31545312,24030208,Roberto Sneider,"Rowdy Herrington,Zach Dean","Michael Stahl-David,David Morse,Cameron Douglas,Ximena Romo,Walker Scobell,Michael Douglas",Good Deed Entertainment,PG-13,English,United States,"'Looking Through Water' (2025) is a feature film directed by Roberto Sneider, starring Michael Stahl-David,David Morse,Cameron Douglas,Ximena Romo,Walker Scobell,Michael Douglas, produced by Good Deed Entertainment.",https://en.wikipedia.org/wiki/Looking_Through_Water,https://images.unsplash.com/photo-1489599849927-2ee91cede3ba?w=500&auto=format&fit=crop&q=60
Code 3,2025,September,,"Sci-Fi, Adventure",7.2,49913,102,26289171,20526114,,Patrick Pianezza,"Christopher Leone, Rainn Wilson,Lil Rel Howery,Aimee Carrero",Aura Entertainment /Wayfarer Studios,PG-13,English,United States,"'Code 3' (2025) is a feature film directed by acclaimed filmmakers, starring Christopher Leone, Rainn Wilson,Lil Rel Howery,Aimee Carrero, produced by Aura Entertainment /Wayfarer Studios.",https://en.wikipedia.org/wiki/Code_3_(film),https://images.unsplash.com/photo-1489599849927-2ee91cede3ba?w=500&auto=format&fit=crop&q=60
Motherland,2025,September,,"Mystery, Thriller",8.7,164537,153,42014965,11779742,Evan Matthews,Nicole Roewe,"Miriam Silverman,Holland Taylor,Néstor Carbonell",Vertical,R,English,United States,"'Motherland' (2025) is a feature film directed by Evan Matthews, starring Miriam Silverman,Holland Taylor,Néstor Carbonell, produced by Vertical.",https://en.wikipedia.org/wiki/Motherland,https://images.unsplash.com/photo-1489599849927-2ee91cede3ba?w=500&auto=format&fit=crop&q=60
Traumatika,2025,September,,"Drama, Thriller",9.2,165532,158,28225644,21817096,,Maxime Rancon,"Pierre Tsigaridis, Rebekah Kennedy, Ranen Navat,Emily Goss, Susan Gayle Watts",Saban Films,PG-13,English,United States,"'Traumatika' (2025) is a feature film directed by acclaimed filmmakers, starring Pierre Tsigaridis, Rebekah Kennedy, Ranen Navat,Emily Goss, Susan Gayle Watts, produced by Saban Films.",https://en.wikipedia.org/wiki/Traumatika,https://images.unsplash.com/photo-1489599849927-2ee91cede3ba?w=500&auto=format&fit=crop&q=60
The Man in My Basement,2025,September,,"Romance, Drama",8.7,341846,144,31178682,23785788,,Walter Mosley,"Nadia Latif, Corey Hawkins,Willem Dafoe,Anna Diop,Tamara Lawrance",Hulu/Andscape,PG-13,English,United States,"'The Man in My Basement' (2025) is a feature film directed by acclaimed filmmakers, starring Nadia Latif, Corey Hawkins,Willem Dafoe,Anna Diop,Tamara Lawrance, produced by Hulu/Andscape.",https://en.wikipedia.org/wiki/The_Man_in_My_Basement,https://images.unsplash.com/photo-1489599849927-2ee91cede3ba?w=500&auto=format&fit=crop&q=60
Him,2025,September,19,"Adventure, Drama",6.1,14889,151,25702563,20135042,,"Zack Akers, Skip Bronkie","Justin Tipping, Marlon Wayans,Tyriq Withers,Julia Fox,Tim Heidecker,Jim Jefferies",Universal Pictures/Monkeypaw Productions,PG-13,English,United States,"'Him' (2025) is a feature film directed by acclaimed filmmakers, starring Justin Tipping, Marlon Wayans,Tyriq Withers,Julia Fox,Tim Heidecker,Jim Jefferies, produced by Universal Pictures/Monkeypaw Productions.",https://en.wikipedia.org/wiki/Him_(2025_film),https://images.unsplash.com/photo-1489599849927-2ee91cede3ba?w=500&auto=format&fit=crop&q=60
A Big Bold Beautiful Journey,2025,September,,"Romance, Drama",6.0,11246,144,33178482,25118988,Kogonada,Seth Reiss,"Colin Farrell,Margot Robbie,Kevin Kline,Phoebe Waller-Bridge",Columbia Pictures/30West,PG-13,English,United States,"'A Big Bold Beautiful Journey' (2025) is a feature film directed by Kogonada, starring Colin Farrell,Margot Robbie,Kevin Kline,Phoebe Waller-Bridge, produced by Columbia Pictures/30West.",https://en.wikipedia.org/wiki/A_Big_Bold_Beautiful_Journey,https://images.unsplash.com/photo-1489599849927-2ee91cede3ba?w=500&auto=format&fit=crop&q=60
The Lost Bus,2025,September,,"Horror, Mystery, Thriller",8.5,170706,109,42187170,11817996,,Brad Ingelsby,"Paul Greengrass, Matthew McConaughey,America Ferrera,Yul Vazquez,Ashlie Atkinson, Spencer Watson",Apple TV+/Apple Studios/Blumhouse Productions,R,English,United States,"'The Lost Bus' (2025) is a feature film directed by acclaimed filmmakers, starring Paul Greengrass, Matthew McConaughey,America Ferrera,Yul Vazquez,Ashlie Atkinson, Spencer Watson, produced by Apple TV+/Apple Studios/Blumhouse Productions.",https://en.wikipedia.org/wiki/The_Lost_Bus,https://images.unsplash.com/photo-1489599849927-2ee91cede3ba?w=500&auto=format&fit=crop&q=60
The Senior,2025,September,,Drama,6.0,146030,135,27899010,21599340,Rod Lurie,Bob Eisele,"Michael Chiklis,Mary Stuart Masterson,Rob Corddry,Brandon Flynn",Angel/Wayfarer Studios,PG-13,English,United States,"'The Senior' (2025) is a feature film directed by Rod Lurie, starring Michael Chiklis,Mary Stuart Masterson,Rob Corddry,Brandon Flynn, produced by Angel/Wayfarer Studios.",https://en.wikipedia.org/wiki/The_Senior_(film),https://images.unsplash.com/photo-1489599849927-2ee91cede3ba?w=500&auto=format&fit=crop&q=60
Swiped,2025,September,,Drama,6.5,81355,110,26815785,20877190,,"Bill Parker, Kim Caramele","Rachel Lee Goldenberg, Lily James,Dan Stevens,Myha'la,Jackson White,Ben Schnetzer,Pierson Fodé,Ian Colletti",Hulu/20th Century Studios,PG-13,English,United States,"'Swiped' (2025) is a feature film directed by acclaimed filmmakers, starring Rachel Lee Goldenberg, Lily James,Dan Stevens,Myha'la,Jackson White,Ben Schnetzer,Pierson Fodé,Ian Colletti, produced by Hulu/20th Century Studios.",https://en.wikipedia.org/wiki/Swiped_(2025_film),https://images.unsplash.com/photo-1489599849927-2ee91cede3ba?w=500&auto=format&fit=crop&q=60
Adulthood,2025,September,,Drama,8.0,143443,122,27855681,21570454,Alex Winter,Michael M.B. Galvin,"Kaya Scodelario,Josh Gad, Alex Winter,Billie Lourd,Anthony Carrigan",Republic Pictures,PG-13,English,United States,"'Adulthood' (2025) is a feature film directed by Alex Winter, starring Kaya Scodelario,Josh Gad, Alex Winter,Billie Lourd,Anthony Carrigan, produced by Republic Pictures.",https://en.wikipedia.org/wiki/Adulthood_(2025_film),https://images.unsplash.com/photo-1489599849927-2ee91cede3ba?w=500&auto=format&fit=crop&q=60
London Calling,2025,September,,"Sci-Fi, Adventure",6.7,226227,163,29242209,22494806,,"Omer Levin Menekse, Quinn Wolfe","Allan Ungar, Josh Duhamel,Rick Hoffman,Jeremy Ray Taylor,Aidan Gillen",Quiver Distribution,PG-13,English,United States,"'London Calling' (2025) is a feature film directed by acclaimed filmmakers, starring Allan Ungar, Josh Duhamel,Rick Hoffman,Jeremy Ray Taylor,Aidan Gillen, produced by Quiver Distribution.",https://en.wikipedia.org/wiki/London_Calling_(film),https://images.unsplash.com/photo-1489599849927-2ee91cede3ba?w=500&auto=format&fit=crop&q=60
The Summer Book,2025,September,,"Musical, Drama",6.7,232794,121,29352198,22568132,Charlie McDowell,Robert Jones,"Glenn Close, Emily Matthews,Anders Danielsen Lie",Music Box Films,PG-13,English,United States,"'The Summer Book' (2025) is a feature film directed by Charlie McDowell, starring Glenn Close, Emily Matthews,Anders Danielsen Lie, produced by Music Box Films.",https://en.wikipedia.org/wiki/The_Summer_Book_(film),https://images.unsplash.com/photo-1489599849927-2ee91cede3ba?w=500&auto=format&fit=crop&q=60
Prisoner of War,2025,September,,"Action, Adventure, Drama, History",7.8,241550,90,29498850,22665900,Louis Mandylor,"Scott Adkins, Marc Clebanoff","Scott Adkins,Peter Shinkoda,Donald Cerrone, Michael Copon",Well Go USA Entertainment,PG-13,English,United States,"'Prisoner of War' (2025) is a feature film directed by Louis Mandylor, starring Scott Adkins,Peter Shinkoda,Donald Cerrone, Michael Copon, produced by Well Go USA Entertainment.",https://en.wikipedia.org/wiki/Prisoner_of_War_(2025_film),https://images.unsplash.com/photo-1489599849927-2ee91cede3ba?w=500&auto=format&fit=crop&q=60
Doin' It,2025,September,,"Sci-Fi, Adventure",6.6,88121,144,26929107,20952738,,"Neel Patel,Lilly Singh","Sara Zandieh, Lilly Singh, Sonia Dhillon Tully,Sabrina Jalees,Ana Gasteyer,Stephanie Beatriz,Mary Holland",Aura Entertainment /Likely Story,PG-13,English,United States,"'Doin' It' (2025) is a feature film directed by acclaimed filmmakers, starring Sara Zandieh, Lilly Singh, Sonia Dhillon Tully,Sabrina Jalees,Ana Gasteyer,Stephanie Beatriz,Mary Holland, produced by Aura Entertainment /Likely Story.",https://en.wikipedia.org/wiki/Doin'_It_(film),https://images.unsplash.com/photo-1489599849927-2ee91cede3ba?w=500&auto=format&fit=crop&q=60
American Sweatshop,2025,September,,"Sci-Fi, Adventure",8.0,314185,155,30715395,23476930,Uta Briesewitz,Matthew Nemeth,"Lili Reinhart,Daniela Melchior,Joel Fry,Christiane Paul",Brainstorm Media,PG-13,English,United States,"'American Sweatshop' (2025) is a feature film directed by Uta Briesewitz, starring Lili Reinhart,Daniela Melchior,Joel Fry,Christiane Paul, produced by Brainstorm Media.",https://en.wikipedia.org/wiki/American_Sweatshop,https://images.unsplash.com/photo-1489599849927-2ee91cede3ba?w=500&auto=format&fit=crop&q=60
Stolen Girl,2025,September,25,"Action, Adventure, Drama, History",7.5,168716,99,28278972,21852648,James Kent,"Kas Graham, Rebecca Pollock","Kate Beckinsale,Scott Eastwood, Jordan Duvigneau,Matt Craven, Alejandra Howard, Arvin Kananian",Vertical,PG-13,English,United States,"'Stolen Girl' (2025) is a feature film directed by James Kent, starring Kate Beckinsale,Scott Eastwood, Jordan Duvigneau,Matt Craven, Alejandra Howard, Arvin Kananian, produced by Vertical.",https://en.wikipedia.org/wiki/Stolen_Girl_(2025_film),https://images.unsplash.com/photo-1489599849927-2ee91cede3ba?w=500&auto=format&fit=crop&q=60
Gabby's Dollhouse: The Movie,2025,September,,"Animation, Family, Adventure",6.8,12838,152,33205146,25136764,Ryan Crego,"Mike Lew, Rehana Lew Mirza, Adam Wilson, Melaine Wilson LaBracio","Laila Lockhart Kraner,Jason Mantzoukas,Gloria Estefan,Kristen Wiig",Universal Pictures/DreamWorks Animation,PG-13,English,United States,"'Gabby's Dollhouse: The Movie' (2025) is a feature film directed by Ryan Crego, starring Laila Lockhart Kraner,Jason Mantzoukas,Gloria Estefan,Kristen Wiig, produced by Universal Pictures/DreamWorks Animation.",https://en.wikipedia.org/wiki/Gabby's_Dollhouse:_The_Movie,https://images.unsplash.com/photo-1489599849927-2ee91cede3ba?w=500&auto=format&fit=crop&q=60
The Strangers – Chapter 2,2025,September,,"Sci-Fi, Adventure",8.5,216033,157,59219211,42479474,Renny Harlin,"Alan R. Cohen, Alan Freedland","Madelaine Petsch,Gabriel Basso,Froy Gutierrez,Ema Horvath,Ella Bruccoleri",Lionsgate,PG-13,English,United States,"'The Strangers – Chapter 2' (2025) is a feature film directed by Renny Harlin, starring Madelaine Petsch,Gabriel Basso,Froy Gutierrez,Ema Horvath,Ella Bruccoleri, produced by Lionsgate.",https://en.wikipedia.org/wiki/The_Strangers_–_Chapter_2,https://images.unsplash.com/photo-1489599849927-2ee91cede3ba?w=500&auto=format&fit=crop&q=60
Eleanor the Great,2025,September,,Comedy,8.2,275181,109,30062127,23041418,Scarlett Johansson,Tory Kamen,"June Squibb,Erin Kellyman,Jessica Hecht,Rita Zohar,Chiwetel Ejiofor",Sony Pictures Classics/TriStar Pictures/Pinky Promise/Maven Screen Media,PG-13,English,United States,"'Eleanor the Great' (2025) is a feature film directed by Scarlett Johansson, starring June Squibb,Erin Kellyman,Jessica Hecht,Rita Zohar,Chiwetel Ejiofor, produced by Sony Pictures Classics/TriStar Pictures/Pinky Promise/Maven Screen Media.",https://en.wikipedia.org/wiki/Eleanor_the_Great,https://images.unsplash.com/photo-1489599849927-2ee91cede3ba?w=500&auto=format&fit=crop&q=60
All of You,2025,September,,"Horror, Thriller",8.9,132100,140,41109500,11578600,,Brett Goldstein,"William Bridges, Brett Goldstein,Imogen Poots,Zawe Ashton,Steven Cree,Jenna Coleman",Apple TV+/Republic Pictures/MRC/Ryder Picture Company,R,English,United States,"'All of You' (2025) is a feature film directed by acclaimed filmmakers, starring William Bridges, Brett Goldstein,Imogen Poots,Zawe Ashton,Steven Cree,Jenna Coleman, produced by Apple TV+/Republic Pictures/MRC/Ryder Picture Company.",https://en.wikipedia.org/wiki/All_of_You_(2024_film),https://images.unsplash.com/photo-1489599849927-2ee91cede3ba?w=500&auto=format&fit=crop&q=60
Dead of Winter,2025,September,,"Adventure, Drama",6.1,211899,91,29002233,22334822,Brian Kirk,"Nicholas Jacobson-Larson, Dalton Leeb","Emma Thompson,Judy Greer,Marc Menchaca,Laurel Marsden,Brían F. O'Byrne",Vertical/Wild Bunch Germany/Zweites Deutsches Fernsehen,PG-13,English,United States,"'Dead of Winter' (2025) is a feature film directed by Brian Kirk, starring Emma Thompson,Judy Greer,Marc Menchaca,Laurel Marsden,Brían F. O'Byrne, produced by Vertical/Wild Bunch Germany/Zweites Deutsches Fernsehen.",https://en.wikipedia.org/wiki/Dead_of_Winter_(2025_film),https://images.unsplash.com/photo-1489599849927-2ee91cede3ba?w=500&auto=format&fit=crop&q=60
All the Devils Are Here,2025,September,,"Horror, Mystery, Thriller",7.2,358562,153,47431090,12982892,Barnaby Roper,John Patrick Dover,"Sam Claflin,Eddie Marsan,Burn Gorman, Tienne Simon,Suki Waterhouse,Rory Kinnear",Republic Pictures/T-Street Productions,R,English,United States,"'All the Devils Are Here' (2025) is a feature film directed by Barnaby Roper, starring Sam Claflin,Eddie Marsan,Burn Gorman, Tienne Simon,Suki Waterhouse,Rory Kinnear, produced by Republic Pictures/T-Street Productions.",https://en.wikipedia.org/wiki/All_the_Devils_Are_Here_(film),https://images.unsplash.com/photo-1489599849927-2ee91cede3ba?w=500&auto=format&fit=crop&q=60
Ruth & Boaz,2025,September,,Drama,6.5,140458,107,27805686,21537124,Alanna Brown,"Michael Elliot, Cory Tynan","Serayah McNeill,Tyler Lepley,Phylicia Rashad",Netflix/Tyler Perry Studios,PG-13,English,United States,"'Ruth & Boaz' (2025) is a feature film directed by Alanna Brown, starring Serayah McNeill,Tyler Lepley,Phylicia Rashad, produced by Netflix/Tyler Perry Studios.",https://en.wikipedia.org/wiki/Ruth_&_Boaz,https://images.unsplash.com/photo-1489599849927-2ee91cede3ba?w=500&auto=format&fit=crop&q=60
Play Dirty,2025,October,1,Drama,7.7,149413,152,27955671,21637114,,"Charles Mondry, Anthony Bagarozzi","Shane Black, Mark Wahlberg,LaKeith Stanfield,Rosa Salazar,Keegan-Michael Key,Chukwudi Iwuji,Nat Wolff,Gretchen Mol,Thomas Jane,Tony Shalhoub",Amazon MGM Studios/Team Downey,PG-13,English,United States,"'Play Dirty' (2025) is a feature film directed by acclaimed filmmakers, starring Shane Black, Mark Wahlberg,LaKeith Stanfield,Rosa Salazar,Keegan-Michael Key,Chukwudi Iwuji,Nat Wolff,Gretchen Mol,Thomas Jane,Tony Shalhoub, produced by Amazon MGM Studios/Team Downey.",https://en.wikipedia.org/wiki/Play_Dirty_(2025_film),https://images.unsplash.com/photo-1489599849927-2ee91cede3ba?w=500&auto=format&fit=crop&q=60
Anemone,2025,October,,"Sci-Fi, Adventure",8.6,98668,122,27105756,21070504,,Daniel Day-Lewis,"Ronan Day-Lewis, Daniel Day-Lewis,Sean Bean,Samuel Bottomley,Safia Oakley-Green,Samantha Morton",Focus Features/Plan B Entertainment,PG-13,English,United States,"'Anemone' (2025) is a feature film directed by acclaimed filmmakers, starring Ronan Day-Lewis, Daniel Day-Lewis,Sean Bean,Samuel Bottomley,Safia Oakley-Green,Samantha Morton, produced by Focus Features/Plan B Entertainment.",https://en.wikipedia.org/wiki/Anemone_(film),https://images.unsplash.com/photo-1489599849927-2ee91cede3ba?w=500&auto=format&fit=crop&q=60
Shell,2025,October,,"Sci-Fi, Adventure",8.1,58271,144,26429157,20619438,Max Minghella,Jack Stanley,"Elisabeth Moss,Kate Hudson,Kaia Gerber,Elizabeth Berkley,Arian Moayed,Este Haim,Lionel Boyce,Amy Landecker",Republic Pictures/Dark Castle Entertainment,PG-13,English,United States,"'Shell' (2025) is a feature film directed by Max Minghella, starring Elisabeth Moss,Kate Hudson,Kaia Gerber,Elizabeth Berkley,Arian Moayed,Este Haim,Lionel Boyce,Amy Landecker, produced by Republic Pictures/Dark Castle Entertainment.",https://en.wikipedia.org/wiki/Shell_(2024_film),https://images.unsplash.com/photo-1489599849927-2ee91cede3ba?w=500&auto=format&fit=crop&q=60
Bone Lake,2025,October,,"Sci-Fi, Adventure",8.1,117374,141,27419058,21279372,Mercedes Bryce Morgan,Joshua Friedlander,"Maddie Hasson,Alex Roe, Andra Nechita,Marco Pigossi",Bleecker Street/LD Entertainment,PG-13,English,United States,"'Bone Lake' (2025) is a feature film directed by Mercedes Bryce Morgan, starring Maddie Hasson,Alex Roe, Andra Nechita,Marco Pigossi, produced by Bleecker Street/LD Entertainment.",https://en.wikipedia.org/wiki/Bone_Lake_(film),https://images.unsplash.com/photo-1489599849927-2ee91cede3ba?w=500&auto=format&fit=crop&q=60
Coyotes,2025,October,,"Sci-Fi, Adventure",8.8,105633,157,27222411,21148274,Colin Minihan,"Tad Daggerhart, Daniel Meersand, Nick Simon","Justin Long,Kate Bosworth,Brittany Allen,Katherine McNamara,Norbert Leo Butz,Keir O'Donnell",Aura Entertainment / Gramercy Park Media,PG-13,English,United States,"'Coyotes' (2025) is a feature film directed by Colin Minihan, starring Justin Long,Kate Bosworth,Brittany Allen,Katherine McNamara,Norbert Leo Butz,Keir O'Donnell, produced by Aura Entertainment / Gramercy Park Media.",https://en.wikipedia.org/wiki/Coyotes_(film),https://images.unsplash.com/photo-1489599849927-2ee91cede3ba?w=500&auto=format&fit=crop&q=60
Maintenance Required,2025,October,8,"Sci-Fi, Adventure",8.0,353587,128,31375329,23916886,,"Roo Berry, Erin Falconer","Lacey Uhlemeyer, Madelaine Petsch,Jacob Scipio,Madison Bailey,Katy O'Brian,Inanna Sarkis,Matteo Lane,Jim Gaffigan",Amazon MGM Studios,PG-13,English,United States,"'Maintenance Required' (2025) is a feature film directed by acclaimed filmmakers, starring Lacey Uhlemeyer, Madelaine Petsch,Jacob Scipio,Madison Bailey,Katy O'Brian,Inanna Sarkis,Matteo Lane,Jim Gaffigan, produced by Amazon MGM Studios.",https://en.wikipedia.org/wiki/Maintenance_Required_(film),https://images.unsplash.com/photo-1489599849927-2ee91cede3ba?w=500&auto=format&fit=crop&q=60
Tron: Ares,2025,October,10,"Action, Adventure, Drama, Sci-Fi",8.5,137871,94,27762357,21508238,Joachim Rønning,Jesse Wigutow,"Jared Leto,Greta Lee,Evan Peters,Jodie Turner-Smith,Hasan Minhaj,Arturo Castro,Gillian Anderson,Jeff Bridges",Walt Disney Pictures,PG-13,English,United States,"'Tron: Ares' (2025) is a feature film directed by Joachim Rønning, starring Jared Leto,Greta Lee,Evan Peters,Jodie Turner-Smith,Hasan Minhaj,Arturo Castro,Gillian Anderson,Jeff Bridges, produced by Walt Disney Pictures.",https://en.wikipedia.org/wiki/Tron:_Ares,https://images.unsplash.com/photo-1489599849927-2ee91cede3ba?w=500&auto=format&fit=crop&q=60
Roofman,2025,October,,"Action, Adventure, Drama, History",6.8,101653,137,27155751,21103834,,Kirk Gunn,"Derek Cianfrance, Channing Tatum,Kirsten Dunst,Ben Mendelsohn,LaKeith Stanfield,Juno Temple,Melonie Diaz,Uzo Aduba,Lily Collias,Jimmy O. Yang,Peter Dinklage",Paramount Pictures/Miramax/FilmNation Entertainment,PG-13,English,United States,"'Roofman' (2025) is a feature film directed by acclaimed filmmakers, starring Derek Cianfrance, Channing Tatum,Kirsten Dunst,Ben Mendelsohn,LaKeith Stanfield,Juno Temple,Melonie Diaz,Uzo Aduba,Lily Collias,Jimmy O. Yang,Peter Dinklage, produced by Paramount Pictures/Miramax/FilmNation Entertainment.",https://en.wikipedia.org/wiki/Roofman,https://images.unsplash.com/photo-1489599849927-2ee91cede3ba?w=500&auto=format&fit=crop&q=60
After the Hunt,2025,October,,"Animation, Family, Comedy",8.3,216277,113,29075559,22383706,Luca Guadagnino,Nora Garrett,"Julia Roberts,Ayo Edebiri,Andrew Garfield,Michael Stuhlbarg,Chloë Sevigny",Metro-Goldwyn-Mayer/Imagine Entertainment/Frenesy Film Company,PG-13,English,United States,"'After the Hunt' (2025) is a feature film directed by Luca Guadagnino, starring Julia Roberts,Ayo Edebiri,Andrew Garfield,Michael Stuhlbarg,Chloë Sevigny, produced by Metro-Goldwyn-Mayer/Imagine Entertainment/Frenesy Film Company.",https://en.wikipedia.org/wiki/After_the_Hunt,https://images.unsplash.com/photo-1489599849927-2ee91cede3ba?w=500&auto=format&fit=crop&q=60
Soul on Fire,2025,October,,"Sci-Fi, Adventure",7.7,175681,134,28395627,21930418,Sean McNamara,Gregory Poirier,"William H. Macy,John Corbett,Joel Courtney",Affirm Films/ Brookwell McNamara Entertainment,PG-13,English,United States,"'Soul on Fire' (2025) is a feature film directed by Sean McNamara, starring William H. Macy,John Corbett,Joel Courtney, produced by Affirm Films/ Brookwell McNamara Entertainment.",https://en.wikipedia.org/wiki/Soul_on_Fire_(film),https://images.unsplash.com/photo-1489599849927-2ee91cede3ba?w=500&auto=format&fit=crop&q=60
A House of Dynamite,2025,October,,"Crime, Drama",7.3,299658,157,30472086,23314724,Kathryn Bigelow,Noah Oppenheim,"Idris Elba,Rebecca Ferguson,Gabriel Basso,Jared Harris,Tracy Letts,Anthony Ramos,Moses Ingram,Jonah Hauer-King,Greta Lee,Jason Clarke",Netflix,PG-13,English,United States,"'A House of Dynamite' (2025) is a feature film directed by Kathryn Bigelow, starring Idris Elba,Rebecca Ferguson,Gabriel Basso,Jared Harris,Tracy Letts,Anthony Ramos,Moses Ingram,Jonah Hauer-King,Greta Lee,Jason Clarke, produced by Netflix.",https://en.wikipedia.org/wiki/A_House_of_Dynamite,https://images.unsplash.com/photo-1489599849927-2ee91cede3ba?w=500&auto=format&fit=crop&q=60
The Woman in Cabin 10,2025,October,,"Horror, Mystery, Thriller",7.6,300255,160,45803475,12621330,,"Joe Shrapnel, Anna Waterhouse","Simon Stone, Keira Knightley,Guy Pearce,David Ajala,Art Malik,Gugu Mbatha-Raw,Kaya Scodelario,David Morrissey,Daniel Ings,Hannah Waddingham",Netflix/Sister,R,English,United States,"'The Woman in Cabin 10' (2025) is a feature film directed by acclaimed filmmakers, starring Simon Stone, Keira Knightley,Guy Pearce,David Ajala,Art Malik,Gugu Mbatha-Raw,Kaya Scodelario,David Morrissey,Daniel Ings,Hannah Waddingham, produced by Netflix/Sister.",https://en.wikipedia.org/wiki/The_Woman_in_Cabin_10_(film),https://images.unsplash.com/photo-1489599849927-2ee91cede3ba?w=500&auto=format&fit=crop&q=60
Black Phone 2,2025,October,17,"Horror, Mystery, Thriller",8.0,176278,137,42342710,11852548,,C. Robert Cargill,"Scott Derrickson, Mason Thames,Madeleine McGraw,Jeremy Davies, Miguel Mora,Demián Bichir,Ethan Hawke",Universal Pictures/Blumhouse Productions,R,English,United States,"'Black Phone 2' (2025) is a feature film directed by acclaimed filmmakers, starring Scott Derrickson, Mason Thames,Madeleine McGraw,Jeremy Davies, Miguel Mora,Demián Bichir,Ethan Hawke, produced by Universal Pictures/Blumhouse Productions.",https://en.wikipedia.org/wiki/Black_Phone_2,https://images.unsplash.com/photo-1489599849927-2ee91cede3ba?w=500&auto=format&fit=crop&q=60
The Twits,2025,October,,"Animation, Family, Adventure",7.4,129115,125,27615705,21410470,,Meg Favreau,"Phil Johnston, Margo Martindale,Johnny Vegas,Maitreyi Ramakrishnan, Ryan Lopez,Emilia Clarke,Natalie Portman",Netflix/Netflix Animation/Jellyfish Pictures,PG-13,English,United States,"'The Twits' (2025) is a feature film directed by acclaimed filmmakers, starring Phil Johnston, Margo Martindale,Johnny Vegas,Maitreyi Ramakrishnan, Ryan Lopez,Emilia Clarke,Natalie Portman, produced by Netflix/Netflix Animation/Jellyfish Pictures.",https://en.wikipedia.org/wiki/The_Twits_(film),https://images.unsplash.com/photo-1489599849927-2ee91cede3ba?w=500&auto=format&fit=crop&q=60
Truth & Treason,2025,October,,"Romance, Drama",8.8,230406,109,29312202,22541468,,Ethan Vincent,"Matt Whitaker, Ewan Horrocks,Rupert Evans,Sean Mahon,Joanna Christie",Angel,PG-13,English,United States,"'Truth & Treason' (2025) is a feature film directed by acclaimed filmmakers, starring Matt Whitaker, Ewan Horrocks,Rupert Evans,Sean Mahon,Joanna Christie, produced by Angel.",https://en.wikipedia.org/wiki/Truth_&_Treason,https://images.unsplash.com/photo-1489599849927-2ee91cede3ba?w=500&auto=format&fit=crop&q=60
Blue Moon,2025,October,,"Drama, Thriller",8.0,123742,98,27525714,21350476,Richard Linklater,Robert Kaplow,"Ethan Hawke,Margaret Qualley,Bobby Cannavale,Andrew Scott",Sony Pictures Classics/Cinetic Media,PG-13,English,United States,"'Blue Moon' (2025) is a feature film directed by Richard Linklater, starring Ethan Hawke,Margaret Qualley,Bobby Cannavale,Andrew Scott, produced by Sony Pictures Classics/Cinetic Media.",https://en.wikipedia.org/wiki/Blue_Moon_(2025_film),https://images.unsplash.com/photo-1489599849927-2ee91cede3ba?w=500&auto=format&fit=crop&q=60
The Hand That Rocks the Cradle,2025,October,,"Sci-Fi, Adventure",8.3,35524,116,33585108,25390072,Michelle Garza Cervera,Micah Bloomberg,"Mary Elizabeth Winstead,Maika Monroe,Raúl Castillo,Martin Starr",Hulu/20th Century Studios/Radar Pictures,PG-13,English,United States,"'The Hand That Rocks the Cradle' (2025) is a feature film directed by Michelle Garza Cervera, starring Mary Elizabeth Winstead,Maika Monroe,Raúl Castillo,Martin Starr, produced by Hulu/20th Century Studios/Radar Pictures.",https://en.wikipedia.org/wiki/The_Hand_That_Rocks_the_Cradle_(2025_film),https://images.unsplash.com/photo-1489599849927-2ee91cede3ba?w=500&auto=format&fit=crop&q=60
Regretting You,2025,October,24,Drama,8.6,236575,140,29415525,22610350,Josh Boone,Susan McMartin,"Allison Williams,Mckenna Grace,Dave Franco,Mason Thames,Sam Morelos,Scott Eastwood,Willa Fitzgerald,Clancy Brown",Paramount Pictures/Constantin Film,PG-13,English,United States,"'Regretting You' (2025) is a feature film directed by Josh Boone, starring Allison Williams,Mckenna Grace,Dave Franco,Mason Thames,Sam Morelos,Scott Eastwood,Willa Fitzgerald,Clancy Brown, produced by Paramount Pictures/Constantin Film.",https://en.wikipedia.org/wiki/Regretting_You,https://images.unsplash.com/photo-1489599849927-2ee91cede3ba?w=500&auto=format&fit=crop&q=60
Bugonia,2025,October,,"Sci-Fi, Adventure",8.8,99066,124,27112422,21074948,Yorgos Lanthimos,Will Tracy,"Emma Stone,Jesse Plemons,Aidan Delbis,Stavros Halkias,Alicia Silverstone",Focus Features/CJ ENM/Fruit Tree/Element Pictures,PG-13,English,United States,"'Bugonia' (2025) is a feature film directed by Yorgos Lanthimos, starring Emma Stone,Jesse Plemons,Aidan Delbis,Stavros Halkias,Alicia Silverstone, produced by Focus Features/CJ ENM/Fruit Tree/Element Pictures.",https://en.wikipedia.org/wiki/Bugonia_(film),https://images.unsplash.com/photo-1489599849927-2ee91cede3ba?w=500&auto=format&fit=crop&q=60
Last Days,2025,October,,"Sci-Fi, Adventure",8.4,124538,102,27539046,21359364,Justin Lin,Ben Ripley,"Sky Yang,Radhika Apte, Ali Fardi,Naveen Andrews,Ken Leung,Toby Wallace,Ciara Bravo,Claire Price,Marny Kennedy",Vertical/Gotham Group/Brillstein Entertainment Partners,PG-13,English,United States,"'Last Days' (2025) is a feature film directed by Justin Lin, starring Sky Yang,Radhika Apte, Ali Fardi,Naveen Andrews,Ken Leung,Toby Wallace,Ciara Bravo,Claire Price,Marny Kennedy, produced by Vertical/Gotham Group/Brillstein Entertainment Partners.",https://en.wikipedia.org/wiki/Last_Days_(2025_film),https://images.unsplash.com/photo-1489599849927-2ee91cede3ba?w=500&auto=format&fit=crop&q=60
Queens of the Dead,2025,October,,"Horror, Mystery, Thriller",7.6,280554,136,45253530,12499164,,Erin Judge,"Tina Romero, Katy O'Brian,Jaquel Spivey,Riki Lindhome,Jack Haven,Cheyenne Jackson,Margaret Cho",Independent Film Company/Shudder,R,English,United States,"'Queens of the Dead' (2025) is a feature film directed by acclaimed filmmakers, starring Tina Romero, Katy O'Brian,Jaquel Spivey,Riki Lindhome,Jack Haven,Cheyenne Jackson,Margaret Cho, produced by Independent Film Company/Shudder.",https://en.wikipedia.org/wiki/Queens_of_the_Dead,https://images.unsplash.com/photo-1489599849927-2ee91cede3ba?w=500&auto=format&fit=crop&q=60
In Our Blood,2025,October,,"Sci-Fi, Adventure",6.9,167522,93,28258974,21839316,Pedro Kos,Mallory Westfall,"Brittany O'Grady,E. J. Bonilla,Krisha Fairchild,Alanna Ubach",Utopia/Revelations Entertainment,PG-13,English,United States,"'In Our Blood' (2025) is a feature film directed by Pedro Kos, starring Brittany O'Grady,E. J. Bonilla,Krisha Fairchild,Alanna Ubach, produced by Utopia/Revelations Entertainment.",https://en.wikipedia.org/wiki/In_Our_Blood_(film),https://images.unsplash.com/photo-1489599849927-2ee91cede3ba?w=500&auto=format&fit=crop&q=60
Anniversary,2025,October,29,"Action, Adventure, Drama, History",8.7,190805,135,28648935,22099290,Jan Komasa,Lori Rosene-Gambino,"Diane Lane,Kyle Chandler,Madeline Brewer,Zoey Deutch,Phoebe Dynevor,Mckenna Grace,Daryl McCormack,Dylan O'Brien",Lionsgate/Roadside Attractions/Fifth Season/Chockstone Pictures,PG-13,English,United States,"'Anniversary' (2025) is a feature film directed by Jan Komasa, starring Diane Lane,Kyle Chandler,Madeline Brewer,Zoey Deutch,Phoebe Dynevor,Mckenna Grace,Daryl McCormack,Dylan O'Brien, produced by Lionsgate/Roadside Attractions/Fifth Season/Chockstone Pictures.",https://en.wikipedia.org/wiki/Anniversary_(2025_film),https://images.unsplash.com/photo-1489599849927-2ee91cede3ba?w=500&auto=format&fit=crop&q=60
Self-Help,2025,October,30,"Action, Thriller",7.9,123543,97,27522381,21348254,,Carson Bloomquist,"Erik Bloomquist, Landry Bender,Jake Weber,Madison Lintz,Amy Hargreaves",Cineverse/Bloody Disgusting,PG-13,English,United States,"'Self-Help' (2025) is a feature film directed by acclaimed filmmakers, starring Erik Bloomquist, Landry Bender,Jake Weber,Madison Lintz,Amy Hargreaves, produced by Cineverse/Bloody Disgusting.",https://en.wikipedia.org/wiki/Self-Help,https://images.unsplash.com/photo-1489599849927-2ee91cede3ba?w=500&auto=format&fit=crop&q=60
Nouvelle Vague,2025,October,31,"Mystery, Thriller",6.4,232197,118,43903665,12199302,Richard Linklater,"Holly Gent, Vincent Palmo Jr., Michèle Halberstadt,Laetitia Masson","Guillaume Marbeck,Zoey Deutch, Aubry Dullin",Netflix/ ARP Productions,R,English,United States,"'Nouvelle Vague' (2025) is a feature film directed by Richard Linklater, starring Guillaume Marbeck,Zoey Deutch, Aubry Dullin, produced by Netflix/ ARP Productions.",https://en.wikipedia.org/wiki/Nouvelle_Vague_(2025_film),https://images.unsplash.com/photo-1489599849927-2ee91cede3ba?w=500&auto=format&fit=crop&q=60
The Wrecker,2025,October,,Drama,6.0,165731,159,28228977,21819318,Art Camacho,"Niko Foster, Sophia Louisa Lee","Tyrese Gibson,Harvey Keitel,Mena Suvari,Chad Michael Collins,Danny Trejo",Quiver Distribution,PG-13,English,United States,"'The Wrecker' (2025) is a feature film directed by Art Camacho, starring Tyrese Gibson,Harvey Keitel,Mena Suvari,Chad Michael Collins,Danny Trejo, produced by Quiver Distribution.",https://en.wikipedia.org/wiki/The_Wrecker_(2025_film),https://images.unsplash.com/photo-1489599849927-2ee91cede3ba?w=500&auto=format&fit=crop&q=60
Safe House,2025,October,,"Comedy, Drama",7.9,143244,121,27852348,21568232,Jamie Marshall,Leon Langford,"Lucien Laviscount,Hannah John-Kamen,Ethan Embry,Lewis Tan,Holt McCallany,Adam Levy",Vertical/Voltage Pictures,PG-13,English,United States,"'Safe House' (2025) is a feature film directed by Jamie Marshall, starring Lucien Laviscount,Hannah John-Kamen,Ethan Embry,Lewis Tan,Holt McCallany,Adam Levy, produced by Vertical/Voltage Pictures.",https://en.wikipedia.org/wiki/Safe_House_(2025_film),https://images.unsplash.com/photo-1489599849927-2ee91cede3ba?w=500&auto=format&fit=crop&q=60
Joy to the World,2025,November,1,Drama,9.0,250505,135,29648835,22765890,Jerry Ciccoritti,"Neal Dobrofsky, Tippi Dobrofsky","Chad Michael Murray,Emmanuelle Chriqui,Ayesha Curry,Guy Sprung,Daniel Kash",Hulu/Disney+,PG-13,English,United States,"'Joy to the World' (2025) is a feature film directed by Jerry Ciccoritti, starring Chad Michael Murray,Emmanuelle Chriqui,Ayesha Curry,Guy Sprung,Daniel Kash, produced by Hulu/Disney+.",https://en.wikipedia.org/wiki/Joy_to_the_World,https://images.unsplash.com/photo-1489599849927-2ee91cede3ba?w=500&auto=format&fit=crop&q=60
Icefall,2025,November,,"Sci-Fi, Adventure",6.7,94887,103,27042429,21028286,Stefan Ruzowitzky,"George Mahaffey, Steve Isles","Joel Kinnaman,Cara Jade Myers,Danny Huston,Martin Sensmeier,Graham Greene",Aura Entertainment /Arclight Films,PG-13,English,United States,"'Icefall' (2025) is a feature film directed by Stefan Ruzowitzky, starring Joel Kinnaman,Cara Jade Myers,Danny Huston,Martin Sensmeier,Graham Greene, produced by Aura Entertainment /Arclight Films.",https://en.wikipedia.org/wiki/Icefall_(film),https://images.unsplash.com/photo-1489599849927-2ee91cede3ba?w=500&auto=format&fit=crop&q=60
The Christmas Ring,2025,November,6,"Sci-Fi, Adventure",8.4,295280,135,30398760,23265840,,Karen Kingsbury,"Tyler Russell, Kelsey Grammer, Benjamin Hollingsworth,Jana Kramer,Jessie James Decker",Fathom Entertainment,PG-13,English,United States,"'The Christmas Ring' (2025) is a feature film directed by acclaimed filmmakers, starring Tyler Russell, Kelsey Grammer, Benjamin Hollingsworth,Jana Kramer,Jessie James Decker, produced by Fathom Entertainment.",https://en.wikipedia.org/wiki/The_Christmas_Ring,https://images.unsplash.com/photo-1489599849927-2ee91cede3ba?w=500&auto=format&fit=crop&q=60
Predator: Badlands,2025,November,7,"Sci-Fi, Adventure",7.2,299459,156,30468753,23312502,,Patrick Aison,"Dan Trachtenberg, Elle Fanning,Dimitrius Schuster-Koloamatangi",20th Century Studios/Davis Entertainment/Lawrence Gordon Productions,PG-13,English,United States,"'Predator: Badlands' (2025) is a feature film directed by acclaimed filmmakers, starring Dan Trachtenberg, Elle Fanning,Dimitrius Schuster-Koloamatangi, produced by 20th Century Studios/Davis Entertainment/Lawrence Gordon Productions.",https://en.wikipedia.org/wiki/Predator:_Badlands,https://images.unsplash.com/photo-1489599849927-2ee91cede3ba?w=500&auto=format&fit=crop&q=60
Sarah's Oil,2025,November,,"Drama, Thriller",8.8,151602,163,27992334,21661556,,Betsy Giffen Nowrasteh,"Cyrus Nowrasteh, Zachary Levi, Naya Desir-Johnson,Sonequa Martin-Green,Garret Dillahunt",Metro-Goldwyn-Mayer/Wonder Project/Kingdom Story Company,PG-13,English,United States,"'Sarah's Oil' (2025) is a feature film directed by acclaimed filmmakers, starring Cyrus Nowrasteh, Zachary Levi, Naya Desir-Johnson,Sonequa Martin-Green,Garret Dillahunt, produced by Metro-Goldwyn-Mayer/Wonder Project/Kingdom Story Company.",https://en.wikipedia.org/wiki/Sarah's_Oil,https://images.unsplash.com/photo-1489599849927-2ee91cede3ba?w=500&auto=format&fit=crop&q=60
Die My Love,2025,November,,"Sci-Fi, Adventure",9.0,145433,132,27889011,21592674,,"Enda Walsh,Alice Birch","Lynne Ramsay, Jennifer Lawrence,Robert Pattinson,LaKeith Stanfield,Nick Nolte,Sissy Spacek",Mubi/Black Label Media/Excellent Cadaver/Sikelia Productions,PG-13,English,United States,"'Die My Love' (2025) is a feature film directed by acclaimed filmmakers, starring Lynne Ramsay, Jennifer Lawrence,Robert Pattinson,LaKeith Stanfield,Nick Nolte,Sissy Spacek, produced by Mubi/Black Label Media/Excellent Cadaver/Sikelia Productions.",https://en.wikipedia.org/wiki/Die_My_Love,https://images.unsplash.com/photo-1489599849927-2ee91cede3ba?w=500&auto=format&fit=crop&q=60
Christy,2025,November,,"Action, Thriller",8.8,105633,157,27222411,21148274,,"Katherine Fugate,Mirrah Foulkes","David Michôd, Sydney Sweeney,Ben Foster,Merritt Wever,Katy O'Brian,Ethan Embry",Black Bear Pictures/Anonymous Content,PG-13,English,United States,"'Christy' (2025) is a feature film directed by acclaimed filmmakers, starring David Michôd, Sydney Sweeney,Ben Foster,Merritt Wever,Katy O'Brian,Ethan Embry, produced by Black Bear Pictures/Anonymous Content.",https://en.wikipedia.org/wiki/Christy_(2025_American_film),https://images.unsplash.com/photo-1489599849927-2ee91cede3ba?w=500&auto=format&fit=crop&q=60
Train Dreams,2025,November,,"Sci-Fi, Adventure",6.3,186029,111,28568943,22045962,,Greg Kwedar,"Clint Bentley, Joel Edgerton,Felicity Jones,Nathaniel Arcand,Clifton Collins Jr.,John Diehl,Paul Schneider,Kerry Condon,William H. Macy",Netflix/Black Bear Pictures,PG-13,English,United States,"'Train Dreams' (2025) is a feature film directed by acclaimed filmmakers, starring Clint Bentley, Joel Edgerton,Felicity Jones,Nathaniel Arcand,Clifton Collins Jr.,John Diehl,Paul Schneider,Kerry Condon,William H. Macy, produced by Netflix/Black Bear Pictures.",https://en.wikipedia.org/wiki/Train_Dreams_(film),https://images.unsplash.com/photo-1489599849927-2ee91cede3ba?w=500&auto=format&fit=crop&q=60
In Your Dreams,2025,November,,"Animation, Family, Adventure",6.7,213093,97,29022231,22348154,,Erik Benson,"Alex Woo, Jolie Hoang-Rappaport, Elias Janssen,Craig Robinson,Simu Liu,Cristin Milioti,Omid Djalili,Gia Carides",Netflix/Netflix Animation,PG-13,English,United States,"'In Your Dreams' (2025) is a feature film directed by acclaimed filmmakers, starring Alex Woo, Jolie Hoang-Rappaport, Elias Janssen,Craig Robinson,Simu Liu,Cristin Milioti,Omid Djalili,Gia Carides, produced by Netflix/Netflix Animation.",https://en.wikipedia.org/wiki/In_Your_Dreams_(film),https://images.unsplash.com/photo-1489599849927-2ee91cede3ba?w=500&auto=format&fit=crop&q=60
Stone Cold Fox,2025,November,,"Action, Thriller",9.0,211103,162,28988901,22325934,,Julia Roth,"Sophie Tabet, Kiernan Shipka,Krysten Ritter,Kiefer Sutherland,Lorenza Izzo,Jamie Chung,Karen Fukuhara,Mishel Prada",Vertical,PG-13,English,United States,"'Stone Cold Fox' (2025) is a feature film directed by acclaimed filmmakers, starring Sophie Tabet, Kiernan Shipka,Krysten Ritter,Kiefer Sutherland,Lorenza Izzo,Jamie Chung,Karen Fukuhara,Mishel Prada, produced by Vertical.",https://en.wikipedia.org/wiki/Stone_Cold_Fox,https://images.unsplash.com/photo-1489599849927-2ee91cede3ba?w=500&auto=format&fit=crop&q=60
Exit Protocol,2025,November,,"Sci-Fi, Adventure",7.7,215083,107,29055561,22370374,Shane Dax Taylor,Chad Law,"Scott Martin,Dolph Lundgren,Charlotte Kirk,Michael Jai White",Saban Films,PG-13,English,United States,"'Exit Protocol' (2025) is a feature film directed by Shane Dax Taylor, starring Scott Martin,Dolph Lundgren,Charlotte Kirk,Michael Jai White, produced by Saban Films.",https://en.wikipedia.org/wiki/Exit_Protocol,https://images.unsplash.com/photo-1489599849927-2ee91cede3ba?w=500&auto=format&fit=crop&q=60
All That We Love,2025,November,,"Sci-Fi, Adventure",9.1,231003,112,29322201,22548134,,Clay Liford,"Yen Tan, Margaret Cho,Jesse Tyler Ferguson,Kenneth Choi,Alice Lee,Atsuko Okatsuka,Missi Pyle,Devon Bostick",Vertical/Ley Line Entertainment,PG-13,English,United States,"'All That We Love' (2025) is a feature film directed by acclaimed filmmakers, starring Yen Tan, Margaret Cho,Jesse Tyler Ferguson,Kenneth Choi,Alice Lee,Atsuko Okatsuka,Missi Pyle,Devon Bostick, produced by Vertical/Ley Line Entertainment.",https://en.wikipedia.org/wiki/All_That_We_Love,https://images.unsplash.com/photo-1489599849927-2ee91cede3ba?w=500&auto=format&fit=crop&q=60
Long Shadows,2025,November,,"Sci-Fi, Adventure",7.8,189014,126,28618938,22079292,,"Shelley Reid,Grainger Hines","William Shockley, Blaine Maye,Sarah Cortez,Dominic Monaghan,Jacqueline Bisset,Dermot Mulroney",Quiver Distribution,PG-13,English,United States,"'Long Shadows' (2025) is a feature film directed by acclaimed filmmakers, starring William Shockley, Blaine Maye,Sarah Cortez,Dominic Monaghan,Jacqueline Bisset,Dermot Mulroney, produced by Quiver Distribution.",https://en.wikipedia.org/wiki/Long_Shadows_(film),https://images.unsplash.com/photo-1489599849927-2ee91cede3ba?w=500&auto=format&fit=crop&q=60
Unexpected Christmas,2025,November,,"Sci-Fi, Adventure",7.8,359756,159,31478652,23985768,Michael Vaughn Hernandez,Cassandra Mann,"Tabitha Brown,Lil Rel Howery,Anna Maria Horsford,DomiNque Perry,Reagan Gomez-Preston,Ricco Ross",Eammon Films / 3 Diamonds Entertainment,PG-13,English,United States,"'Unexpected Christmas' (2025) is a feature film directed by Michael Vaughn Hernandez, starring Tabitha Brown,Lil Rel Howery,Anna Maria Horsford,DomiNque Perry,Reagan Gomez-Preston,Ricco Ross, produced by Eammon Films / 3 Diamonds Entertainment.",https://en.wikipedia.org/wiki/Unexpected_Christmas,https://images.unsplash.com/photo-1489599849927-2ee91cede3ba?w=500&auto=format&fit=crop&q=60
A Merry Little Ex-Mas,2025,November,12,"Drama, Thriller",9.0,322742,123,30858714,23572476,Steve Carr,Holly Hester,"Alicia Silverstone,Oliver Hudson,Jameela Jamil,Pierson Fodé,Melissa Joan Hart",Netflix/Hartbreak Films,PG-13,English,United States,"'A Merry Little Ex-Mas' (2025) is a feature film directed by Steve Carr, starring Alicia Silverstone,Oliver Hudson,Jameela Jamil,Pierson Fodé,Melissa Joan Hart, produced by Netflix/Hartbreak Films.",https://en.wikipedia.org/wiki/A_Merry_Little_Ex-Mas,https://images.unsplash.com/photo-1489599849927-2ee91cede3ba?w=500&auto=format&fit=crop&q=60
Playdate,2025,November,,Drama,6.7,121155,160,27482385,21321590,Luke Greenfield,Neil Goldman,"Kevin James,Alan Ritchson,Sarah Chalke,Alan Tudyk,Stephen Root,Isla Fisher",Amazon MGM Studios,PG-13,English,United States,"'Playdate' (2025) is a feature film directed by Luke Greenfield, starring Kevin James,Alan Ritchson,Sarah Chalke,Alan Tudyk,Stephen Root,Isla Fisher, produced by Amazon MGM Studios.",https://en.wikipedia.org/wiki/Playdate_(film),https://images.unsplash.com/photo-1489599849927-2ee91cede3ba?w=500&auto=format&fit=crop&q=60
Now You See Me: Now You Don't,2025,November,14,"Sci-Fi, Adventure",7.0,436968,97,32771856,24847904,Ruben Fleischer,"Seth Grahame-Smith,Michael Lesslie,Rhett Reese,Paul Wernick","Jesse Eisenberg,Woody Harrelson,Dave Franco,Isla Fisher,Justice Smith,Dominic Sessa,Ariana Greenblatt,Lizzy Caplan,Rosamund Pike,Morgan Freeman",Lionsgate/Summit Entertainment/Secret Hideout,PG-13,English,United States,"'Now You See Me: Now You Don't' (2025) is a feature film directed by Ruben Fleischer, starring Jesse Eisenberg,Woody Harrelson,Dave Franco,Isla Fisher,Justice Smith,Dominic Sessa,Ariana Greenblatt,Lizzy Caplan,Rosamund Pike,Morgan Freeman, produced by Lionsgate/Summit Entertainment/Secret Hideout.",https://en.wikipedia.org/wiki/Now_You_See_Me:_Now_You_Don't,https://images.unsplash.com/photo-1489599849927-2ee91cede3ba?w=500&auto=format&fit=crop&q=60
The Running Man,2025,November,,Drama,6.0,231401,114,29328867,22552578,,Michael Bacall,"Edgar Wright, Glen Powell,William H. Macy,Lee Pace,Michael Cera,Emilia Jones,Daniel Ezra,Jayme Lawson,Sean Hayes,Colman Domingo,Josh Brolin",Paramount Pictures/Kinberg Genre,PG-13,English,United States,"'The Running Man' (2025) is a feature film directed by acclaimed filmmakers, starring Edgar Wright, Glen Powell,William H. Macy,Lee Pace,Michael Cera,Emilia Jones,Daniel Ezra,Jayme Lawson,Sean Hayes,Colman Domingo,Josh Brolin, produced by Paramount Pictures/Kinberg Genre.",https://en.wikipedia.org/wiki/The_Running_Man_(2025_film),https://images.unsplash.com/photo-1489599849927-2ee91cede3ba?w=500&auto=format&fit=crop&q=60
Keeper,2025,November,,Comedy,8.2,78171,94,26762457,20841638,Osgood Perkins,Nick Lepard,"Tatiana Maslany,Rossif Sutherland,Birkett Turton, Eden Weiss",Neon,PG-13,English,United States,"'Keeper' (2025) is a feature film directed by Osgood Perkins, starring Tatiana Maslany,Rossif Sutherland,Birkett Turton, Eden Weiss, produced by Neon.",https://en.wikipedia.org/wiki/Keeper_(2025_film),https://images.unsplash.com/photo-1489599849927-2ee91cede3ba?w=500&auto=format&fit=crop&q=60
Jay Kelly,2025,November,,"Action, Adventure, Drama, History",8.4,124538,102,27539046,21359364,,Emily Mortimer,"Noah Baumbach, George Clooney,Adam Sandler,Laura Dern,Billy Crudup,Riley Keough,Grace Edwards,Stacy Keach,Jim Broadbent,Patrick Wilson,Eve Hewson,Greta Gerwig,Alba Rohrwacher,Josh Hamilton,Lenny Henry,Emily Mortimer,Nicôle Lecky,Thaddea Graham,Isla Fisher",Netflix/Pascal Pictures/Heyday Films,PG-13,English,United States,"'Jay Kelly' (2025) is a feature film directed by acclaimed filmmakers, starring Noah Baumbach, George Clooney,Adam Sandler,Laura Dern,Billy Crudup,Riley Keough,Grace Edwards,Stacy Keach,Jim Broadbent,Patrick Wilson,Eve Hewson,Greta Gerwig,Alba Rohrwacher,Josh Hamilton,Lenny Henry,Emily Mortimer,Nicôle Lecky,Thaddea Graham,Isla Fisher, produced by Netflix/Pascal Pictures/Heyday Films.",https://en.wikipedia.org/wiki/Jay_Kelly,https://images.unsplash.com/photo-1489599849927-2ee91cede3ba?w=500&auto=format&fit=crop&q=60
Trap House,2025,November,,"Sci-Fi, Adventure",7.0,148020,145,27932340,21621560,Michael Dowse,"Gary Scott Thompson, Tom O'Connor","Dave Bautista,Sophia Lillis,Jack Champion,Kate del Castillo,Whitney Peak,Bobby Cannavale",Aura Entertainment /Scott Free Productions,PG-13,English,United States,"'Trap House' (2025) is a feature film directed by Michael Dowse, starring Dave Bautista,Sophia Lillis,Jack Champion,Kate del Castillo,Whitney Peak,Bobby Cannavale, produced by Aura Entertainment /Scott Free Productions.",https://en.wikipedia.org/wiki/Trap_House_(film),https://images.unsplash.com/photo-1489599849927-2ee91cede3ba?w=500&auto=format&fit=crop&q=60
Arco,2025,November,,"Sci-Fi, Adventure",6.5,35386,104,26045862,20363908,,Félix de Givry,"Ugo Bienvenu, Will Ferrell,America Ferrera,Flea,Natalie Portman,Mark Ruffalo,Andy Samberg",Neon/MountainA,PG-13,English,United States,"'Arco' (2025) is a feature film directed by acclaimed filmmakers, starring Ugo Bienvenu, Will Ferrell,America Ferrera,Flea,Natalie Portman,Mark Ruffalo,Andy Samberg, produced by Neon/MountainA.",https://en.wikipedia.org/wiki/Arco_(film),https://images.unsplash.com/photo-1489599849927-2ee91cede3ba?w=500&auto=format&fit=crop&q=60
A Very Jonas Christmas Movie,2025,November,,"Adventure, Drama",7.4,20599,116,33335133,25223422,Jessica Yu,"Isaac Aptaker, Elizabeth Berger","Kevin Jonas,Joe Jonas,Nick Jonas,Chloe Bennet,Billie Lourd,KJ Apa,Laverne Cox,Priyanka Chopra Jonas,Danielle Jonas",Disney+/Disney Branded Television/20th Television,PG-13,English,United States,"'A Very Jonas Christmas Movie' (2025) is a feature film directed by Jessica Yu, starring Kevin Jonas,Joe Jonas,Nick Jonas,Chloe Bennet,Billie Lourd,KJ Apa,Laverne Cox,Priyanka Chopra Jonas,Danielle Jonas, produced by Disney+/Disney Branded Television/20th Television.",https://en.wikipedia.org/wiki/A_Very_Jonas_Christmas_Movie,https://images.unsplash.com/photo-1489599849927-2ee91cede3ba?w=500&auto=format&fit=crop&q=60
Left-Handed Girl,2025,November,,"Sci-Fi, Adventure",7.0,246525,115,29582175,22721450,,Sean Baker,"Shih-Ching Tsou, Janel Tsai, Shih-Yuan Ma, Nina Ye,Brando Huang,Akio Chen, Xin-Yan Chao",Netflix/Le Pacte,PG-13,English,United States,"'Left-Handed Girl' (2025) is a feature film directed by acclaimed filmmakers, starring Shih-Ching Tsou, Janel Tsai, Shih-Yuan Ma, Nina Ye,Brando Huang,Akio Chen, Xin-Yan Chao, produced by Netflix/Le Pacte.",https://en.wikipedia.org/wiki/Left-Handed_Girl,https://images.unsplash.com/photo-1489599849927-2ee91cede3ba?w=500&auto=format&fit=crop&q=60
The Perfect Gamble,2025,November,,Drama,7.2,286325,90,30248775,23165850,Danny Abeckaser,Kosta Kondilopoulos,"David Arquette,Daniella Pick, Danny Abeckaser",Saban Films,PG-13,English,United States,"'The Perfect Gamble' (2025) is a feature film directed by Danny Abeckaser, starring David Arquette,Daniella Pick, Danny Abeckaser, produced by Saban Films.",https://en.wikipedia.org/wiki/The_Perfect_Gamble,https://images.unsplash.com/photo-1489599849927-2ee91cede3ba?w=500&auto=format&fit=crop&q=60
Bull Run,2025,November,,Drama,8.6,105235,155,27215745,21143830,,Bill Keenan,"Alfredo Barrios Jr., Tom Blyth,Chris Diamantopoulos,Jay Mohr,Zach Villa,Helena Mattsson,Troy Garity,Sam Daly",Vertical,PG-13,English,United States,"'Bull Run' (2025) is a feature film directed by acclaimed filmmakers, starring Alfredo Barrios Jr., Tom Blyth,Chris Diamantopoulos,Jay Mohr,Zach Villa,Helena Mattsson,Troy Garity,Sam Daly, produced by Vertical.",https://en.wikipedia.org/wiki/Bull_Run_(film),https://images.unsplash.com/photo-1489599849927-2ee91cede3ba?w=500&auto=format&fit=crop&q=60
Murder at the Embassy,2025,November,,"Crime, Thriller",6.9,351398,117,31338666,23892444,Stephen Shimek,Mark Brennan,"Mischa Barton,Mido Hamada, Kojo Attah, Nell Barlow, Raha Rahbari,Antonia Bernath,Richard Dillane",Lionsgate,PG-13,English,United States,"'Murder at the Embassy' (2025) is a feature film directed by Stephen Shimek, starring Mischa Barton,Mido Hamada, Kojo Attah, Nell Barlow, Raha Rahbari,Antonia Bernath,Richard Dillane, produced by Lionsgate.",https://en.wikipedia.org/wiki/Murder_at_the_Embassy,https://images.unsplash.com/photo-1489599849927-2ee91cede3ba?w=500&auto=format&fit=crop&q=60
Muzzle: City of Wolves,2025,November,,Drama,8.9,368512,128,31625304,24083536,John Stalberg Jr.,Jacob Michael King,"Aaron Eckhart,Tanya van Graan,Karl Otto Thaning,Nicole Fortuin,Hakeem Kae-Kazim",RLJE Films,PG-13,English,United States,"'Muzzle: City of Wolves' (2025) is a feature film directed by John Stalberg Jr., starring Aaron Eckhart,Tanya van Graan,Karl Otto Thaning,Nicole Fortuin,Hakeem Kae-Kazim, produced by RLJE Films.",https://en.wikipedia.org/wiki/Muzzle:_City_of_Wolves,https://images.unsplash.com/photo-1489599849927-2ee91cede3ba?w=500&auto=format&fit=crop&q=60
Bunny,2025,November,,Comedy,6.8,62251,164,26495817,20663878,,"Stefan Marolachakis, Mo Stark","Ben Jacobson, Mo Stark, Ben Jacobson,Liza Colby, Tony Drazan",Vertical,PG-13,English,United States,"'Bunny' (2025) is a feature film directed by acclaimed filmmakers, starring Ben Jacobson, Mo Stark, Ben Jacobson,Liza Colby, Tony Drazan, produced by Vertical.",https://en.wikipedia.org/wiki/Bunny_(2025_film),https://images.unsplash.com/photo-1489599849927-2ee91cede3ba?w=500&auto=format&fit=crop&q=60
Wicked: For Good,2025,November,21,"Sci-Fi, Adventure",6.2,238366,149,492392730,164838314,Jon M. Chu,"Winnie Holzman,Dana Fox","Cynthia Erivo,Ariana Grande,Jonathan Bailey,Ethan Slater,Bowen Yang,Marissa Bode,Colman Domingo,Michelle Yeoh,Jeff Goldblum",Universal Pictures/Marc Platt Productions,PG-13,English,United States,"'Wicked: For Good' (2025) is a feature film directed by Jon M. Chu, starring Cynthia Erivo,Ariana Grande,Jonathan Bailey,Ethan Slater,Bowen Yang,Marissa Bode,Colman Domingo,Michelle Yeoh,Jeff Goldblum, produced by Universal Pictures/Marc Platt Productions.",https://en.wikipedia.org/wiki/Wicked:_For_Good,https://images.unsplash.com/photo-1489599849927-2ee91cede3ba?w=500&auto=format&fit=crop&q=60
Rental Family,2025,November,,"Adventure, Drama",7.4,207919,146,28935573,22290382,,Stephen Blahut,"Hikari, Brendan Fraser,Takehiro Hira,Mari Yamamoto, Shannon Mahina Gorman,Akira Emoto",Searchlight Pictures,PG-13,English,United States,"'Rental Family' (2025) is a feature film directed by acclaimed filmmakers, starring Hikari, Brendan Fraser,Takehiro Hira,Mari Yamamoto, Shannon Mahina Gorman,Akira Emoto, produced by Searchlight Pictures.",https://en.wikipedia.org/wiki/Rental_Family,https://images.unsplash.com/photo-1489599849927-2ee91cede3ba?w=500&auto=format&fit=crop&q=60
The Family Plan 2,2025,November,,Drama,6.0,244535,105,29548845,22699230,Simon Cellan Jones,David Coggeshall,"Mark Wahlberg,Michelle Monaghan,Zoe Colletti, Van Crosby,Kit Harington",Apple TV+/Apple Studios/Skydance Media,PG-13,English,United States,"'The Family Plan 2' (2025) is a feature film directed by Simon Cellan Jones, starring Mark Wahlberg,Michelle Monaghan,Zoe Colletti, Van Crosby,Kit Harington, produced by Apple TV+/Apple Studios/Skydance Media.",https://en.wikipedia.org/wiki/The_Family_Plan_2,https://images.unsplash.com/photo-1489599849927-2ee91cede3ba?w=500&auto=format&fit=crop&q=60
Blue Eyed Girl,2025,November,,"Romance, Drama",6.3,205730,135,28898910,22265940,J. Mills Goodloe,Marisa Coughlan,"Marisa Coughlan,Beau Bridges,Eliza Coupe,Freddy Rodriguez,Sam Trammell,LisaGay Hamilton,Bridey Elliott",Quiver Distribution,PG-13,English,United States,"'Blue Eyed Girl' (2025) is a feature film directed by J. Mills Goodloe, starring Marisa Coughlan,Beau Bridges,Eliza Coupe,Freddy Rodriguez,Sam Trammell,LisaGay Hamilton,Bridey Elliott, produced by Quiver Distribution.",https://en.wikipedia.org/wiki/Blue_Eyed_Girl,https://images.unsplash.com/photo-1489599849927-2ee91cede3ba?w=500&auto=format&fit=crop&q=60
Wildcat,2025,November,25,"Sci-Fi, Adventure",9.1,99663,127,27122421,21081614,James Nunn,Dominic Burns,"Kate Beckinsale,Lewis Tan,Rasmus Hardiker,Alice Krige,Bailey Patrick,Tom Bennett,Matt Willis,Roxy Striar",Aura Entertainment /Signature Entertainment,PG-13,English,United States,"'Wildcat' (2025) is a feature film directed by James Nunn, starring Kate Beckinsale,Lewis Tan,Rasmus Hardiker,Alice Krige,Bailey Patrick,Tom Bennett,Matt Willis,Roxy Striar, produced by Aura Entertainment /Signature Entertainment.",https://en.wikipedia.org/wiki/Wildcat_(2025_film),https://images.unsplash.com/photo-1489599849927-2ee91cede3ba?w=500&auto=format&fit=crop&q=60
Blood Star,2025,November,,"Mystery, Thriller",8.6,144637,128,41459465,11656342,,Victoria Taylor,"Lawrence Jacomelli, John Schwab, Britni Camacho",Quiver Distribution/ Beast Production,R,English,United States,"'Blood Star' (2025) is a feature film directed by acclaimed filmmakers, starring Lawrence Jacomelli, John Schwab, Britni Camacho, produced by Quiver Distribution/ Beast Production.",https://en.wikipedia.org/wiki/Blood_Star,https://images.unsplash.com/photo-1489599849927-2ee91cede3ba?w=500&auto=format&fit=crop&q=60
Zootopia 2,2025,November,26,"Animation, Family, Adventure",8.3,144040,125,486541200,162790160,Byron Howard,,"Jared Bush, Ginnifer Goodwin,Jason Bateman,Ke Huy Quan,Fortune Feimster,Andy Samberg,David Strathairn,Idris Elba,Shakira,Patrick Warburton,Quinta Brunson,Danny Trejo,Alan Tudyk,Nate Torrence,Bonnie Hunt,Don Lake,Jenny Slate",Walt Disney Pictures/Walt Disney Animation Studios,PG,English,United States,"'Zootopia 2' (2025) is a feature film directed by Byron Howard, starring Jared Bush, Ginnifer Goodwin,Jason Bateman,Ke Huy Quan,Fortune Feimster,Andy Samberg,David Strathairn,Idris Elba,Shakira,Patrick Warburton,Quinta Brunson,Danny Trejo,Alan Tudyk,Nate Torrence,Bonnie Hunt,Don Lake,Jenny Slate, produced by Walt Disney Pictures/Walt Disney Animation Studios.",https://en.wikipedia.org/wiki/Zootopia_2,https://images.unsplash.com/photo-1489599849927-2ee91cede3ba?w=500&auto=format&fit=crop&q=60
Hamnet,2025,November,,"Sci-Fi, Adventure",8.3,78370,95,26765790,20843860,,Maggie O'Farrell,"Chloé Zhao, Jessie Buckley,Paul Mescal,Emily Watson,Joe Alwyn,Noah Jupe",Focus Features/Amblin Entertainment/Neal Street Productions,PG-13,English,United States,"'Hamnet' (2025) is a feature film directed by acclaimed filmmakers, starring Chloé Zhao, Jessie Buckley,Paul Mescal,Emily Watson,Joe Alwyn,Noah Jupe, produced by Focus Features/Amblin Entertainment/Neal Street Productions.",https://en.wikipedia.org/wiki/Hamnet_(film),https://images.unsplash.com/photo-1489599849927-2ee91cede3ba?w=500&auto=format&fit=crop&q=60
Eternity,2025,November,,"Action, Thriller",6.6,127523,117,27589041,21392694,David Freyne,Pat Cunnane,"Miles Teller,Elizabeth Olsen,Callum Turner,John Early,Olga Merediz,Da'Vine Joy Randolph",A24/Apple Original Films,PG-13,English,United States,"'Eternity' (2025) is a feature film directed by David Freyne, starring Miles Teller,Elizabeth Olsen,Callum Turner,John Early,Olga Merediz,Da'Vine Joy Randolph, produced by A24/Apple Original Films.",https://en.wikipedia.org/wiki/Eternity_(2025_film),https://images.unsplash.com/photo-1489599849927-2ee91cede3ba?w=500&auto=format&fit=crop&q=60
Jingle Bell Heist,2025,November,,"Crime, Thriller",7.8,267818,147,29938806,22959204,Michael Fimognari,Abby McDonald,"Olivia Holt,Connor Swindells,Lucy Punch,Peter Serafinowicz",Netflix,PG-13,English,United States,"'Jingle Bell Heist' (2025) is a feature film directed by Michael Fimognari, starring Olivia Holt,Connor Swindells,Lucy Punch,Peter Serafinowicz, produced by Netflix.",https://en.wikipedia.org/wiki/Jingle_Bell_Heist,https://images.unsplash.com/photo-1489599849927-2ee91cede3ba?w=500&auto=format&fit=crop&q=60
Aftershock: The Nicole P Bell Story,2025,November,28,"Sci-Fi, Adventure",8.8,135024,91,35251608,26501072,,Cas Sigers,"Alésia Glidewell, Rayven Ferrell, Bentley Green,Richard Lawson, Kevin Jackson,Iyana Halley,Richard T. Jones",Faith Media Distribution / Manny Halley Productions /Roc Nation,PG-13,English,United States,"'Aftershock: The Nicole P Bell Story' (2025) is a feature film directed by acclaimed filmmakers, starring Alésia Glidewell, Rayven Ferrell, Bentley Green,Richard Lawson, Kevin Jackson,Iyana Halley,Richard T. Jones, produced by Faith Media Distribution / Manny Halley Productions /Roc Nation.",https://en.wikipedia.org/wiki/Aftershock%3A_The_Nicole_P_Bell_Story,https://images.unsplash.com/photo-1489599849927-2ee91cede3ba?w=500&auto=format&fit=crop&q=60
Stone Creek Killer,2025,November,,"Crime, Thriller",7.5,293489,126,30368763,23245842,Robert Enriquez,Clint Elliott,"Clayne Crawford,Lyndon Smith,Britney Young, Vincent Washington,Andrew J. West,Adam Hicks",Vertical,PG-13,English,United States,"'Stone Creek Killer' (2025) is a feature film directed by Robert Enriquez, starring Clayne Crawford,Lyndon Smith,Britney Young, Vincent Washington,Andrew J. West,Adam Hicks, produced by Vertical.",https://en.wikipedia.org/wiki/Stone_Creek_Killer,https://images.unsplash.com/photo-1489599849927-2ee91cede3ba?w=500&auto=format&fit=crop&q=60
Savage Hunt,2025,December,2,"Adventure, Drama",6.2,166129,161,28235643,21823762,Roel Reiné,"Chad Law, Christopher Jolley","James Oliver Wheatley, Fontina Papatheodorou, Priya Blackburn,Anthony Barclay, Colin Mace",Shout! Studios,PG-13,English,United States,"'Savage Hunt' (2025) is a feature film directed by Roel Reiné, starring James Oliver Wheatley, Fontina Papatheodorou, Priya Blackburn,Anthony Barclay, Colin Mace, produced by Shout! Studios.",https://en.wikipedia.org/wiki/Savage_Hunt,https://images.unsplash.com/photo-1489599849927-2ee91cede3ba?w=500&auto=format&fit=crop&q=60
Oh. What. Fun.,2025,December,3,"Action, Adventure, Drama, History",6.9,174089,126,28368963,21912642,,Chandler Baker,"Michael Showalter, Michelle Pfeiffer,Felicity Jones,Chloë Grace Moretz,Danielle Brooks,Denis Leary,Dominic Sessa,Havana Rose Liu,Maude Apatow,Devery Jacobs,Jason Schwartzman,Eva Longoria,Joan Chen",Amazon MGM Studios/Tribeca Enterprises,PG-13,English,United States,"'Oh. What. Fun.' (2025) is a feature film directed by acclaimed filmmakers, starring Michael Showalter, Michelle Pfeiffer,Felicity Jones,Chloë Grace Moretz,Danielle Brooks,Denis Leary,Dominic Sessa,Havana Rose Liu,Maude Apatow,Devery Jacobs,Jason Schwartzman,Eva Longoria,Joan Chen, produced by Amazon MGM Studios/Tribeca Enterprises.",https://en.wikipedia.org/wiki/Oh._What._Fun.,https://images.unsplash.com/photo-1489599849927-2ee91cede3ba?w=500&auto=format&fit=crop&q=60
My Secret Santa,2025,December,,"Romance, Drama",6.5,232396,119,29345532,22563688,Mike Rohl,"Ron Oliver, Carley Smale","Alexandra Breckenridge,Ryan Eggold, Madison MacIsaac,Diana-Maria Riva,Tia Mowry",Netflix,PG-13,English,United States,"'My Secret Santa' (2025) is a feature film directed by Mike Rohl, starring Alexandra Breckenridge,Ryan Eggold, Madison MacIsaac,Diana-Maria Riva,Tia Mowry, produced by Netflix.",https://en.wikipedia.org/wiki/My_Secret_Santa,https://images.unsplash.com/photo-1489599849927-2ee91cede3ba?w=500&auto=format&fit=crop&q=60
Five Nights at Freddy's 2,2025,December,5,"Horror, Mystery, Thriller",6.0,389009,156,48281005,13171694,,Scott Cawthon,"Emma Tammi, Josh Hutcherson,Elizabeth Lail, Piper Rubio,Mckenna Grace,Freddy Carter,Theodus Crane,Teo Briones,Wayne Knight,Skeet Ulrich,Matthew Lillard",Universal Pictures/Blumhouse Productions,R,English,United States,"'Five Nights at Freddy's 2' (2025) is a feature film directed by acclaimed filmmakers, starring Emma Tammi, Josh Hutcherson,Elizabeth Lail, Piper Rubio,Mckenna Grace,Freddy Carter,Theodus Crane,Teo Briones,Wayne Knight,Skeet Ulrich,Matthew Lillard, produced by Universal Pictures/Blumhouse Productions.",https://en.wikipedia.org/wiki/Five_Nights_at_Freddy's_2_(film),https://images.unsplash.com/photo-1489599849927-2ee91cede3ba?w=500&auto=format&fit=crop&q=60
Merrily We Roll Along,2025,December,,Drama,8.8,342045,145,31182015,23788010,Maria Friedman,,"Daniel Radcliffe,Jonathan Groff,Lindsay Mendez",Sony Pictures Classics/Fathom Events/RadicalMedia,PG-13,English,United States,"'Merrily We Roll Along' (2025) is a feature film directed by Maria Friedman, starring Daniel Radcliffe,Jonathan Groff,Lindsay Mendez, produced by Sony Pictures Classics/Fathom Events/RadicalMedia.",https://en.wikipedia.org/wiki/Merrily_We_Roll_Along_(musical)#2023_Broadway_revival,https://images.unsplash.com/photo-1489599849927-2ee91cede3ba?w=500&auto=format&fit=crop&q=60
Fackham Hall,2025,December,,"Sci-Fi, Adventure",8.3,176875,140,28415625,21943750,Jim O'Hanlon,"Jimmy Carr, Patrick Carr,Andrew Dawson, Steve Dawson,Tim Inman","Thomasin McKenzie,Ben Radcliffe,Katherine Waterston,Emma Laird,Tom Goodman-Hill,Anna Maxwell Martin,Sue Johnston,Tom Felton,Damian Lewis",Bleecker Street,PG-13,English,United States,"'Fackham Hall' (2025) is a feature film directed by Jim O'Hanlon, starring Thomasin McKenzie,Ben Radcliffe,Katherine Waterston,Emma Laird,Tom Goodman-Hill,Anna Maxwell Martin,Sue Johnston,Tom Felton,Damian Lewis, produced by Bleecker Street.",https://en.wikipedia.org/wiki/Fackham_Hall,https://images.unsplash.com/photo-1489599849927-2ee91cede3ba?w=500&auto=format&fit=crop&q=60
Diary of a Wimpy Kid: The Last Straw,2025,December,,"Sci-Fi, Adventure",7.0,131442,148,35191614,26461076,Matt Danner,,"Aaron D. Harris, Jude Zarzaur,Hunter Dillon,Erica Cerra,Chris Diamantopoulos,Bashir Salahuddin,William Stanford Davis",Disney+/Walt Disney Pictures/Bardel Entertainment,PG-13,English,United States,"'Diary of a Wimpy Kid: The Last Straw' (2025) is a feature film directed by Matt Danner, starring Aaron D. Harris, Jude Zarzaur,Hunter Dillon,Erica Cerra,Chris Diamantopoulos,Bashir Salahuddin,William Stanford Davis, produced by Disney+/Walt Disney Pictures/Bardel Entertainment.",https://en.wikipedia.org/wiki/Diary_of_a_Wimpy_Kid:_The_Last_Straw_(film),https://images.unsplash.com/photo-1489599849927-2ee91cede3ba?w=500&auto=format&fit=crop&q=60
Rosemead,2025,December,,"Adventure, Drama",6.3,120359,156,27469053,21312702,Eric Lin,Marilyn Fu,"Lucy Liu, Lawerence Shou,Jennifer Lim,Madison Hu,James Chen,Orion Lee",Vertical/LA Times Studios,PG-13,English,United States,"'Rosemead' (2025) is a feature film directed by Eric Lin, starring Lucy Liu, Lawerence Shou,Jennifer Lim,Madison Hu,James Chen,Orion Lee, produced by Vertical/LA Times Studios.",https://en.wikipedia.org/wiki/Rosemead_(film),https://images.unsplash.com/photo-1489599849927-2ee91cede3ba?w=500&auto=format&fit=crop&q=60
Frontier Crucible,2025,December,,"Sci-Fi, Adventure",7.1,292693,122,30355431,23236954,Travis Mills,Harry Whittington,"Myles Clohessy, Mary Stickley,Eli Brown,Ryan Masson,Zane Holtz,Eddie Spears,Armie Hammer,William H. Macy,Thomas Jane",Well Go USA Entertainment/Bonfire Legend,PG-13,English,United States,"'Frontier Crucible' (2025) is a feature film directed by Travis Mills, starring Myles Clohessy, Mary Stickley,Eli Brown,Ryan Masson,Zane Holtz,Eddie Spears,Armie Hammer,William H. Macy,Thomas Jane, produced by Well Go USA Entertainment/Bonfire Legend.",https://en.wikipedia.org/wiki/Frontier_Crucible,https://images.unsplash.com/photo-1489599849927-2ee91cede3ba?w=500&auto=format&fit=crop&q=60
Hunting Season,2025,December,,"Action, Thriller",6.8,232993,122,29355531,22570354,Raja Collins,Adam Hampton,"Mel Gibson,Shelley Hennig,Sofia Hublitz,A. J. Buckley,Jordi Mollà",Samuel Goldwyn Films,PG-13,English,United States,"'Hunting Season' (2025) is a feature film directed by Raja Collins, starring Mel Gibson,Shelley Hennig,Sofia Hublitz,A. J. Buckley,Jordi Mollà, produced by Samuel Goldwyn Films.",https://en.wikipedia.org/wiki/Hunting_Season_(2025_film),https://images.unsplash.com/photo-1489599849927-2ee91cede3ba?w=500&auto=format&fit=crop&q=60
Merv,2025,December,10,"Action, Adventure, Drama, History",8.6,39565,125,26115855,20410570,Jessica Swale,"Dane Clark,Linsey Stewart","Zooey Deschanel,Charlie Cox,Chris Redd,David Hunt,Patricia Heaton",Amazon MGM Studios/Lightworkers Media,PG-13,English,United States,"'Merv' (2025) is a feature film directed by Jessica Swale, starring Zooey Deschanel,Charlie Cox,Chris Redd,David Hunt,Patricia Heaton, produced by Amazon MGM Studios/Lightworkers Media.",https://en.wikipedia.org/wiki/Merv_(film),https://images.unsplash.com/photo-1489599849927-2ee91cede3ba?w=500&auto=format&fit=crop&q=60
"The Mother, the Menacer, and Me",2025,December,11,"Horror, Mystery, Thriller",6.4,38310,130,51052950,13787460,Jon Salmon,"Chris Plaushin, Chris Carvalho","Lorraine Bracco, James Austin Kerr,Leah Remini, Christine Spang, Alfonso Caballero, Brian Tichnell, Kellan Tetlow",Persimmon / Ghost to the Post Productions,R,English,United States,"'The Mother, the Menacer, and Me' (2025) is a feature film directed by Jon Salmon, starring Lorraine Bracco, James Austin Kerr,Leah Remini, Christine Spang, Alfonso Caballero, Brian Tichnell, Kellan Tetlow, produced by Persimmon / Ghost to the Post Productions.","https://en.wikipedia.org/wiki/The_Mother,_the_Menacer,_and_Me",https://images.unsplash.com/photo-1489599849927-2ee91cede3ba?w=500&auto=format&fit=crop&q=60
Goodbye June,2025,December,,"Crime, Drama",6.4,186228,112,28572276,22048184,Kate Winslet,Joe Anders,"Toni Collette,Johnny Flynn,Andrea Riseborough,Timothy Spall, Kate Winslet,Helen Mirren",Netflix,PG-13,English,United States,"'Goodbye June' (2025) is a feature film directed by Kate Winslet, starring Toni Collette,Johnny Flynn,Andrea Riseborough,Timothy Spall, Kate Winslet,Helen Mirren, produced by Netflix.",https://en.wikipedia.org/wiki/Goodbye_June_(film),https://images.unsplash.com/photo-1489599849927-2ee91cede3ba?w=500&auto=format&fit=crop&q=60
Turbulence,2025,December,,"Romance, Drama",6.5,166726,164,28245642,21830428,Claudio Fäh,Andy Mayson,"Hera Hilmar,Jeremy Irvine,Kelsey Grammer,Olga Kurylenko",Lionsgate,PG-13,English,United States,"'Turbulence' (2025) is a feature film directed by Claudio Fäh, starring Hera Hilmar,Jeremy Irvine,Kelsey Grammer,Olga Kurylenko, produced by Lionsgate.",https://en.wikipedia.org/wiki/Turbulence_(2025_film),https://images.unsplash.com/photo-1489599849927-2ee91cede3ba?w=500&auto=format&fit=crop&q=60
Not Without Hope,2025,December,,"Sci-Fi, Adventure",7.5,260654,111,29818818,22879212,,E. Nicholas Mariani,"Joe Carnahan, Zachary Levi,Josh Duhamel,JoBeth Williams,Quentin Plair",Inaugural Entertainment / Volition Media,PG-13,English,United States,"'Not Without Hope' (2025) is a feature film directed by acclaimed filmmakers, starring Joe Carnahan, Zachary Levi,Josh Duhamel,JoBeth Williams,Quentin Plair, produced by Inaugural Entertainment / Volition Media.",https://en.wikipedia.org/wiki/Not_Without_Hope_(film),https://images.unsplash.com/photo-1489599849927-2ee91cede3ba?w=500&auto=format&fit=crop&q=60
Saving Buddy Charles,2025,December,16,Drama,8.1,334085,105,31048695,23699130,Grace Wethor,Jillian Shea Spaeder,"Analesa Fisher, Jillian Shea Spaeder,Ariel Martin, Ian Boggs,Susan Traylor",Tubi,PG-13,English,United States,"'Saving Buddy Charles' (2025) is a feature film directed by Grace Wethor, starring Analesa Fisher, Jillian Shea Spaeder,Ariel Martin, Ian Boggs,Susan Traylor, produced by Tubi.",https://en.wikipedia.org/wiki/Saving_Buddy_Charles,https://images.unsplash.com/photo-1489599849927-2ee91cede3ba?w=500&auto=format&fit=crop&q=60
Avatar: Fire and Ash,2025,December,19,"Action, Adventure, Drama, Sci-Fi",6.5,304633,107,496503615,166277207,,"Rick Jaffa, Amanda Silver","James Cameron, Sam Worthington,Zoe Saldaña,Sigourney Weaver,Stephen Lang,Oona Chaplin,Cliff Curtis,Joel David Moore,CCH Pounder,Edie Falco,David Thewlis,Jemaine Clement,Giovanni Ribisi,Kate Winslet",20th Century Studios/Lightstorm Entertainment,PG-13,English,United States,"'Avatar: Fire and Ash' (2025) is a feature film directed by acclaimed filmmakers, starring James Cameron, Sam Worthington,Zoe Saldaña,Sigourney Weaver,Stephen Lang,Oona Chaplin,Cliff Curtis,Joel David Moore,CCH Pounder,Edie Falco,David Thewlis,Jemaine Clement,Giovanni Ribisi,Kate Winslet, produced by 20th Century Studios/Lightstorm Entertainment.",https://en.wikipedia.org/wiki/Avatar:_Fire_and_Ash,https://images.unsplash.com/photo-1489599849927-2ee91cede3ba?w=500&auto=format&fit=crop&q=60
The SpongeBob Movie: Search for SquarePants,2025,December,,"Animation, Family, Comedy",6.1,300393,97,38021331,28347554,Derek Drymon,"Pam Brady,Matt Lieberman","Tom Kenny,Clancy Brown,Rodger Bumpass,Bill Fagerbakke,Carolyn Lawrence,Mr. Lawrence,George Lopez,Ice Spice,Arturo Castro,Sherry Cola,Regina Hall,Mark Hamill",Paramount Animation/Nickelodeon Movies,PG-13,English,United States,"'The SpongeBob Movie: Search for SquarePants' (2025) is a feature film directed by Derek Drymon, starring Tom Kenny,Clancy Brown,Rodger Bumpass,Bill Fagerbakke,Carolyn Lawrence,Mr. Lawrence,George Lopez,Ice Spice,Arturo Castro,Sherry Cola,Regina Hall,Mark Hamill, produced by Paramount Animation/Nickelodeon Movies.",https://en.wikipedia.org/wiki/The_SpongeBob_Movie:_Search_for_SquarePants,https://images.unsplash.com/photo-1489599849927-2ee91cede3ba?w=500&auto=format&fit=crop&q=60
The Housemaid,2025,December,,"Sci-Fi, Adventure",6.6,206327,138,28908909,22272606,Paul Feig,Rebecca Sonnenshine,"Sydney Sweeney,Amanda Seyfried,Brandon Sklenar,Michele Morrone,Elizabeth Perkins",Lionsgate,PG-13,English,United States,"'The Housemaid' (2025) is a feature film directed by Paul Feig, starring Sydney Sweeney,Amanda Seyfried,Brandon Sklenar,Michele Morrone,Elizabeth Perkins, produced by Lionsgate.",https://en.wikipedia.org/wiki/The_Housemaid_(2025_film),https://images.unsplash.com/photo-1489599849927-2ee91cede3ba?w=500&auto=format&fit=crop&q=60
Is This Thing On?,2025,December,,Drama,7.0,246525,115,29582175,22721450,,"Will Arnett,Mark Chappell","Bradley Cooper, Will Arnett,Laura Dern,Andra Day, Bradley Cooper,Amy Sedaris,Sean Hayes,Christine Ebersole,Ciarán Hinds",Searchlight Pictures,PG-13,English,United States,"'Is This Thing On?' (2025) is a feature film directed by acclaimed filmmakers, starring Bradley Cooper, Will Arnett,Laura Dern,Andra Day, Bradley Cooper,Amy Sedaris,Sean Hayes,Christine Ebersole,Ciarán Hinds, produced by Searchlight Pictures.",https://en.wikipedia.org/wiki/Is_This_Thing_On%3F,https://images.unsplash.com/photo-1489599849927-2ee91cede3ba?w=500&auto=format&fit=crop&q=60
Anaconda,2025,December,25,"Sci-Fi, Adventure",6.9,114986,129,27379062,21252708,,Kevin Etten,"Tom Gormican, Jack Black,Paul Rudd,Steve Zahn,Thandiwe Newton,Daniela Melchior,Selton Mello",Columbia Pictures/Fully Formed Entertainment,PG-13,English,United States,"'Anaconda' (2025) is a feature film directed by acclaimed filmmakers, starring Tom Gormican, Jack Black,Paul Rudd,Steve Zahn,Thandiwe Newton,Daniela Melchior,Selton Mello, produced by Columbia Pictures/Fully Formed Entertainment.",https://en.wikipedia.org/wiki/Anaconda_(2025_film),https://images.unsplash.com/photo-1489599849927-2ee91cede3ba?w=500&auto=format&fit=crop&q=60
Marty Supreme,2025,December,,Comedy,7.9,215481,109,29062227,22374818,,Ronald Bronstein,"Josh Safdie, Timothée Chalamet,Gwyneth Paltrow,Odessa A'zion,Kevin O'Leary,Tyler Okonma,Abel Ferrara,Fran Drescher",A24,PG-13,English,United States,"'Marty Supreme' (2025) is a feature film directed by acclaimed filmmakers, starring Josh Safdie, Timothée Chalamet,Gwyneth Paltrow,Odessa A'zion,Kevin O'Leary,Tyler Okonma,Abel Ferrara,Fran Drescher, produced by A24.",https://en.wikipedia.org/wiki/Marty_Supreme,https://images.unsplash.com/photo-1489599849927-2ee91cede3ba?w=500&auto=format&fit=crop&q=60
The Testament of Ann Lee,2025,December,,"Action, Adventure, Drama, History",6.9,384233,132,31888611,24259074,,Brady Corbet,"Mona Fastvold, Amanda Seyfried,Thomasin McKenzie,Lewis Pullman,Stacy Martin,Tim Blake Nelson,Christopher Abbott",Searchlight Pictures/Annapurna Pictures,PG-13,English,United States,"'The Testament of Ann Lee' (2025) is a feature film directed by acclaimed filmmakers, starring Mona Fastvold, Amanda Seyfried,Thomasin McKenzie,Lewis Pullman,Stacy Martin,Tim Blake Nelson,Christopher Abbott, produced by Searchlight Pictures/Annapurna Pictures.",https://en.wikipedia.org/wiki/The_Testament_of_Ann_Lee,https://images.unsplash.com/photo-1489599849927-2ee91cede3ba?w=500&auto=format&fit=crop&q=60
The Dutchman,2026,January,,"Sci-Fi, Adventure",9.2,185233,107,28555611,22037074,,Qasim Basir,"Andre Gaines, André Holland,Kate Mara,Zazie Beetz,Stephen McKinley Henderson,Aldis Hodge,Lauren E. Banks",Rogue Pictures/Washington Square Films,PG-13,English,United States,"'The Dutchman' (2026) is a feature film directed by acclaimed filmmakers, starring Andre Gaines, André Holland,Kate Mara,Zazie Beetz,Stephen McKinley Henderson,Aldis Hodge,Lauren E. Banks, produced by Rogue Pictures/Washington Square Films.",https://en.wikipedia.org/wiki/The_Dutchman_(2025_film),https://images.unsplash.com/photo-1489599849927-2ee91cede3ba?w=500&auto=format&fit=crop&q=60
Primate,2026,January,9,"Action, Thriller",6.9,101852,138,27159084,21106056,,Ernest Riera,"Johannes Roberts, Johnny Sequoyah,Jessica Alexander,Troy Kotsur",Paramount Pictures,PG-13,English,United States,"'Primate' (2026) is a feature film directed by acclaimed filmmakers, starring Johannes Roberts, Johnny Sequoyah,Jessica Alexander,Troy Kotsur, produced by Paramount Pictures.",https://en.wikipedia.org/wiki/Primate_(2025_film),https://images.unsplash.com/photo-1489599849927-2ee91cede3ba?w=500&auto=format&fit=crop&q=60
Greenland 2: Migration,2026,January,,"Action, Thriller",8.2,360552,163,31491984,23994656,Ric Roman Waugh,"Mitchell LaFortune,Chris Sparling","Gerard Butler,Morena Baccarin,Roman Griffin Davis",Lionsgate/STXfilms/Thunder Road Films,PG-13,English,United States,"'Greenland 2: Migration' (2026) is a feature film directed by Ric Roman Waugh, starring Gerard Butler,Morena Baccarin,Roman Griffin Davis, produced by Lionsgate/STXfilms/Thunder Road Films.",https://en.wikipedia.org/wiki/Greenland_2:_Migration,https://images.unsplash.com/photo-1489599849927-2ee91cede3ba?w=500&auto=format&fit=crop&q=60
Dead Man's Wire,2026,January,,"Sci-Fi, Adventure",6.1,211899,91,29002233,22334822,Gus Van Sant,Austin Kolodney,"Bill Skarsgård,Dacre Montgomery,Cary Elwes,Myha'la,Colman Domingo,Al Pacino",Row K Entertainment,PG-13,English,United States,"'Dead Man's Wire' (2026) is a feature film directed by Gus Van Sant, starring Bill Skarsgård,Dacre Montgomery,Cary Elwes,Myha'la,Colman Domingo,Al Pacino, produced by Row K Entertainment.",https://en.wikipedia.org/wiki/Dead_Man's_Wire,https://images.unsplash.com/photo-1489599849927-2ee91cede3ba?w=500&auto=format&fit=crop&q=60
People We Meet on Vacation,2026,January,,"Sci-Fi, Adventure",6.3,429008,132,32638536,24759024,Brett Haley,"Yulin Kuang, Amos Vernon, Nunzio Randazzo","Emily Bader,Tom Blyth,Sarah Catherine Hook,Jameela Jamil,Lucien Laviscount,Lukas Gage,Alan Ruck,Molly Shannon",Netflix/3000 Pictures/Temple Hill Entertainment,PG-13,English,United States,"'People We Meet on Vacation' (2026) is a feature film directed by Brett Haley, starring Emily Bader,Tom Blyth,Sarah Catherine Hook,Jameela Jamil,Lucien Laviscount,Lukas Gage,Alan Ruck,Molly Shannon, produced by Netflix/3000 Pictures/Temple Hill Entertainment.",https://en.wikipedia.org/wiki/People_We_Meet_on_Vacation_(film),https://images.unsplash.com/photo-1489599849927-2ee91cede3ba?w=500&auto=format&fit=crop&q=60
Starbright,2026,January,,"Sci-Fi, Adventure",6.7,167124,91,28252308,21834872,Francesco Lucente,"Joseph Bitonti, Olimpia Lucente","Alexandra Dowling,John Rhys-Davies,Diego Boneta,Becky Ann Baker,Ted Levine,Gbenga Akinnagbe",Ruby Max Entertainment,PG-13,English,United States,"'Starbright' (2026) is a feature film directed by Francesco Lucente, starring Alexandra Dowling,John Rhys-Davies,Diego Boneta,Becky Ann Baker,Ted Levine,Gbenga Akinnagbe, produced by Ruby Max Entertainment.",https://en.wikipedia.org/wiki/Starbright_(film),https://images.unsplash.com/photo-1489599849927-2ee91cede3ba?w=500&auto=format&fit=crop&q=60
Oscar Shaw,2026,January,,"Sci-Fi, Adventure",8.8,145035,130,27882345,21588230,"R. Ellis Frazier, Justin Nesbitt",Don Roff,"Michael Jai White,Tyrese Gibson,Isaiah Washington,Rich Paul, Cecile Cubiló",Samuel Goldwyn Films,PG-13,English,United States,"'Oscar Shaw' (2026) is a feature film directed by R. Ellis Frazier, Justin Nesbitt, starring Michael Jai White,Tyrese Gibson,Isaiah Washington,Rich Paul, Cecile Cubiló, produced by Samuel Goldwyn Films.",https://en.wikipedia.org/wiki/Oscar_Shaw,https://images.unsplash.com/photo-1489599849927-2ee91cede3ba?w=500&auto=format&fit=crop&q=60
OBEX,2026,January,,"Sci-Fi, Adventure",7.8,18272,93,25759224,20172816,,Pete Ohs,"Albert Birney, Albert Birney,Callie Hernandez, Frank Mosley",Oscilloscope/Cartuna/Ley Line Entertainment,PG-13,English,United States,"'OBEX' (2026) is a feature film directed by acclaimed filmmakers, starring Albert Birney, Albert Birney,Callie Hernandez, Frank Mosley, produced by Oscilloscope/Cartuna/Ley Line Entertainment.",https://en.wikipedia.org/wiki/OBEX,https://images.unsplash.com/photo-1489599849927-2ee91cede3ba?w=500&auto=format&fit=crop&q=60
Death Name,2026,January,,"Sci-Fi, Adventure",8.5,137871,94,27762357,21508238,Réi,Regina Kim,"Amy Keum,Kevin Woo, Vana Kim, Alice Bang, Andy Han",Tubi/MarVista Entertainment,PG-13,English,United States,"'Death Name' (2026) is a feature film directed by Réi, starring Amy Keum,Kevin Woo, Vana Kim, Alice Bang, Andy Han, produced by Tubi/MarVista Entertainment.",https://en.wikipedia.org/wiki/Death_Name,https://images.unsplash.com/photo-1489599849927-2ee91cede3ba?w=500&auto=format&fit=crop&q=60
The Internship,2026,January,,"Comedy, Drama",6.8,232993,122,29355531,22570354,James Bamford,"Steven Paul, J.D. Zeik","Lizzy Greene,Megan Boone,Sky Katz,Philip Winchester",Paramount Global Content Distribution,PG-13,English,United States,"'The Internship' (2026) is a feature film directed by James Bamford, starring Lizzy Greene,Megan Boone,Sky Katz,Philip Winchester, produced by Paramount Global Content Distribution.",https://en.wikipedia.org/wiki/The_Internship,https://images.unsplash.com/photo-1489599849927-2ee91cede3ba?w=500&auto=format&fit=crop&q=60
28 Years Later: The Bone Temple,2026,January,16,"Adventure, Drama",6.9,32738,102,33538446,25358964,Nia DaCosta,Alex Garland,"Ralph Fiennes,Jack O'Connell,Alfie Williams,Erin Kellyman,Chi Lewis-Parry",Columbia Pictures/DNA Films,PG-13,English,United States,"'28 Years Later: The Bone Temple' (2026) is a feature film directed by Nia DaCosta, starring Ralph Fiennes,Jack O'Connell,Alfie Williams,Erin Kellyman,Chi Lewis-Parry, produced by Columbia Pictures/DNA Films.",https://en.wikipedia.org/wiki/28_Years_Later:_The_Bone_Temple,https://images.unsplash.com/photo-1489599849927-2ee91cede3ba?w=500&auto=format&fit=crop&q=60
Night Patrol,2026,January,,"Horror, Mystery, Thriller",8.2,189810,130,42720450,11936460,,"Tim Cairo, Jake Gibson, Shaye Ogbonna","Ryan Prows, Jermaine Fowler,Justin Long,Freddie Gibbs,RJ Cyler,YG,Nicki Micheaux,Flying Lotus,Phil Brooks,Dermot Mulroney",RLJE Films/Shudder,R,English,United States,"'Night Patrol' (2026) is a feature film directed by acclaimed filmmakers, starring Ryan Prows, Jermaine Fowler,Justin Long,Freddie Gibbs,RJ Cyler,YG,Nicki Micheaux,Flying Lotus,Phil Brooks,Dermot Mulroney, produced by RLJE Films/Shudder.",https://en.wikipedia.org/wiki/Night_Patrol_(2025_film),https://images.unsplash.com/photo-1489599849927-2ee91cede3ba?w=500&auto=format&fit=crop&q=60
Killer Whale,2026,January,,"Sci-Fi, Adventure",9.1,185034,106,28552278,22034852,,Katharine E. McPhee,"Jo-Anne Brechin, Virginia Gardner,Mel Jarnson,Mitchell Hope",Lionsgate/Grindstone Entertainment Group,PG-13,English,United States,"'Killer Whale' (2026) is a feature film directed by acclaimed filmmakers, starring Jo-Anne Brechin, Virginia Gardner,Mel Jarnson,Mitchell Hope, produced by Lionsgate/Grindstone Entertainment Group.",https://en.wikipedia.org/wiki/Killer_Whale_(2026_film),https://images.unsplash.com/photo-1489599849927-2ee91cede3ba?w=500&auto=format&fit=crop&q=60
Leave,2026,January,,"Action, Adventure, Drama, History",7.1,56281,134,26395827,20597218,,Marques Houston,"Chris Stokes, Shalèt Monique, Stephen Barrington,V. Bozeman, Newton Mayenge, LaVell Thompson Jr.",Falling Forward Films,PG-13,English,United States,"'Leave' (2026) is a feature film directed by acclaimed filmmakers, starring Chris Stokes, Shalèt Monique, Stephen Barrington,V. Bozeman, Newton Mayenge, LaVell Thompson Jr., produced by Falling Forward Films.",https://en.wikipedia.org/wiki/Leave,https://images.unsplash.com/photo-1489599849927-2ee91cede3ba?w=500&auto=format&fit=crop&q=60
Mercy,2026,January,23,"Sci-Fi, Adventure",9.0,60062,153,26459154,20639436,Timur Bekmambetov,Marco van Belle,"Chris Pratt,Rebecca Ferguson,Annabelle Wallis,Kylie Rogers,Kali Reis,Chris Sullivan",Metro-Goldwyn-Mayer/Atlas Entertainment/Bazelevs Company,PG-13,English,United States,"'Mercy' (2026) is a feature film directed by Timur Bekmambetov, starring Chris Pratt,Rebecca Ferguson,Annabelle Wallis,Kylie Rogers,Kali Reis,Chris Sullivan, produced by Metro-Goldwyn-Mayer/Atlas Entertainment/Bazelevs Company.",https://en.wikipedia.org/wiki/Mercy_(2026_film),https://images.unsplash.com/photo-1489599849927-2ee91cede3ba?w=500&auto=format&fit=crop&q=60
Return to Silent Hill,2026,January,,"Musical, Drama",7.2,351995,120,31348665,23899110,,"Sandra Vo-Anh, Will Schneider","Christophe Gans, Jeremy Irvine,Hannah Emily Anderson,Evie Templeton",Cineverse/Iconic Events Releasing/Davis Films,PG-13,English,United States,"'Return to Silent Hill' (2026) is a feature film directed by acclaimed filmmakers, starring Christophe Gans, Jeremy Irvine,Hannah Emily Anderson,Evie Templeton, produced by Cineverse/Iconic Events Releasing/Davis Films.",https://en.wikipedia.org/wiki/Return_to_Silent_Hill,https://images.unsplash.com/photo-1489599849927-2ee91cede3ba?w=500&auto=format&fit=crop&q=60
H Is for Hawk,2026,January,,"Action, Adventure, Drama, History",6.2,172696,119,28345632,21897088,,Emma Donoghue,"Philippa Lowthorpe, Claire Foy,Brendan Gleeson,Denise Gough,Sam Spruell,Lindsay Duncan",Roadside Attractions/Film4/Plan B Entertainment,PG-13,English,United States,"'H Is for Hawk' (2026) is a feature film directed by acclaimed filmmakers, starring Philippa Lowthorpe, Claire Foy,Brendan Gleeson,Denise Gough,Sam Spruell,Lindsay Duncan, produced by Roadside Attractions/Film4/Plan B Entertainment.",https://en.wikipedia.org/wiki/H_Is_for_Hawk_(film),https://images.unsplash.com/photo-1489599849927-2ee91cede3ba?w=500&auto=format&fit=crop&q=60
Clika,2026,January,,"Romance, Drama",6.2,54490,125,26365830,20577220,,"Sean McBride, Jimmy Humilde","Michael Greene, JayDee, Concrete, DoKnow, Laura Lopez, Nana Ponceleon,OhGeesy,Percy ""Master P"" Miller,Peter Greene,Eric Roberts",Columbia Pictures,PG-13,English,United States,"'Clika' (2026) is a feature film directed by acclaimed filmmakers, starring Michael Greene, JayDee, Concrete, DoKnow, Laura Lopez, Nana Ponceleon,OhGeesy,Percy ""Master P"" Miller,Peter Greene,Eric Roberts, produced by Columbia Pictures.",https://en.wikipedia.org/wiki/Clika,https://images.unsplash.com/photo-1489599849927-2ee91cede3ba?w=500&auto=format&fit=crop&q=60
The Dreamer Cinderella,2026,January,,"Mystery, Thriller",6.2,369706,134,47742170,13051996,Alfredo Widman,,"Jose-Luis Ruiz, Tara Reid,Paul Johansson, Marie Elizabeth DeWitt,Adam Hagenbuch,LisaRaye McCoy",Atlas Distribution Company / Dr. Ruiz Productions,R,English,United States,"'The Dreamer Cinderella' (2026) is a feature film directed by Alfredo Widman, starring Jose-Luis Ruiz, Tara Reid,Paul Johansson, Marie Elizabeth DeWitt,Adam Hagenbuch,LisaRaye McCoy, produced by Atlas Distribution Company / Dr. Ruiz Productions.",https://en.wikipedia.org/wiki/The_Dreamer_Cinderella,https://images.unsplash.com/photo-1489599849927-2ee91cede3ba?w=500&auto=format&fit=crop&q=60
Untitled Home Invasion Romance,2026,January,27,"Romance, Drama",8.0,80896,119,34345032,25896688,Jason Biggs,"Jamie Napoli, Joshua Paul Johnson","Jason Biggs,Justin H. Min,Meaghan Rath,Arturo Castro,Anna Konkle",Republic Pictures/Motion Picture Corporation of America,PG-13,English,United States,"'Untitled Home Invasion Romance' (2026) is a feature film directed by Jason Biggs, starring Jason Biggs,Justin H. Min,Meaghan Rath,Arturo Castro,Anna Konkle, produced by Republic Pictures/Motion Picture Corporation of America.",https://en.wikipedia.org/wiki/Untitled_Home_Invasion_Romance,https://images.unsplash.com/photo-1489599849927-2ee91cede3ba?w=500&auto=format&fit=crop&q=60
The Wrecking Crew,2026,January,28,"Sci-Fi, Adventure",6.9,272594,96,30018798,23012532,Ángel Manuel Soto,Jonathan Tropper,"Jason Momoa,Dave Bautista,Claes Bang,Temuera Morrison,Jacob Batalon,Frankie Adams,Miyavi,Maia Kealoha,Stephen Root,Morena Baccarin",Amazon MGM Studios/6th & Idaho Productions,PG-13,English,United States,"'The Wrecking Crew' (2026) is a feature film directed by Ángel Manuel Soto, starring Jason Momoa,Dave Bautista,Claes Bang,Temuera Morrison,Jacob Batalon,Frankie Adams,Miyavi,Maia Kealoha,Stephen Root,Morena Baccarin, produced by Amazon MGM Studios/6th & Idaho Productions.",https://en.wikipedia.org/wiki/The_Wrecking_Crew_(2026_film),https://images.unsplash.com/photo-1489599849927-2ee91cede3ba?w=500&auto=format&fit=crop&q=60
Send Help,2026,January,30,"Sci-Fi, Adventure",6.7,121155,160,27482385,21321590,Sam Raimi,"Mark Swift, Damian Shannon","Rachel McAdams,Dylan O'Brien,Edyll Ismail,Xavier Samuel,Chris Pang,Dennis Haysbert",20th Century Studios,PG-13,English,United States,"'Send Help' (2026) is a feature film directed by Sam Raimi, starring Rachel McAdams,Dylan O'Brien,Edyll Ismail,Xavier Samuel,Chris Pang,Dennis Haysbert, produced by 20th Century Studios.",https://en.wikipedia.org/wiki/Send_Help,https://images.unsplash.com/photo-1489599849927-2ee91cede3ba?w=500&auto=format&fit=crop&q=60
Shelter,2026,January,,"Action, Adventure, Drama, History",7.4,102847,143,27175749,21117166,Ric Roman Waugh,Ward Parry,"Jason Statham,Bodhi Rae Breathnach,Bill Nighy,Naomi Ackie,Daniel Mays",Black Bear Pictures/Punch Palace Productions,PG-13,English,United States,"'Shelter' (2026) is a feature film directed by Ric Roman Waugh, starring Jason Statham,Bodhi Rae Breathnach,Bill Nighy,Naomi Ackie,Daniel Mays, produced by Black Bear Pictures/Punch Palace Productions.",https://en.wikipedia.org/wiki/Shelter_(2026_film),https://images.unsplash.com/photo-1489599849927-2ee91cede3ba?w=500&auto=format&fit=crop&q=60
The Moment,2026,January,,"Sci-Fi, Adventure",6.1,146229,136,27902343,21601562,,Bertie Brandes,"Aidan Zamiri, Charli XCX,Rosanna Arquette,Kate Berlant,Jamie Demetriou,Hailey Benton Gates,Isaac Powell,Alexander Skarsgård",A24/2AM,PG-13,English,United States,"'The Moment' (2026) is a feature film directed by acclaimed filmmakers, starring Aidan Zamiri, Charli XCX,Rosanna Arquette,Kate Berlant,Jamie Demetriou,Hailey Benton Gates,Isaac Powell,Alexander Skarsgård, produced by A24/2AM.",https://en.wikipedia.org/wiki/The_Moment_(2026_film),https://images.unsplash.com/photo-1489599849927-2ee91cede3ba?w=500&auto=format&fit=crop&q=60
World Breaker,2026,January,,"Sci-Fi, Adventure",7.1,207322,143,28925574,22283716,Brad Anderson,Joshua Rollins,"Luke Evans,Milla Jovovich,Billie Boullet",Aura Entertainment,PG-13,English,United States,"'World Breaker' (2026) is a feature film directed by Brad Anderson, starring Luke Evans,Milla Jovovich,Billie Boullet, produced by Aura Entertainment.",https://en.wikipedia.org/wiki/World_Breaker,https://images.unsplash.com/photo-1489599849927-2ee91cede3ba?w=500&auto=format&fit=crop&q=60
Grizzly Night,2026,January,,"Musical, Drama",8.7,217073,117,29088891,22392594,Burke Doeren,"Katrina Mathewson, Tanner Bean","Charles Esten,Oded Fehr, Lauren Call, Joel Johnstone,Josh Zuckerman,Matt Lintz, Ali Skovbye, Sophia Gray,Brec Bassinger,Jack Griffo",Saban Films,PG-13,English,United States,"'Grizzly Night' (2026) is a feature film directed by Burke Doeren, starring Charles Esten,Oded Fehr, Lauren Call, Joel Johnstone,Josh Zuckerman,Matt Lintz, Ali Skovbye, Sophia Gray,Brec Bassinger,Jack Griffo, produced by Saban Films.",https://en.wikipedia.org/wiki/Grizzly_Night,https://images.unsplash.com/photo-1489599849927-2ee91cede3ba?w=500&auto=format&fit=crop&q=60
Relationship Goals,2026,February,4,"Sci-Fi, Adventure",9.1,316374,91,30752058,23501372,Linda Mendoza,"Michael Elliot, Laura Lekkos, Cory Tynan","Kelly Rowland,Method Man,Melanie Leishman",Amazon MGM Studios/Franklin Entertainment,PG-13,English,United States,"'Relationship Goals' (2026) is a feature film directed by Linda Mendoza, starring Kelly Rowland,Method Man,Melanie Leishman, produced by Amazon MGM Studios/Franklin Entertainment.",https://en.wikipedia.org/wiki/Relationship_Goals_(film),https://images.unsplash.com/photo-1489599849927-2ee91cede3ba?w=500&auto=format&fit=crop&q=60
Still Hope,2026,February,5,"Sci-Fi, Adventure",6.4,146826,139,27912342,21608228,Richie Johns,"Mitch Hudson, Randy McWilson","Luna Rivera,Alex Veadov, Wilma Rivera, John D. Michaels, Michelle Hard",Fathom Entertainment,PG-13,English,United States,"'Still Hope' (2026) is a feature film directed by Richie Johns, starring Luna Rivera,Alex Veadov, Wilma Rivera, John D. Michaels, Michelle Hard, produced by Fathom Entertainment.",https://en.wikipedia.org/wiki/Still_Hope,https://images.unsplash.com/photo-1489599849927-2ee91cede3ba?w=500&auto=format&fit=crop&q=60
The Strangers – Chapter 3,2026,February,6,"Sci-Fi, Adventure",8.7,216431,159,59225877,42483918,Renny Harlin,"Alan R. Cohen, Alan Freedland","Madelaine Petsch,Gabriel Basso,Ema Horvath,Richard Brake",Lionsgate,PG-13,English,United States,"'The Strangers – Chapter 3' (2026) is a feature film directed by Renny Harlin, starring Madelaine Petsch,Gabriel Basso,Ema Horvath,Richard Brake, produced by Lionsgate.",https://en.wikipedia.org/wiki/The_Strangers_–_Chapter_3,https://images.unsplash.com/photo-1489599849927-2ee91cede3ba?w=500&auto=format&fit=crop&q=60
Solo Mio,2026,February,,"Mystery, Thriller",8.5,105036,154,40354020,11410776,"Chuck Kinnane, Dan Kinnane","James Kinnane, Patrick Kinnane,Kevin James","Kevin James,Alyson Hannigan,Kim Coates,Jonathan Roumie,Julee Cerda,Julie Ann Emery",Angel Studios/Kinnane Brothers,R,English,United States,"'Solo Mio' (2026) is a feature film directed by Chuck Kinnane, Dan Kinnane, starring Kevin James,Alyson Hannigan,Kim Coates,Jonathan Roumie,Julee Cerda,Julie Ann Emery, produced by Angel Studios/Kinnane Brothers.",https://en.wikipedia.org/wiki/Solo_Mio,https://images.unsplash.com/photo-1489599849927-2ee91cede3ba?w=500&auto=format&fit=crop&q=60
Twisted,2026,February,,Drama,8.7,105434,156,27219078,21146052,Darren Lynn Bousman,"James Greer, Jonathan Bernstein","Djimon Hounsou,Lauren LaVera,Mia Healey,Alicia Witt,Neal McDonough,Gina Philips,Jacob Lukas Anderson",Republic Pictures/Twisted Pictures,PG-13,English,United States,"'Twisted' (2026) is a feature film directed by Darren Lynn Bousman, starring Djimon Hounsou,Lauren LaVera,Mia Healey,Alicia Witt,Neal McDonough,Gina Philips,Jacob Lukas Anderson, produced by Republic Pictures/Twisted Pictures.",https://en.wikipedia.org/wiki/Twisted_(2026_film),https://images.unsplash.com/photo-1489599849927-2ee91cede3ba?w=500&auto=format&fit=crop&q=60
The Huntsman,2026,February,,"Sci-Fi, Adventure",8.5,190407,133,28642269,22094846,,"Judith Sanders, Steven Jon Whrither","Kyle Kauwika Harris, Shawn Ashmore,Elizabeth Mitchell,Jessy Schram,Garret Dillahunt,Brent Bailey,Maddison Bullock",Epic Pictures Group,PG-13,English,United States,"'The Huntsman' (2026) is a feature film directed by acclaimed filmmakers, starring Kyle Kauwika Harris, Shawn Ashmore,Elizabeth Mitchell,Jessy Schram,Garret Dillahunt,Brent Bailey,Maddison Bullock, produced by Epic Pictures Group.",https://en.wikipedia.org/wiki/The_Huntsman,https://images.unsplash.com/photo-1489599849927-2ee91cede3ba?w=500&auto=format&fit=crop&q=60
F*ck Valentine's Day,2026,February,,"Romance, Drama",8.0,307618,122,30605406,23403604,Mark Gantt,Steve Bencich,"Virginia Gardner,Jake Cannavale,Skylar Astin,Sabrina Bartlett,Lil Rel Howery,Natasha Leggero,Marisa Tomei",Gravitas Ventures/Shout! Studios,PG-13,English,United States,"'F*ck Valentine's Day' (2026) is a feature film directed by Mark Gantt, starring Virginia Gardner,Jake Cannavale,Skylar Astin,Sabrina Bartlett,Lil Rel Howery,Natasha Leggero,Marisa Tomei, produced by Gravitas Ventures/Shout! Studios.",https://en.wikipedia.org/wiki/F*ck_Valentine's_Day,https://images.unsplash.com/photo-1489599849927-2ee91cede3ba?w=500&auto=format&fit=crop&q=60
Misdirection,2026,February,10,"Mystery, Thriller",7.7,208516,149,43242620,12052456,Kevin Lewis,Lacy McClory,"Frank Grillo,Olga Kurylenko, Oliver Trevena",Cineverse,R,English,United States,"'Misdirection' (2026) is a feature film directed by Kevin Lewis, starring Frank Grillo,Olga Kurylenko, Oliver Trevena, produced by Cineverse.",https://en.wikipedia.org/wiki/Misdirection,https://images.unsplash.com/photo-1489599849927-2ee91cede3ba?w=500&auto=format&fit=crop&q=60
Bad Voodoo,2026,February,,"Sci-Fi, Adventure",7.4,142249,116,27835683,21557122,"Andrew Adler, Andre Hepburn",,"John Fiore, Manny Perez, Cristina Moody, Charlie Alejandro, Justin Genna, Alex Joseph Pires",Deskpop Entertainment,PG-13,English,United States,"'Bad Voodoo' (2026) is a feature film directed by Andrew Adler, Andre Hepburn, starring John Fiore, Manny Perez, Cristina Moody, Charlie Alejandro, Justin Genna, Alex Joseph Pires, produced by Deskpop Entertainment.",https://en.wikipedia.org/wiki/Bad_Voodoo,https://images.unsplash.com/photo-1489599849927-2ee91cede3ba?w=500&auto=format&fit=crop&q=60
Goat,2026,February,,"Animation, Family, Comedy",7.2,36779,111,26069193,20379462,Tyree Dillihay,"Aaron Buchsbaum, Teddy Riley","Caleb McLaughlin,Gabrielle Union,Aaron Pierre,Nicola Coughlan,David Harbour,Nick Kroll,Jenifer Lewis,Patton Oswalt,Jelly Roll,Jennifer Hudson,Sherry Cola,Eduardo Franco,Andrew Santino,Bobby Lee,Stephen Curry",Columbia Pictures/Sony Pictures Animation/Unanimous Media,PG-13,English,United States,"'Goat' (2026) is a feature film directed by Tyree Dillihay, starring Caleb McLaughlin,Gabrielle Union,Aaron Pierre,Nicola Coughlan,David Harbour,Nick Kroll,Jenifer Lewis,Patton Oswalt,Jelly Roll,Jennifer Hudson,Sherry Cola,Eduardo Franco,Andrew Santino,Bobby Lee,Stephen Curry, produced by Columbia Pictures/Sony Pictures Animation/Unanimous Media.",https://en.wikipedia.org/wiki/Goat_(2026_film),https://images.unsplash.com/photo-1489599849927-2ee91cede3ba?w=500&auto=format&fit=crop&q=60
"Good Luck, Have Fun, Don't Die",2026,February,,"Sci-Fi, Adventure",7.4,444331,134,32895177,24930118,Gore Verbinski,Matthew Robinson,"Sam Rockwell,Haley Lu Richardson,Michael Peña,Zazie Beetz,Asim Chaudhry,Tom Taylor,Juno Temple",Briarcliff Entertainment/3 Arts Entertainment/Blind Wink Productions/Constantin Film,PG-13,English,United States,"'Good Luck, Have Fun, Don't Die' (2026) is a feature film directed by Gore Verbinski, starring Sam Rockwell,Haley Lu Richardson,Michael Peña,Zazie Beetz,Asim Chaudhry,Tom Taylor,Juno Temple, produced by Briarcliff Entertainment/3 Arts Entertainment/Blind Wink Productions/Constantin Film.","https://en.wikipedia.org/wiki/Good_Luck,_Have_Fun,_Don't_Die",https://images.unsplash.com/photo-1489599849927-2ee91cede3ba?w=500&auto=format&fit=crop&q=60
Cold Storage,2026,February,,"Drama, Thriller",6.1,185631,109,28562277,22041518,Jonny Campbell,David Koepp,"Georgina Campbell,Joe Keery,Sosie Bacon,Vanessa Redgrave,Lesley Manville,Liam Neeson",Samuel Goldwyn Films/StudioCanal,PG-13,English,United States,"'Cold Storage' (2026) is a feature film directed by Jonny Campbell, starring Georgina Campbell,Joe Keery,Sosie Bacon,Vanessa Redgrave,Lesley Manville,Liam Neeson, produced by Samuel Goldwyn Films/StudioCanal.",https://en.wikipedia.org/wiki/Cold_Storage_(film),https://images.unsplash.com/photo-1489599849927-2ee91cede3ba?w=500&auto=format&fit=crop&q=60
The Mortuary Assistant,2026,February,,"Horror, Mystery, Thriller",6.9,390800,90,48331000,13182800,Jeremiah Kipp,"Tracee Beebe, Brian Clarke","Willa Holland,Paul Sparks",Shudder/Epic Pictures Group,R,English,United States,"'The Mortuary Assistant' (2026) is a feature film directed by Jeremiah Kipp, starring Willa Holland,Paul Sparks, produced by Shudder/Epic Pictures Group.",https://en.wikipedia.org/wiki/The_Mortuary_Assistant_(film),https://images.unsplash.com/photo-1489599849927-2ee91cede3ba?w=500&auto=format&fit=crop&q=60
Mimics,2026,February,,"Sci-Fi, Adventure",8.9,79564,101,26785788,20857192,Kristoffer Polaha,Marc Oakley,"Kristoffer Polaha, Moriah,Stephen Tobolowsky,Chris Parnell,Jason Marsden,Arianne Zucker",Panoramic Pictures / Nook Lane Entertainment,PG-13,English,United States,"'Mimics' (2026) is a feature film directed by Kristoffer Polaha, starring Kristoffer Polaha, Moriah,Stephen Tobolowsky,Chris Parnell,Jason Marsden,Arianne Zucker, produced by Panoramic Pictures / Nook Lane Entertainment.",https://en.wikipedia.org/wiki/Mimics_(film),https://images.unsplash.com/photo-1489599849927-2ee91cede3ba?w=500&auto=format&fit=crop&q=60
Hellfire,2026,February,17,"Sci-Fi, Adventure",9.2,119563,152,27455721,21303814,Isaac Florentine,Richard Lowry,"Stephen Lang,Dolph Lundgren,Harvey Keitel,Scottie Thompson,Johnny Yong Bosch, Michael Sirow, Chris Mullinax,Maurice Compte, Levon Panek, Jason Scott Morgan, Carl Bailey,Natalie Canerday",Saban Films/Diamond Bear Brewing Company,PG-13,English,United States,"'Hellfire' (2026) is a feature film directed by Isaac Florentine, starring Stephen Lang,Dolph Lundgren,Harvey Keitel,Scottie Thompson,Johnny Yong Bosch, Michael Sirow, Chris Mullinax,Maurice Compte, Levon Panek, Jason Scott Morgan, Carl Bailey,Natalie Canerday, produced by Saban Films/Diamond Bear Brewing Company.",https://en.wikipedia.org/wiki/Hellfire_(2026_film),https://images.unsplash.com/photo-1489599849927-2ee91cede3ba?w=500&auto=format&fit=crop&q=60
Kangaroo Kids,2026,February,,"Sci-Fi, Adventure",6.4,205929,136,28902243,22268162,,Ryan Lieske,"Fairai Richmond, Branscombe Richmond, Robbie Allen, Emily Ashby, Josefina Baeza, Ella Branstetter,Kathleen Kinmont",Scatena & Rosner Films / Sun Stream Productions,PG-13,English,United States,"'Kangaroo Kids' (2026) is a feature film directed by acclaimed filmmakers, starring Fairai Richmond, Branscombe Richmond, Robbie Allen, Emily Ashby, Josefina Baeza, Ella Branstetter,Kathleen Kinmont, produced by Scatena & Rosner Films / Sun Stream Productions.",https://en.wikipedia.org/wiki/Kangaroo_Kids,https://images.unsplash.com/photo-1489599849927-2ee91cede3ba?w=500&auto=format&fit=crop&q=60
I Can Only Imagine 2,2026,February,20,"Action, Adventure, Drama, History",6.4,284733,157,30222111,23148074,Andrew Erwin,,"Brent McCorkle, John Michael Finley,Milo Ventimiglia,Sophie Skelton,Arielle Kebbel,Joshua Bassett, Sammy Dell,Trace Adkins,Dennis Quaid",Lionsgate/Kingdom Story Company/LD Entertainment/Mission Pictures International,PG-13,English,United States,"'I Can Only Imagine 2' (2026) is a feature film directed by Andrew Erwin, starring Brent McCorkle, John Michael Finley,Milo Ventimiglia,Sophie Skelton,Arielle Kebbel,Joshua Bassett, Sammy Dell,Trace Adkins,Dennis Quaid, produced by Lionsgate/Kingdom Story Company/LD Entertainment/Mission Pictures International.",https://en.wikipedia.org/wiki/I_Can_Only_Imagine_2,https://images.unsplash.com/photo-1489599849927-2ee91cede3ba?w=500&auto=format&fit=crop&q=60
Psycho Killer,2026,February,,"Sci-Fi, Adventure",9.2,211501,164,28995567,22330378,Gavin Polone,Andrew Kevin Walker,"Georgina Campbell, James Preston Rogers,Malcolm McDowell",20th Century Studios/Regency Enterprises/Constantin Film/Vertigo Entertainment,PG-13,English,United States,"'Psycho Killer' (2026) is a feature film directed by Gavin Polone, starring Georgina Campbell, James Preston Rogers,Malcolm McDowell, produced by 20th Century Studios/Regency Enterprises/Constantin Film/Vertigo Entertainment.",https://en.wikipedia.org/wiki/Psycho_Killer_(film),https://images.unsplash.com/photo-1489599849927-2ee91cede3ba?w=500&auto=format&fit=crop&q=60
Lazarus: The Awakening,2026,February,,"Adventure, Drama",6.0,369308,132,31638636,24092424,Art Camacho,"Anubis Heru, Sean Riggs, Caroline Roschman","Sean Riggs, R. Marcus Taylor, Courtney Grace, Britton Webb,Kiki Haynes",Samuel Goldwyn Films,PG-13,English,United States,"'Lazarus: The Awakening' (2026) is a feature film directed by Art Camacho, starring Sean Riggs, R. Marcus Taylor, Courtney Grace, Britton Webb,Kiki Haynes, produced by Samuel Goldwyn Films.",https://en.wikipedia.org/wiki/Lazarus%3A_The_Awakening,https://images.unsplash.com/photo-1489599849927-2ee91cede3ba?w=500&auto=format&fit=crop&q=60
One Mile,2026,February,,"Sci-Fi, Adventure",6.0,100061,129,27129087,21086058,Adam Davidson,John Hlavin,"Ryan Phillippe,C. Thomas Howell,Richard Harmon,Sara Canning,Amélie Hoeferle",Republic Pictures/Kapital Entertainment,PG-13,English,United States,"'One Mile' (2026) is a feature film directed by Adam Davidson, starring Ryan Phillippe,C. Thomas Howell,Richard Harmon,Sara Canning,Amélie Hoeferle, produced by Republic Pictures/Kapital Entertainment.",https://en.wikipedia.org/wiki/One_Mile,https://images.unsplash.com/photo-1489599849927-2ee91cede3ba?w=500&auto=format&fit=crop&q=60
The Bluff,2026,February,25,"Adventure, Drama",6.4,120558,157,27472386,21314924,,Joe Ballarini,"Frank E. Flowers, Priyanka Chopra,Karl Urban,Ismael Cruz Córdova,Safia Oakley-Green,Temuera Morrison",Amazon MGM Studios/AGBO/Cinestar Pictures/Purple Pebble Pictures,PG-13,English,United States,"'The Bluff' (2026) is a feature film directed by acclaimed filmmakers, starring Frank E. Flowers, Priyanka Chopra,Karl Urban,Ismael Cruz Córdova,Safia Oakley-Green,Temuera Morrison, produced by Amazon MGM Studios/AGBO/Cinestar Pictures/Purple Pebble Pictures.",https://en.wikipedia.org/wiki/The_Bluff_(film),https://images.unsplash.com/photo-1489599849927-2ee91cede3ba?w=500&auto=format&fit=crop&q=60
Scream 7,2026,February,27,"Crime, Thriller",7.0,95484,106,27052428,21034952,,Guy Busick,"Kevin Williamson, Neve Campbell,Isabel May,Jasmin Savoy Brown,Mason Gooding,Anna Camp,David Arquette,Michelle Randolph,Jimmy Tatro,Mckenna Grace,Asa Germann,Celeste O'Connor,Sam Rechner,Mark Consuelos,Tim Simons,Matthew Lillard,Joel McHale,Courteney Cox",Paramount Pictures/Spyglass Media Group,PG-13,English,United States,"'Scream 7' (2026) is a feature film directed by acclaimed filmmakers, starring Kevin Williamson, Neve Campbell,Isabel May,Jasmin Savoy Brown,Mason Gooding,Anna Camp,David Arquette,Michelle Randolph,Jimmy Tatro,Mckenna Grace,Asa Germann,Celeste O'Connor,Sam Rechner,Mark Consuelos,Tim Simons,Matthew Lillard,Joel McHale,Courteney Cox, produced by Paramount Pictures/Spyglass Media Group.",https://en.wikipedia.org/wiki/Scream_7,https://images.unsplash.com/photo-1489599849927-2ee91cede3ba?w=500&auto=format&fit=crop&q=60
In the Blink of an Eye,2026,February,,"Comedy, Drama",6.3,330503,162,30988701,23659134,Andrew Stanton,Colby Day,"Kate McKinnon,Rashida Jones,Daveed Diggs",Hulu/Searchlight Pictures,PG-13,English,United States,"'In the Blink of an Eye' (2026) is a feature film directed by Andrew Stanton, starring Kate McKinnon,Rashida Jones,Daveed Diggs, produced by Hulu/Searchlight Pictures.",https://en.wikipedia.org/wiki/In_the_Blink_of_an_Eye_(2026_film),https://images.unsplash.com/photo-1489599849927-2ee91cede3ba?w=500&auto=format&fit=crop&q=60
Undercard,2026,February,,"Musical, Drama",6.9,141254,111,27819018,21546012,,Anita M. Cal,"Tamika Miller, Wanda Sykes, Bentley Green,Roselyn Sánchez, Berto Colón, Estella Kahiha, Xavier Mills,William Stanford Davis",Seismic Releasing / Catalyst Studios,PG-13,English,United States,"'Undercard' (2026) is a feature film directed by acclaimed filmmakers, starring Tamika Miller, Wanda Sykes, Bentley Green,Roselyn Sánchez, Berto Colón, Estella Kahiha, Xavier Mills,William Stanford Davis, produced by Seismic Releasing / Catalyst Studios.",https://en.wikipedia.org/wiki/Undercard_(film),https://images.unsplash.com/photo-1489599849927-2ee91cede3ba?w=500&auto=format&fit=crop&q=60
The Napa Boys,2026,February,,Drama,6.8,187024,116,28585608,22057072,,Armen Weitzman,"Nick Corirossi, Armen Weitzman, Nick Corirossi,Sarah Ramos,Jamar Neighbors,Steve Agee,Jack Allison",Magnolia Pictures,PG-13,English,United States,"'The Napa Boys' (2026) is a feature film directed by acclaimed filmmakers, starring Nick Corirossi, Armen Weitzman, Nick Corirossi,Sarah Ramos,Jamar Neighbors,Steve Agee,Jack Allison, produced by Magnolia Pictures.",https://en.wikipedia.org/wiki/The_Napa_Boys,https://images.unsplash.com/photo-1489599849927-2ee91cede3ba?w=500&auto=format&fit=crop&q=60
K-Pops!,2026,February,,"Sci-Fi, Adventure",8.3,71803,137,26655801,20770534,,Khalia Amazan,"Anderson .Paak, Anderson .Paak,Jee Young Han,Jonnie ""Dumbfoundead"" Park, Soul Rasheed,Yvette Nicole Brown",Aura Entertainment / Stampede Ventures,PG-13,English,United States,"'K-Pops!' (2026) is a feature film directed by acclaimed filmmakers, starring Anderson .Paak, Anderson .Paak,Jee Young Han,Jonnie ""Dumbfoundead"" Park, Soul Rasheed,Yvette Nicole Brown, produced by Aura Entertainment / Stampede Ventures.",https://en.wikipedia.org/wiki/K-Pops!,https://images.unsplash.com/photo-1489599849927-2ee91cede3ba?w=500&auto=format&fit=crop&q=60
Matter of Time,2026,February,,"Sci-Fi, Adventure",8.3,216277,113,29075559,22383706,,"Jason Baumgarder, Zach Smith, Sean Wilkie","Jeremy Snead, Sean Astin,Myles Erlick, Ali Astin,Jaimie Alexander, Patrick Britton",ArtAffects / Mediajuice Studios,PG-13,English,United States,"'Matter of Time' (2026) is a feature film directed by acclaimed filmmakers, starring Jeremy Snead, Sean Astin,Myles Erlick, Ali Astin,Jaimie Alexander, Patrick Britton, produced by ArtAffects / Mediajuice Studios.",https://en.wikipedia.org/wiki/Matter_of_Time,https://images.unsplash.com/photo-1489599849927-2ee91cede3ba?w=500&auto=format&fit=crop&q=60
Noseeums,2026,February,,Drama,6.2,126727,113,27575709,21383806,,"Jason-Michael Anthony, Hendreck Joseph","Raven DeShay Carter, Aleigha Burt, Tabitha Getsy, Trisha Arozqueta, Jasmine Nguyen, Jessie Roddy",Quiver Distribution,PG-13,English,United States,"'Noseeums' (2026) is a feature film directed by acclaimed filmmakers, starring Raven DeShay Carter, Aleigha Burt, Tabitha Getsy, Trisha Arozqueta, Jasmine Nguyen, Jessie Roddy, produced by Quiver Distribution.",https://en.wikipedia.org/wiki/Noseeums,https://images.unsplash.com/photo-1489599849927-2ee91cede3ba?w=500&auto=format&fit=crop&q=60
The Hermit,2026,March,3,"Sci-Fi, Adventure",8.7,144836,129,27879012,21586008,Salvatore Sclafani,William Walkerley,"Lou Ferrigno,Malina Weissman,Anthony Turpel,Isabelle McCalla",Uncork'd Entertainment,PG-13,English,United States,"'The Hermit' (2026) is a feature film directed by Salvatore Sclafani, starring Lou Ferrigno,Malina Weissman,Anthony Turpel,Isabelle McCalla, produced by Uncork'd Entertainment.",https://en.wikipedia.org/wiki/The_Hermit,https://images.unsplash.com/photo-1489599849927-2ee91cede3ba?w=500&auto=format&fit=crop&q=60
Hoppers,2026,March,6,"Animation, Family, Adventure",8.4,104837,153,27209079,21139386,Daniel Chong,Jesse Andrews,"Piper Curda,Bobby Moynihan,Jon Hamm,Kathy Najimy,Dave Franco,Eduardo Franco,Aparna Nancherla, Tom Law,Sam Richardson,Melissa Villaseñor,Isiah Whitlock Jr.,Steve Purcell,Ego Nwodim,Nichole Sakura,Meryl Streep, Karen Huie,Vanessa Bayer",Walt Disney Pictures/Pixar Animation Studios,PG-13,English,United States,"'Hoppers' (2026) is a feature film directed by Daniel Chong, starring Piper Curda,Bobby Moynihan,Jon Hamm,Kathy Najimy,Dave Franco,Eduardo Franco,Aparna Nancherla, Tom Law,Sam Richardson,Melissa Villaseñor,Isiah Whitlock Jr.,Steve Purcell,Ego Nwodim,Nichole Sakura,Meryl Streep, Karen Huie,Vanessa Bayer, produced by Walt Disney Pictures/Pixar Animation Studios.",https://en.wikipedia.org/wiki/Hoppers_(film),https://images.unsplash.com/photo-1489599849927-2ee91cede3ba?w=500&auto=format&fit=crop&q=60
War Machine,2026,March,,"Action, Adventure, Drama, History",7.3,161751,139,28162317,21774878,,James Beaufort,"Patrick Hughes, Alan Ritchson,Dennis Quaid,Stephan James,Jai Courtney,Esai Morales,Keiynan Lonsdale,Daniel Webber",Netflix/Lionsgate,PG-13,English,United States,"'War Machine' (2026) is a feature film directed by acclaimed filmmakers, starring Patrick Hughes, Alan Ritchson,Dennis Quaid,Stephan James,Jai Courtney,Esai Morales,Keiynan Lonsdale,Daniel Webber, produced by Netflix/Lionsgate.",https://en.wikipedia.org/wiki/War_Machine_(2026_film),https://images.unsplash.com/photo-1489599849927-2ee91cede3ba?w=500&auto=format&fit=crop&q=60
Youngblood,2026,March,,"Sci-Fi, Adventure",7.5,168716,99,28278972,21852648,Hubert Davis,"Charles Officer,Josh Epstein,Kyle Rideout, Seneca Aaron","Ashton James,Blair Underwood,Shawn Doyle,Oluniké Adeliyi,Henri Richer-Picard",Well Go USA Entertainment/Dolphin Entertainment,PG-13,English,United States,"'Youngblood' (2026) is a feature film directed by Hubert Davis, starring Ashton James,Blair Underwood,Shawn Doyle,Oluniké Adeliyi,Henri Richer-Picard, produced by Well Go USA Entertainment/Dolphin Entertainment.",https://en.wikipedia.org/wiki/Youngblood_(2025_film),https://images.unsplash.com/photo-1489599849927-2ee91cede3ba?w=500&auto=format&fit=crop&q=60
Protector,2026,March,,"Crime, Thriller",7.8,149612,153,27959004,21639336,Adrian Grünberg,Bong-Seob Mun,"Milla Jovovich,Matthew Modine,D. B. Sweeney,Don Harvey,Arica Himmel,Michael Stahl-David",Magenta Light Studios,PG-13,English,United States,"'Protector' (2026) is a feature film directed by Adrian Grünberg, starring Milla Jovovich,Matthew Modine,D. B. Sweeney,Don Harvey,Arica Himmel,Michael Stahl-David, produced by Magenta Light Studios.",https://en.wikipedia.org/wiki/Protector_(2025_film),https://images.unsplash.com/photo-1489599849927-2ee91cede3ba?w=500&auto=format&fit=crop&q=60
Dolly,2026,March,,"Horror, Mystery, Thriller",6.1,60858,157,39120810,11136828,,Brandon Weavil,"Rod Blackhurst, Seann William Scott,Fabianne Therese, Russ Tiller,Ethan Suplee,Max the Impaler",Independent Film Company/Shudder,R,English,United States,"'Dolly' (2026) is a feature film directed by acclaimed filmmakers, starring Rod Blackhurst, Seann William Scott,Fabianne Therese, Russ Tiller,Ethan Suplee,Max the Impaler, produced by Independent Film Company/Shudder.",https://en.wikipedia.org/wiki/Dolly_(2025_film),https://images.unsplash.com/photo-1489599849927-2ee91cede3ba?w=500&auto=format&fit=crop&q=60
Starstruck,2026,March,,"Mystery, Thriller",6.2,172696,119,42242720,11830336,Michelle Danner,Billy Khoury,"Billy Zane,Lauren Tom,Catherine Bell,Matthew Daddario,Josh Bowman,David DeLuise",All In Films,R,English,United States,"'Starstruck' (2026) is a feature film directed by Michelle Danner, starring Billy Zane,Lauren Tom,Catherine Bell,Matthew Daddario,Josh Bowman,David DeLuise, produced by All In Films.",https://en.wikipedia.org/wiki/Starstruck_(2010_film),https://images.unsplash.com/photo-1489599849927-2ee91cede3ba?w=500&auto=format&fit=crop&q=60
Reminders of Him,2026,March,13,"Sci-Fi, Adventure",8.8,256674,91,29752158,22834772,Vanessa Caswill,"Colleen Hoover, Lauren Levine","Maika Monroe,Tyriq Withers,Rudy Pankow,Lainey Wilson,Lauren Graham,Bradley Whitford",Universal Pictures/Little Engine Productions,PG-13,English,United States,"'Reminders of Him' (2026) is a feature film directed by Vanessa Caswill, starring Maika Monroe,Tyriq Withers,Rudy Pankow,Lainey Wilson,Lauren Graham,Bradley Whitford, produced by Universal Pictures/Little Engine Productions.",https://en.wikipedia.org/wiki/Reminders_of_Him,https://images.unsplash.com/photo-1489599849927-2ee91cede3ba?w=500&auto=format&fit=crop&q=60
Bodycam,2026,March,,"Horror, Mystery, Thriller",8.3,98071,119,40159595,11367586,,Ryan Christensen,"Brandon Christensen, Jaime Callica,Sean Rogerson,Catherine Lough Haggquist, Angel Prater,Keegan Connor Tracy",Shudder,R,English,United States,"'Bodycam' (2026) is a feature film directed by acclaimed filmmakers, starring Brandon Christensen, Jaime Callica,Sean Rogerson,Catherine Lough Haggquist, Angel Prater,Keegan Connor Tracy, produced by Shudder.",https://en.wikipedia.org/wiki/Bodycam,https://images.unsplash.com/photo-1489599849927-2ee91cede3ba?w=500&auto=format&fit=crop&q=60
Preschool,2026,March,17,Drama,9.2,145831,134,27895677,21597118,Josh Duhamel,Richard D'ovidio,"Josh Duhamel,Michael Socha,Antonia Thomas,Charity Wakefield,Fenella Woolgar,James Cosmo",Republic Pictures,PG-13,English,United States,"'Preschool' (2026) is a feature film directed by Josh Duhamel, starring Josh Duhamel,Michael Socha,Antonia Thomas,Charity Wakefield,Fenella Woolgar,James Cosmo, produced by Republic Pictures.",https://en.wikipedia.org/wiki/Preschool_(film),https://images.unsplash.com/photo-1489599849927-2ee91cede3ba?w=500&auto=format&fit=crop&q=60
Recollection,2026,March,19,"Comedy, Drama",7.0,207123,142,28922241,22281494,,Rylan Butera,"Caden Butera, Rosslyn Luke,Falk Hentschel, Cesar Garcia,Eric Roberts,Gary Graham",Perrsimmon / Paradox Studios,PG-13,English,United States,"'Recollection' (2026) is a feature film directed by acclaimed filmmakers, starring Caden Butera, Rosslyn Luke,Falk Hentschel, Cesar Garcia,Eric Roberts,Gary Graham, produced by Perrsimmon / Paradox Studios.",https://en.wikipedia.org/wiki/Recollection,https://images.unsplash.com/photo-1489599849927-2ee91cede3ba?w=500&auto=format&fit=crop&q=60
Project Hail Mary,2026,March,20,"Sci-Fi, Adventure",7.1,272992,98,30025464,23016976,"Phil Lord, Christopher Miller",Drew Goddard,"Ryan Gosling,Sandra Hüller,James Ortiz,Lionel Boyce",Metro-Goldwyn-Mayer/Pascal Pictures/Lord Miller Productions/Open Invite Entertainment/Waypoint Entertainment,PG-13,English,United States,"'Project Hail Mary' (2026) is a feature film directed by Phil Lord, Christopher Miller, starring Ryan Gosling,Sandra Hüller,James Ortiz,Lionel Boyce, produced by Metro-Goldwyn-Mayer/Pascal Pictures/Lord Miller Productions/Open Invite Entertainment/Waypoint Entertainment.",https://en.wikipedia.org/wiki/Project_Hail_Mary_(film),https://images.unsplash.com/photo-1489599849927-2ee91cede3ba?w=500&auto=format&fit=crop&q=60
Ready or Not 2: Here I Come,2026,March,,"Sci-Fi, Adventure",7.5,391994,96,32018598,24345732,"Matt Bettinelli-Olpin,Tyler Gillett","Guy Busick, R. Christopher Murphy","Samara Weaving,Kathryn Newton,Sarah Michelle Gellar,Shawn Hatosy,David Cronenberg,Elijah Wood",Searchlight Pictures/Mythology Entertainment/Radio Silence Productions,PG-13,English,United States,"'Ready or Not 2: Here I Come' (2026) is a feature film directed by Matt Bettinelli-Olpin,Tyler Gillett, starring Samara Weaving,Kathryn Newton,Sarah Michelle Gellar,Shawn Hatosy,David Cronenberg,Elijah Wood, produced by Searchlight Pictures/Mythology Entertainment/Radio Silence Productions.",https://en.wikipedia.org/wiki/Ready_or_Not_2:_Here_I_Come,https://images.unsplash.com/photo-1489599849927-2ee91cede3ba?w=500&auto=format&fit=crop&q=60
Do Not Enter,2026,March,,"Sci-Fi, Adventure",7.5,168716,99,28278972,21852648,Marc Klasfeld,"Stephen Susco, Spencer Mandel, Dikega Hadnot","Jake Manley,Adeline Rudolph,Francesca Reale,Laurence O'Fuarain,Nicholas Hamilton,Javier Botet, Kai Caster,Shane Paul McGhie",Lionsgate/Suretone Pictures,PG-13,English,United States,"'Do Not Enter' (2026) is a feature film directed by Marc Klasfeld, starring Jake Manley,Adeline Rudolph,Francesca Reale,Laurence O'Fuarain,Nicholas Hamilton,Javier Botet, Kai Caster,Shane Paul McGhie, produced by Lionsgate/Suretone Pictures.",https://en.wikipedia.org/wiki/Do_Not_Enter_(2026_film),https://images.unsplash.com/photo-1489599849927-2ee91cede3ba?w=500&auto=format&fit=crop&q=60
The Pout-Pout Fish,2026,March,,Drama,6.3,284534,156,30218778,23145852,"Ricard Cussó, Rio Harrington","Elise Allen, Elie Choufany","Nick Offerman,Nina Oyama,Miranda Otto,Jordin Sparks,Amy Sedaris",Viva Pictures,PG-13,English,United States,"'The Pout-Pout Fish' (2026) is a feature film directed by Ricard Cussó, Rio Harrington, starring Nick Offerman,Nina Oyama,Miranda Otto,Jordin Sparks,Amy Sedaris, produced by Viva Pictures.",https://en.wikipedia.org/wiki/The_Pout-Pout_Fish_(film),https://images.unsplash.com/photo-1489599849927-2ee91cede3ba?w=500&auto=format&fit=crop&q=60
Ricky,2026,March,,"Sci-Fi, Adventure",9.2,60460,155,26465820,20643880,,Lin Que Ayoung,"Rashad Frett, Stephan James,Sheryl Lee Ralph,Titus Welliver,Maliq Johnson,Imani Lewis,Sean Nelson",Blue Harbor Entertainment / Ossetra Films / Bay Mills Studios,PG-13,English,United States,"'Ricky' (2026) is a feature film directed by acclaimed filmmakers, starring Rashad Frett, Stephan James,Sheryl Lee Ralph,Titus Welliver,Maliq Johnson,Imani Lewis,Sean Nelson, produced by Blue Harbor Entertainment / Ossetra Films / Bay Mills Studios.",https://en.wikipedia.org/wiki/Ricky_(2025_film),https://images.unsplash.com/photo-1489599849927-2ee91cede3ba?w=500&auto=format&fit=crop&q=60
Tow,2026,March,,"Action, Adventure, Drama, History",9.0,20660,105,25799220,20199480,Stephanie Laing,"Jonathan Keasey, Brant Boivin","Rose Byrne,Dominic Sessa,Demi Lovato,Ariana DeBose,Octavia Spencer,Simon Rex,Elsie Fisher,Lea DeLaria,Corbin Bernsen",Vertical/Roadside Attractions,PG-13,English,United States,"'Tow' (2026) is a feature film directed by Stephanie Laing, starring Rose Byrne,Dominic Sessa,Demi Lovato,Ariana DeBose,Octavia Spencer,Simon Rex,Elsie Fisher,Lea DeLaria,Corbin Bernsen, produced by Vertical/Roadside Attractions.",https://en.wikipedia.org/wiki/Tow_(film),https://images.unsplash.com/photo-1489599849927-2ee91cede3ba?w=500&auto=format&fit=crop&q=60
Wardriver,2026,March,,"Action, Adventure, Drama, History",6.6,147224,141,27919008,21612672,Rebecca Thomas,Daniel Casey,"Dane DeHaan,Sasha Calle, William Belleau, Karina Gale, Cameron Lee Price,Mamoudou Athie,Jeffrey Donovan",The Avenue / Star Thrower Entertainment,PG-13,English,United States,"'Wardriver' (2026) is a feature film directed by Rebecca Thomas, starring Dane DeHaan,Sasha Calle, William Belleau, Karina Gale, Cameron Lee Price,Mamoudou Athie,Jeffrey Donovan, produced by The Avenue / Star Thrower Entertainment.",https://en.wikipedia.org/wiki/Wardriver,https://images.unsplash.com/photo-1489599849927-2ee91cede3ba?w=500&auto=format&fit=crop&q=60
Monument,2026,March,,"Musical, Drama",6.6,127523,117,27589041,21392694,Bryan Singer,Alena Alova,"Joseph Mazzello,Jon Voight,Ori Pfeffer",Bad Hat Harry,PG-13,English,United States,"'Monument' (2026) is a feature film directed by Bryan Singer, starring Joseph Mazzello,Jon Voight,Ori Pfeffer, produced by Bad Hat Harry.",https://en.wikipedia.org/wiki/Monument_(2026_film),https://images.unsplash.com/photo-1489599849927-2ee91cede3ba?w=500&auto=format&fit=crop&q=60
The Cure,2026,March,,Drama,6.7,101454,136,27152418,21101612,Nancy Leopardi,"Jonathan Bernstein, James Greer","David Dastmalchian,Ashley Greene, Samantha Cochran,Sydney Taylor,Tyler Lawrence Gray,Alex Veadov",Vertical,PG-13,English,United States,"'The Cure' (2026) is a feature film directed by Nancy Leopardi, starring David Dastmalchian,Ashley Greene, Samantha Cochran,Sydney Taylor,Tyler Lawrence Gray,Alex Veadov, produced by Vertical.",https://en.wikipedia.org/wiki/The_Cure_(2026_film),https://images.unsplash.com/photo-1489599849927-2ee91cede3ba?w=500&auto=format&fit=crop&q=60
Crybaby Bridge,2026,March,24,Drama,9.0,224237,153,29208879,22472586,Sarah T. Schwab,Emily Fouraker,"Sydney Mikayla,Florencia Lozano, Michael Lawrence,Erik King",X4 Pictures / Cardinal Flix / Without a Net Productions,PG-13,English,United States,"'Crybaby Bridge' (2026) is a feature film directed by Sarah T. Schwab, starring Sydney Mikayla,Florencia Lozano, Michael Lawrence,Erik King, produced by X4 Pictures / Cardinal Flix / Without a Net Productions.",https://en.wikipedia.org/wiki/Crybaby_Bridge,https://images.unsplash.com/photo-1489599849927-2ee91cede3ba?w=500&auto=format&fit=crop&q=60
Pretty Lethal,2026,March,25,Drama,6.8,213292,98,29025564,22350376,Vicky Jewson,Kate Freund,"Iris Apatow,Lana Condor,Millicent Simmonds,Avantika,Maddie Ziegler,Michael Culkin,Lydia Leonard,Uma Thurman",Amazon MGM Studios/87North Productions,PG-13,English,United States,"'Pretty Lethal' (2026) is a feature film directed by Vicky Jewson, starring Iris Apatow,Lana Condor,Millicent Simmonds,Avantika,Maddie Ziegler,Michael Culkin,Lydia Leonard,Uma Thurman, produced by Amazon MGM Studios/87North Productions.",https://en.wikipedia.org/wiki/Pretty_Lethal,https://images.unsplash.com/photo-1489599849927-2ee91cede3ba?w=500&auto=format&fit=crop&q=60
They Will Kill You,2026,March,27,"Action, Adventure, Drama, History",8.3,281947,143,30175449,23116966,,Alex Litvak,"Kirill Sokolov, Zazie Beetz,Myha'la,Paterson Joseph,Tom Felton,Heather Graham,Patricia Arquette",Warner Bros. Pictures/New Line Cinema/Nocturna,PG-13,English,United States,"'They Will Kill You' (2026) is a feature film directed by acclaimed filmmakers, starring Kirill Sokolov, Zazie Beetz,Myha'la,Paterson Joseph,Tom Felton,Heather Graham,Patricia Arquette, produced by Warner Bros. Pictures/New Line Cinema/Nocturna.",https://en.wikipedia.org/wiki/They_Will_Kill_You,https://images.unsplash.com/photo-1489599849927-2ee91cede3ba?w=500&auto=format&fit=crop&q=60
Forbidden Fruits,2026,March,,"Horror, Mystery, Thriller",6.7,272196,94,45020220,12447336,,Lily Houghton,"Meredith Alloway, Lili Reinhart,Lola Tung,Victoria Pedretti,Alexandra Shipp,Emma Chamberlain,Gabrielle Union",Independent Film Company/Shudder,R,English,United States,"'Forbidden Fruits' (2026) is a feature film directed by acclaimed filmmakers, starring Meredith Alloway, Lili Reinhart,Lola Tung,Victoria Pedretti,Alexandra Shipp,Emma Chamberlain,Gabrielle Union, produced by Independent Film Company/Shudder.",https://en.wikipedia.org/wiki/Forbidden_Fruits,https://images.unsplash.com/photo-1489599849927-2ee91cede3ba?w=500&auto=format&fit=crop&q=60
"Our Hero, Balthazar",2026,March,,"Crime, Drama",6.1,303837,103,30542079,23361386,,Ricky Camilleri,"Oscar Boyson, Jaeden Martell,Asa Butterfield,Chris Bauer,Jennifer Ehle,Anna Baryshnikov,Noah Centineo,Becky Ann Baker,Avan Jogia",Picturehouse,PG-13,English,United States,"'Our Hero, Balthazar' (2026) is a feature film directed by acclaimed filmmakers, starring Oscar Boyson, Jaeden Martell,Asa Butterfield,Chris Bauer,Jennifer Ehle,Anna Baryshnikov,Noah Centineo,Becky Ann Baker,Avan Jogia, produced by Picturehouse.","https://en.wikipedia.org/wiki/Our_Hero,_Balthazar",https://images.unsplash.com/photo-1489599849927-2ee91cede3ba?w=500&auto=format&fit=crop&q=60
She Dances,2026,March,,"Sci-Fi, Adventure",9.2,139264,101,27785688,21523792,,Steve Zahn,"Rick Gomez, Steve Zahn,Ethan Hawke,Sonequa Martin-Green,Mackenzie Ziegler,Rosemarie DeWitt, Audrey Zahn",EKKL Entertainment /Wavelength,PG-13,English,United States,"'She Dances' (2026) is a feature film directed by acclaimed filmmakers, starring Rick Gomez, Steve Zahn,Ethan Hawke,Sonequa Martin-Green,Mackenzie Ziegler,Rosemarie DeWitt, Audrey Zahn, produced by EKKL Entertainment /Wavelength.",https://en.wikipedia.org/wiki/She_Dances,https://images.unsplash.com/photo-1489599849927-2ee91cede3ba?w=500&auto=format&fit=crop&q=60
You're Dating a Narcissist!,2026,March,,"Sci-Fi, Adventure",8.6,446719,146,32935173,24956782,,Jenna Milly,"Ann Marie Allison, Marisa Tomei,Sherry Cola,Ciara Bravo,Marco Pigossi,José María Yazpik,Jonah Platt",Brainstorm Media,PG-13,English,United States,"'You're Dating a Narcissist!' (2026) is a feature film directed by acclaimed filmmakers, starring Ann Marie Allison, Marisa Tomei,Sherry Cola,Ciara Bravo,Marco Pigossi,José María Yazpik,Jonah Platt, produced by Brainstorm Media.",https://en.wikipedia.org/wiki/You're_Dating_a_Narcissist!,https://images.unsplash.com/photo-1489599849927-2ee91cede3ba?w=500&auto=format&fit=crop&q=60
Rockabye,2026,March,,"Adventure, Drama",6.4,120558,157,27472386,21314924,,"Marques Houston, Chaz Echols","Chris Stokes, Annie Ngosi Ilonzeh, Donald Brumfield Jr.,Claudia Jordan,Wesley Jonathan, Garret Davis, Cisco Reyes, Lisa Ann Loggins",Tubi,PG-13,English,United States,"'Rockabye' (2026) is a feature film directed by acclaimed filmmakers, starring Chris Stokes, Annie Ngosi Ilonzeh, Donald Brumfield Jr.,Claudia Jordan,Wesley Jonathan, Garret Davis, Cisco Reyes, Lisa Ann Loggins, produced by Tubi.",https://en.wikipedia.org/wiki/Rockabye,https://images.unsplash.com/photo-1489599849927-2ee91cede3ba?w=500&auto=format&fit=crop&q=60
The Super Mario Galaxy Movie,2026,April,1,"Animation, Family, Adventure",7.3,20400,115,33331800,25221200,"Aaron Horvath,Michael Jelenic",Matthew Fogel,"Chris Pratt,Anya Taylor-Joy,Charlie Day,Jack Black,Keegan-Michael Key,Benny Safdie,Donald Glover,Glen Powell,Luis Guzman,Issa Rae,Kevin Michael Richardson,Brie Larson",Universal Pictures/Illumination/Nintendo,PG-13,English,United States,"'The Super Mario Galaxy Movie' (2026) is a feature film directed by Aaron Horvath,Michael Jelenic, starring Chris Pratt,Anya Taylor-Joy,Charlie Day,Jack Black,Keegan-Michael Key,Benny Safdie,Donald Glover,Glen Powell,Luis Guzman,Issa Rae,Kevin Michael Richardson,Brie Larson, produced by Universal Pictures/Illumination/Nintendo.",https://en.wikipedia.org/wiki/The_Super_Mario_Galaxy_Movie,https://images.unsplash.com/photo-1489599849927-2ee91cede3ba?w=500&auto=format&fit=crop&q=60
A Great Awakening,2026,April,,"Action, Adventure, Drama, History",6.7,265629,136,29902143,22934762,,"Jeff Bender, Jonathan Blair","Joshua Enck, Jonathan Blair, Josh Bates, Stephen Foster Harris",Roadside Attractions/Sight & Sound Films,PG-13,English,United States,"'A Great Awakening' (2026) is a feature film directed by acclaimed filmmakers, starring Joshua Enck, Jonathan Blair, Josh Bates, Stephen Foster Harris, produced by Roadside Attractions/Sight & Sound Films.",https://en.wikipedia.org/wiki/A_Great_Awakening,https://images.unsplash.com/photo-1489599849927-2ee91cede3ba?w=500&auto=format&fit=crop&q=60
A Love Like This,2026,April,,"Romance, Drama",8.4,229610,105,29298870,22532580,John Asher,Jeffrey Ruggles,"Emmanuelle Chriqui,Hayes MacArthur,Joyce Bulifant,Ray Abruzzo,Joel Michaely,Danny Jacobs",Quiver Distribution,PG-13,English,United States,"'A Love Like This' (2026) is a feature film directed by John Asher, starring Emmanuelle Chriqui,Hayes MacArthur,Joyce Bulifant,Ray Abruzzo,Joel Michaely,Danny Jacobs, produced by Quiver Distribution.",https://en.wikipedia.org/wiki/A_Love_Like_This,https://images.unsplash.com/photo-1489599849927-2ee91cede3ba?w=500&auto=format&fit=crop&q=60
Premarital,2026,April,,"Sci-Fi, Adventure",9.1,165333,157,28222311,21814874,,Margaret Bienert,"Robert Ingraham, Jim O'Heir,Mark Hapka,Kelley Jakle,Meredith Thomas,Igby Rigney",Level 33 Entertainment,PG-13,English,United States,"'Premarital' (2026) is a feature film directed by acclaimed filmmakers, starring Robert Ingraham, Jim O'Heir,Mark Hapka,Kelley Jakle,Meredith Thomas,Igby Rigney, produced by Level 33 Entertainment.",https://en.wikipedia.org/wiki/Premarital,https://images.unsplash.com/photo-1489599849927-2ee91cede3ba?w=500&auto=format&fit=crop&q=60
Sniper: No Nation,2026,April,7,"Sci-Fi, Adventure",7.5,267221,144,29928807,22952538,Trevor Calverly,"Sean Wathen, Michael Frost Beckner, Crash Leyland","Tom Berenger,Josh Brener,Chad Michael Collins,Ryan Robbins",Sony Pictures Home Entertainment/Destination Films,PG-13,English,United States,"'Sniper: No Nation' (2026) is a feature film directed by Trevor Calverly, starring Tom Berenger,Josh Brener,Chad Michael Collins,Ryan Robbins, produced by Sony Pictures Home Entertainment/Destination Films.",https://en.wikipedia.org/wiki/Sniper_(film_series),https://images.unsplash.com/photo-1489599849927-2ee91cede3ba?w=500&auto=format&fit=crop&q=60
"You, Me & Tuscany",2026,April,10,"Sci-Fi, Adventure",7.0,239958,157,29472186,22648124,Kat Coiro,Ryan Engle,"Halle Bailey,Regé-Jean Page,Marco Calvani,Lorenzo de Moor, Aziza Scott,Nia Vardalos",Universal Pictures/Will Packer Productions,PG-13,English,United States,"'You, Me & Tuscany' (2026) is a feature film directed by Kat Coiro, starring Halle Bailey,Regé-Jean Page,Marco Calvani,Lorenzo de Moor, Aziza Scott,Nia Vardalos, produced by Universal Pictures/Will Packer Productions.","https://en.wikipedia.org/wiki/You,_Me_&_Tuscany",https://images.unsplash.com/photo-1489599849927-2ee91cede3ba?w=500&auto=format&fit=crop&q=60
Faces of Death,2026,April,,"Horror, Mystery, Thriller",6.4,205929,136,43170405,12036414,,Isa Mazzei,"Daniel Goldhaber, Barbie Ferreira,Dacre Montgomery,Josie Totah, Aaron Holliday,Jermaine Fowler,Charli XCX",Independent Film Company/Shudder/Legendary Pictures/Divide/Conquer/Angry Films,R,English,United States,"'Faces of Death' (2026) is a feature film directed by acclaimed filmmakers, starring Daniel Goldhaber, Barbie Ferreira,Dacre Montgomery,Josie Totah, Aaron Holliday,Jermaine Fowler,Charli XCX, produced by Independent Film Company/Shudder/Legendary Pictures/Divide/Conquer/Angry Films.",https://en.wikipedia.org/wiki/Faces_of_Death_(2026_film),https://images.unsplash.com/photo-1489599849927-2ee91cede3ba?w=500&auto=format&fit=crop&q=60
The Christophers,2026,April,,"Action, Adventure, Drama, History",8.8,276375,115,30082125,23054750,Steven Soderbergh,Ed Solomon,"Ian McKellen,Michaela Coel,James Corden,Jessica Gunning",Neon,PG-13,English,United States,"'The Christophers' (2026) is a feature film directed by Steven Soderbergh, starring Ian McKellen,Michaela Coel,James Corden,Jessica Gunning, produced by Neon.",https://en.wikipedia.org/wiki/The_Christophers_(film),https://images.unsplash.com/photo-1489599849927-2ee91cede3ba?w=500&auto=format&fit=crop&q=60
Beast,2026,April,,"Horror, Thriller",7.3,56679,136,39004155,11110914,Tyler Atkins,"Russell Crowe,David Frigerio","Russell Crowe,Daniel MacPherson,Luke Hemsworth,Mojean Aria,Kelly Gale",Lionsgate/ONE Championship,R,English,United States,"'Beast' (2026) is a feature film directed by Tyler Atkins, starring Russell Crowe,Daniel MacPherson,Luke Hemsworth,Mojean Aria,Kelly Gale, produced by Lionsgate/ONE Championship.",https://en.wikipedia.org/wiki/Beast_(2026_film),https://images.unsplash.com/photo-1489599849927-2ee91cede3ba?w=500&auto=format&fit=crop&q=60
Heads or Tails?,2026,April,,"Sci-Fi, Adventure",6.6,226028,162,29238876,22492584,,Carlo Salsa,"Alessio Rigo de Righi, Matteo Zoppis, Nadia Tereszkiewicz,Alessandro Borghi,John C. Reilly,Peter Lanzani, Mirko Artuso, Gabriele Silli,Gianni Garko",Samuel Goldwyn Films/Rai Cinema,PG-13,English,United States,"'Heads or Tails?' (2026) is a feature film directed by acclaimed filmmakers, starring Alessio Rigo de Righi, Matteo Zoppis, Nadia Tereszkiewicz,Alessandro Borghi,John C. Reilly,Peter Lanzani, Mirko Artuso, Gabriele Silli,Gianni Garko, produced by Samuel Goldwyn Films/Rai Cinema.",https://en.wikipedia.org/wiki/Heads_or_Tails%3F_(2025_film),https://images.unsplash.com/photo-1489599849927-2ee91cede3ba?w=500&auto=format&fit=crop&q=60
PH-1,2026,April,,"Sci-Fi, Adventure",8.8,7128,112,25572576,20048384,,"Brent Cote, Cheryl Guerriero","Mark Kassen, Mark Kassen,Abubakar Salim,Dina Shihabi,Vinessa Shaw,Jesse L. Martin",Buffalo 8 / Like Minded Entertainment,PG-13,English,United States,"'PH-1' (2026) is a feature film directed by acclaimed filmmakers, starring Mark Kassen, Mark Kassen,Abubakar Salim,Dina Shihabi,Vinessa Shaw,Jesse L. Martin, produced by Buffalo 8 / Like Minded Entertainment.",https://en.wikipedia.org/wiki/PH-1,https://images.unsplash.com/photo-1489599849927-2ee91cede3ba?w=500&auto=format&fit=crop&q=60
Tamerlane: Rise of the Last Conqueror,2026,April,14,"Action, Adventure, Drama, History",7.9,192336,154,36211512,27141008,Jacob Schwarz,Matthew Greene,"Christian Mortensen,Mahesh Jadu, Yulduz Rajabova, Joshua Jo",Well Go USA Entertainment,PG-13,English,United States,"'Tamerlane: Rise of the Last Conqueror' (2026) is a feature film directed by Jacob Schwarz, starring Christian Mortensen,Mahesh Jadu, Yulduz Rajabova, Joshua Jo, produced by Well Go USA Entertainment.",https://en.wikipedia.org/wiki/Tamerlane:_Rise_of_the_Last_Conqueror,https://images.unsplash.com/photo-1489599849927-2ee91cede3ba?w=500&auto=format&fit=crop&q=60
The Highest Stakes,2026,April,,"Mystery, Thriller",7.8,294086,129,45631270,12583076,Tony Dean Smith,Gary Preisler,"Seth Green,Kevin Dillon,Charlie Weber,Dylan Walsh,Dan Bucatinsky",Paramount Global Content Distribution/Republic Pictures,R,English,United States,"'The Highest Stakes' (2026) is a feature film directed by Tony Dean Smith, starring Seth Green,Kevin Dillon,Charlie Weber,Dylan Walsh,Dan Bucatinsky, produced by Paramount Global Content Distribution/Republic Pictures.",https://en.wikipedia.org/wiki/The_Highest_Stakes,https://images.unsplash.com/photo-1489599849927-2ee91cede3ba?w=500&auto=format&fit=crop&q=60
Thinestra,2026,April,,"Adventure, Drama",6.2,146428,137,27905676,21603784,Nathan Hertz,Avra Fox-Lerner,"Michelle Macedo, Melissa Macedo,Norma Maldonado,Brian Huskey,Annie Ilonzeh",Breaking Glass Pictures / Dogplayer,PG-13,English,United States,"'Thinestra' (2026) is a feature film directed by Nathan Hertz, starring Michelle Macedo, Melissa Macedo,Norma Maldonado,Brian Huskey,Annie Ilonzeh, produced by Breaking Glass Pictures / Dogplayer.",https://en.wikipedia.org/wiki/Thinestra,https://images.unsplash.com/photo-1489599849927-2ee91cede3ba?w=500&auto=format&fit=crop&q=60
Balls Up,2026,April,15,"Drama, Thriller",7.0,102051,139,27162417,21108278,Peter Farrelly,"Rhett Reese,Paul Wernick","Mark Wahlberg,Paul Walter Hauser,Molly Shannon,Benjamin Bratt,Daniela Melchior,Eric André",Amazon MGM Studios/Skydance Media,PG-13,English,United States,"'Balls Up' (2026) is a feature film directed by Peter Farrelly, starring Mark Wahlberg,Paul Walter Hauser,Molly Shannon,Benjamin Bratt,Daniela Melchior,Eric André, produced by Amazon MGM Studios/Skydance Media.",https://en.wikipedia.org/wiki/Balls_Up,https://images.unsplash.com/photo-1489599849927-2ee91cede3ba?w=500&auto=format&fit=crop&q=60
Roommates,2026,April,,"Comedy, Drama",6.7,147423,142,27922341,21614894,Chandler Levack,"Jimmy Fowlie, Ceara O'Sullivan","Sarah Sherman,Natasha Lyonne,Nick Kroll,Sadie Sandler,Chloe East,Storm Reid,Adam Sandler",Netflix/Happy Madison Productions,PG-13,English,United States,"'Roommates' (2026) is a feature film directed by Chandler Levack, starring Sarah Sherman,Natasha Lyonne,Nick Kroll,Sadie Sandler,Chloe East,Storm Reid,Adam Sandler, produced by Netflix/Happy Madison Productions.",https://en.wikipedia.org/wiki/Roommates_(2026_film),https://images.unsplash.com/photo-1489599849927-2ee91cede3ba?w=500&auto=format&fit=crop&q=60
Normal,2026,April,,"Crime, Drama",6.3,80957,108,26809119,20872746,Ben Wheatley,Derek Kolstad,"Bob Odenkirk,Henry Winkler,Lena Headey",Magnolia Pictures,PG-13,English,United States,"'Normal' (2026) is a feature film directed by Ben Wheatley, starring Bob Odenkirk,Henry Winkler,Lena Headey, produced by Magnolia Pictures.",https://en.wikipedia.org/wiki/Normal_(2025_film),https://images.unsplash.com/photo-1489599849927-2ee91cede3ba?w=500&auto=format&fit=crop&q=60
Erupcja,2026,April,,Comedy,6.1,100260,130,27132420,21088280,,"Charli XCX,Lena Góra,Jeremy O. Harris, Will Madden","Pete Ohs, Charli XCX, Lena Góra, Jeremy O. Harris, Will Madden,Agata Trzebuchowska",1-2 Special/ Spartan Media Acquisitions,PG-13,English,United States,"'Erupcja' (2026) is a feature film directed by acclaimed filmmakers, starring Pete Ohs, Charli XCX, Lena Góra, Jeremy O. Harris, Will Madden,Agata Trzebuchowska, produced by 1-2 Special/ Spartan Media Acquisitions.",https://en.wikipedia.org/wiki/Erupcja,https://images.unsplash.com/photo-1489599849927-2ee91cede3ba?w=500&auto=format&fit=crop&q=60
Brothers Under Fire,2026,April,,"Horror, Thriller",6.3,317369,96,46281205,12727454,Justin Chadwick,"Delbert Hancock, Ian Mackenzie Jeffers","Kiefer Sutherland,Ashton Sanders, Laura Osma,Solly McLeod,Omar Chaparro",Vertical,R,English,United States,"'Brothers Under Fire' (2026) is a feature film directed by Justin Chadwick, starring Kiefer Sutherland,Ashton Sanders, Laura Osma,Solly McLeod,Omar Chaparro, produced by Vertical.",https://en.wikipedia.org/wiki/Brothers_Under_Fire,https://images.unsplash.com/photo-1489599849927-2ee91cede3ba?w=500&auto=format&fit=crop&q=60
Mabel,2026,April,,"Musical, Drama",9.2,53893,122,26355831,20570554,,Joy Goodwin,"Nicholas Ma, Lexi Perkel,Christine Ko,Judy Greer",Tribeca Releasing / AgX / Wavelength,PG-13,English,United States,"'Mabel' (2026) is a feature film directed by acclaimed filmmakers, starring Nicholas Ma, Lexi Perkel,Christine Ko,Judy Greer, produced by Tribeca Releasing / AgX / Wavelength.",https://en.wikipedia.org/wiki/Mabel_(film),https://images.unsplash.com/photo-1489599849927-2ee91cede3ba?w=500&auto=format&fit=crop&q=60
Busboys,2026,April,,"Drama, Thriller",9.0,106031,159,27229077,21152718,Jonah Feingold,"David Spade,Theo Von","David Spade, Theo Von,Tim Dillon,Bobby Lee,Trevor Wallace,Jay Pharoah",Night,PG-13,English,United States,"'Busboys' (2026) is a feature film directed by Jonah Feingold, starring David Spade, Theo Von,Tim Dillon,Bobby Lee,Trevor Wallace,Jay Pharoah, produced by Night.",https://en.wikipedia.org/wiki/Busboys_(film),https://images.unsplash.com/photo-1489599849927-2ee91cede3ba?w=500&auto=format&fit=crop&q=60
The Whistler,2026,April,,"Sci-Fi, Adventure",8.9,191203,137,28655601,22103734,Diego Velasco,"Esteban Orozco, Carolina Paiz, Nacho Palacios","Diane Guerrero,Juan Pablo Raba,Indhira Serrano",Vertical/Hideout Pictures,PG-13,English,United States,"'The Whistler' (2026) is a feature film directed by Diego Velasco, starring Diane Guerrero,Juan Pablo Raba,Indhira Serrano, produced by Vertical/Hideout Pictures.",https://en.wikipedia.org/wiki/The_Whistler,https://images.unsplash.com/photo-1489599849927-2ee91cede3ba?w=500&auto=format&fit=crop&q=60
Weekend at the End of the World,2026,April,20,"Adventure, Drama",6.7,58608,157,33971736,25647824,,"Clay Elliott, Spencer McCurnin","Gille Klabin, Troian Bellisario,Thomas Lennon, Cameron Fife, Clay Elliott,Sujata Day, Jimmy Guidish, Jesse O'Neill,Adam Ray,Tiffany Smith",June Street Productions,PG-13,English,United States,"'Weekend at the End of the World' (2026) is a feature film directed by acclaimed filmmakers, starring Gille Klabin, Troian Bellisario,Thomas Lennon, Cameron Fife, Clay Elliott,Sujata Day, Jimmy Guidish, Jesse O'Neill,Adam Ray,Tiffany Smith, produced by June Street Productions.",https://en.wikipedia.org/wiki/Weekend_at_the_End_of_the_World,https://images.unsplash.com/photo-1489599849927-2ee91cede3ba?w=500&auto=format&fit=crop&q=60
Captain Tsunami,2026,April,23,"Sci-Fi, Adventure",6.1,251301,139,29662167,22774778,Aaron Sherry,P.J. Marino,"Madeleine McGraw, Craig Frank, Tessa Munro,Archie Kao,Jeremy Sisto",Persimmon,PG-13,English,United States,"'Captain Tsunami' (2026) is a feature film directed by Aaron Sherry, starring Madeleine McGraw, Craig Frank, Tessa Munro,Archie Kao,Jeremy Sisto, produced by Persimmon.",https://en.wikipedia.org/wiki/Captain_Tsunami,https://images.unsplash.com/photo-1489599849927-2ee91cede3ba?w=500&auto=format&fit=crop&q=60
Michael,2026,April,24,Drama,7.1,95683,107,27055761,21037174,Antoine Fuqua,John Logan,"Jaafar Jackson,Nia Long, Juliano Krue Valdi, KeiLyn Durrel Jones,Laura Harrier,Jessica Sula,Mike Myers,Miles Teller,Colman Domingo",Lionsgate/Universal Pictures/GK Films,PG-13,English,United States,"'Michael' (2026) is a feature film directed by Antoine Fuqua, starring Jaafar Jackson,Nia Long, Juliano Krue Valdi, KeiLyn Durrel Jones,Laura Harrier,Jessica Sula,Mike Myers,Miles Teller,Colman Domingo, produced by Lionsgate/Universal Pictures/GK Films.",https://en.wikipedia.org/wiki/Michael_(2026_film),https://images.unsplash.com/photo-1489599849927-2ee91cede3ba?w=500&auto=format&fit=crop&q=60
Apex,2026,April,,"Sci-Fi, Adventure",7.5,37376,114,26079192,20386128,Baltasar Kormákur,Jeremy Robbins,"Charlize Theron,Taron Egerton,Eric Bana",Netflix/Chernin Entertainment/Denver and Delilah Productions/RVK Studios,PG-13,English,United States,"'Apex' (2026) is a feature film directed by Baltasar Kormákur, starring Charlize Theron,Taron Egerton,Eric Bana, produced by Netflix/Chernin Entertainment/Denver and Delilah Productions/RVK Studios.",https://en.wikipedia.org/wiki/Apex_(2026_film),https://images.unsplash.com/photo-1489599849927-2ee91cede3ba?w=500&auto=format&fit=crop&q=60
Over Your Dead Body,2026,April,,"Drama, Thriller",6.0,297071,144,30428757,23285838,Jorma Taccone,"Nick Kocher,Brian McElhaney","Samara Weaving,Jason Segel,Timothy Olyphant,Juliette Lewis",Independent Film Company/87North Productions/XYZ Films,PG-13,English,United States,"'Over Your Dead Body' (2026) is a feature film directed by Jorma Taccone, starring Samara Weaving,Jason Segel,Timothy Olyphant,Juliette Lewis, produced by Independent Film Company/87North Productions/XYZ Films.",https://en.wikipedia.org/wiki/Over_Your_Dead_Body_(2026_film),https://images.unsplash.com/photo-1489599849927-2ee91cede3ba?w=500&auto=format&fit=crop&q=60
Desert Warrior,2026,April,,"Action, Adventure, Drama, History",7.6,234585,130,29382195,22588130,,"Erica Beeney,Gary Ross,David Self","Rupert Wyatt, Anthony Mackie,Aiysha Hart,Sharlto Copley,Ben Kingsley",Vertical/MBC Studios/AGC Studios,PG-13,English,United States,"'Desert Warrior' (2026) is a feature film directed by acclaimed filmmakers, starring Rupert Wyatt, Anthony Mackie,Aiysha Hart,Sharlto Copley,Ben Kingsley, produced by Vertical/MBC Studios/AGC Studios.",https://en.wikipedia.org/wiki/Desert_Warrior_(2025_film),https://images.unsplash.com/photo-1489599849927-2ee91cede3ba?w=500&auto=format&fit=crop&q=60
Omaha,2026,April,,"Sci-Fi, Adventure",6.4,54888,127,26372496,20581664,Cole Webley,Robert Machoian,"John Magaro, Molly Belle Wright, Wyatt Solis",Greenwich Entertainment,PG-13,English,United States,"'Omaha' (2026) is a feature film directed by Cole Webley, starring John Magaro, Molly Belle Wright, Wyatt Solis, produced by Greenwich Entertainment.",https://en.wikipedia.org/wiki/Omaha_(film),https://images.unsplash.com/photo-1489599849927-2ee91cede3ba?w=500&auto=format&fit=crop&q=60
Original Sound,2026,April,,Comedy,6.1,231600,115,29332200,22554800,Gregory Jbara,Adam Seidel,"Eric Stoltz,Bridget Moynahan,Laura Marano,David Lambert,Ted King,Roscoe Orman,Luis Antonio Ramos",Cromono International,PG-13,English,United States,"'Original Sound' (2026) is a feature film directed by Gregory Jbara, starring Eric Stoltz,Bridget Moynahan,Laura Marano,David Lambert,Ted King,Roscoe Orman,Luis Antonio Ramos, produced by Cromono International.",https://en.wikipedia.org/wiki/Original_Sound,https://images.unsplash.com/photo-1489599849927-2ee91cede3ba?w=500&auto=format&fit=crop&q=60
Broken Bird,2026,April,,"Adventure, Drama",7.6,162348,142,28172316,21781544,,"Dominic Brunt, Tracey Sheals","Joanne Mitchell, Rebecca Calder,James Fleet",Catalyst Studios,PG-13,English,United States,"'Broken Bird' (2026) is a feature film directed by acclaimed filmmakers, starring Joanne Mitchell, Rebecca Calder,James Fleet, produced by Catalyst Studios.",https://en.wikipedia.org/wiki/Broken_Bird,https://images.unsplash.com/photo-1489599849927-2ee91cede3ba?w=500&auto=format&fit=crop&q=60
Saturnalia,2026,April,,Comedy,6.1,165930,160,28232310,21821540,,"Julia Nilsen, Darrell Szarka Workman","Daniel Lerch, Sophia Anthony, Velvet, Dante Blake, Amariah Dionne, Maddie Siepe, Morgan Messina",Terror Films / Gearhead Camera,PG-13,English,United States,"'Saturnalia' (2026) is a feature film directed by acclaimed filmmakers, starring Daniel Lerch, Sophia Anthony, Velvet, Dante Blake, Amariah Dionne, Maddie Siepe, Morgan Messina, produced by Terror Films / Gearhead Camera.",https://en.wikipedia.org/wiki/Saturnalia,https://images.unsplash.com/photo-1489599849927-2ee91cede3ba?w=500&auto=format&fit=crop&q=60
"Frankie, Maniac Woman",2026,April,,"Horror, Mystery, Thriller",7.0,338463,127,46870035,12858258,,Dina Silva,"Pierre Tsigaridis, Rocío de la Grana, Jordan Kelly DeBarge, Stefanie Estes, Sarah Grace Lee, Daniella Mendoza",Two Witches Films / The Rancon Company,R,English,United States,"'Frankie, Maniac Woman' (2026) is a feature film directed by acclaimed filmmakers, starring Pierre Tsigaridis, Rocío de la Grana, Jordan Kelly DeBarge, Stefanie Estes, Sarah Grace Lee, Daniella Mendoza, produced by Two Witches Films / The Rancon Company.",https://en.wikipedia.org/wiki/Frankie%2C_Maniac_Woman,https://images.unsplash.com/photo-1489599849927-2ee91cede3ba?w=500&auto=format&fit=crop&q=60
His Monster,2026,April,,"Musical, Drama",8.5,170706,109,28312302,21874868,,Nathan D. Lee,"Erich Cannon, Gabriel Casdorph, Meranda Long, Ashley Song, Brace Evans",Compassionate Disaster Films,PG-13,English,United States,"'His Monster' (2026) is a feature film directed by acclaimed filmmakers, starring Erich Cannon, Gabriel Casdorph, Meranda Long, Ashley Song, Brace Evans, produced by Compassionate Disaster Films.",https://en.wikipedia.org/wiki/His_Monster,https://images.unsplash.com/photo-1489599849927-2ee91cede3ba?w=500&auto=format&fit=crop&q=60
The Devil Wears Prada 2,2026,May,1,"Horror, Mystery, Thriller",6.2,350005,110,47192225,12929830,David Frankel,Aline Brosh McKenna,"Meryl Streep,Anne Hathaway,Emily Blunt,Justin Theroux,Lucy Liu,Kenneth Branagh,Stanley Tucci",20th Century Studios/Wendy Finerman Productions,R,English,United States,"'The Devil Wears Prada 2' (2026) is a feature film directed by David Frankel, starring Meryl Streep,Anne Hathaway,Emily Blunt,Justin Theroux,Lucy Liu,Kenneth Branagh,Stanley Tucci, produced by 20th Century Studios/Wendy Finerman Productions.",https://en.wikipedia.org/wiki/The_Devil_Wears_Prada_2,https://images.unsplash.com/photo-1489599849927-2ee91cede3ba?w=500&auto=format&fit=crop&q=60
Animal Farm,2026,May,,"Adventure, Drama",6.6,160358,132,28138986,21759324,Andy Serkis,Nicholas Stoller,"Gaten Matarazzo,Seth Rogen,Kieran Culkin,Woody Harrelson,Kathleen Turner,Iman Vellani,Laverne Cox,Jim Parsons, Andy Serkis,Steve Buscemi,Glenn Close",Angel Studios/The Imaginarium Studios/Aniventure/Cinesite,PG-13,English,United States,"'Animal Farm' (2026) is a feature film directed by Andy Serkis, starring Gaten Matarazzo,Seth Rogen,Kieran Culkin,Woody Harrelson,Kathleen Turner,Iman Vellani,Laverne Cox,Jim Parsons, Andy Serkis,Steve Buscemi,Glenn Close, produced by Angel Studios/The Imaginarium Studios/Aniventure/Cinesite.",https://en.wikipedia.org/wiki/Animal_Farm_(2025_film),https://images.unsplash.com/photo-1489599849927-2ee91cede3ba?w=500&auto=format&fit=crop&q=60
Swapped,2026,May,,"Animation, Family, Adventure",7.1,102250,140,27165750,21110500,Nathan Greno,"John Whittington, Christian Magalhaes, Robert Snow","Michael B. Jordan,Juno Temple,Tracy Morgan,Cedric the Entertainer,Justina Machado",Netflix/Skydance Animation,PG-13,English,United States,"'Swapped' (2026) is a feature film directed by Nathan Greno, starring Michael B. Jordan,Juno Temple,Tracy Morgan,Cedric the Entertainer,Justina Machado, produced by Netflix/Skydance Animation.",https://en.wikipedia.org/wiki/Swapped,https://images.unsplash.com/photo-1489599849927-2ee91cede3ba?w=500&auto=format&fit=crop&q=60
Deep Water,2026,May,,"Action, Adventure, Drama, Sci-Fi",7.8,143045,120,27849015,21566010,Renny Harlin,"Pete Bridges, Shayne Armstrong, S.P. Krause, Damien Power","Aaron Eckhart,Ben Kingsley,Angus Sampson,Kelly Gale,Madeleine West,Kate Fitzpatrick,Mark Hadlow",Magenta Light Studios/Arclight Films/Simmons/Hamilton Productions,PG-13,English,United States,"'Deep Water' (2026) is a feature film directed by Renny Harlin, starring Aaron Eckhart,Ben Kingsley,Angus Sampson,Kelly Gale,Madeleine West,Kate Fitzpatrick,Mark Hadlow, produced by Magenta Light Studios/Arclight Films/Simmons/Hamilton Productions.",https://en.wikipedia.org/wiki/Deep_Water_(2026_film),https://images.unsplash.com/photo-1489599849927-2ee91cede3ba?w=500&auto=format&fit=crop&q=60
Casa Grande,2026,May,,"Sci-Fi, Adventure",8.4,157373,117,28088991,21725994,,Sherell Jackson,"Juan Pablo Arias Munoz, Lou Diamond Phillips,John Pyper-Ferguson,Bruce Davison,Christina Moore,Lauren Swickard,Kate Mansi,Shalim Ortiz",ESX Entertainment,PG-13,English,United States,"'Casa Grande' (2026) is a feature film directed by acclaimed filmmakers, starring Juan Pablo Arias Munoz, Lou Diamond Phillips,John Pyper-Ferguson,Bruce Davison,Christina Moore,Lauren Swickard,Kate Mansi,Shalim Ortiz, produced by ESX Entertainment.",https://en.wikipedia.org/wiki/Casa_Grande,https://images.unsplash.com/photo-1489599849927-2ee91cede3ba?w=500&auto=format&fit=crop&q=60
The Fuzzies,2026,May,,"Comedy, Drama",9.0,171701,114,28328967,21885978,,Dustin Vaught,"Josh Funk, Rocío de la Grana, Baylee Toney, Dustin Vaught, Gordy Cassel, Karen Leigh Sharp, Seph Casani",Terror Films,PG-13,English,United States,"'The Fuzzies' (2026) is a feature film directed by acclaimed filmmakers, starring Josh Funk, Rocío de la Grana, Baylee Toney, Dustin Vaught, Gordy Cassel, Karen Leigh Sharp, Seph Casani, produced by Terror Films.",https://en.wikipedia.org/wiki/The_Fuzzies,https://images.unsplash.com/photo-1489599849927-2ee91cede3ba?w=500&auto=format&fit=crop&q=60
Mortal Kombat II,2026,May,8,"Action, Adventure, Drama, History",6.0,244535,105,29548845,22699230,Simon McQuoid,Jeremy Slater,"Karl Urban,Adeline Rudolph,Jessica McNamee,Josh Lawson,Martyn Ford,Ludi Lin,Mehcad Brooks,Tati Gabrielle,Lewis Tan,Max Huang,Damon Herriman,Chin Han,Tadanobu Asano,Joe Taslim,Hiroyuki Sanada",Warner Bros. Pictures/New Line Cinema/Atomic Monster,PG-13,English,United States,"'Mortal Kombat II' (2026) is a feature film directed by Simon McQuoid, starring Karl Urban,Adeline Rudolph,Jessica McNamee,Josh Lawson,Martyn Ford,Ludi Lin,Mehcad Brooks,Tati Gabrielle,Lewis Tan,Max Huang,Damon Herriman,Chin Han,Tadanobu Asano,Joe Taslim,Hiroyuki Sanada, produced by Warner Bros. Pictures/New Line Cinema/Atomic Monster.",https://en.wikipedia.org/wiki/Mortal_Kombat_II_(film),https://images.unsplash.com/photo-1489599849927-2ee91cede3ba?w=500&auto=format&fit=crop&q=60
The Sheep Detectives,2026,May,,"Action, Adventure, Drama, History",8.6,335080,110,31065360,23710240,Kyle Balda,Craig Mazin,"Hugh Jackman,Nicholas Braun,Nicholas Galitzine,Molly Gordon,Julia Louis-Dreyfus,Bryan Cranston,Chris O'Dowd,Regina Hall,Patrick Stewart,Bella Ramsey,Brett Goldstein,Hong Chau,Emma Thompson",Metro-Goldwyn-Mayer/Working Title Films,PG-13,English,United States,"'The Sheep Detectives' (2026) is a feature film directed by Kyle Balda, starring Hugh Jackman,Nicholas Braun,Nicholas Galitzine,Molly Gordon,Julia Louis-Dreyfus,Bryan Cranston,Chris O'Dowd,Regina Hall,Patrick Stewart,Bella Ramsey,Brett Goldstein,Hong Chau,Emma Thompson, produced by Metro-Goldwyn-Mayer/Working Title Films.",https://en.wikipedia.org/wiki/The_Sheep_Detectives,https://images.unsplash.com/photo-1489599849927-2ee91cede3ba?w=500&auto=format&fit=crop&q=60
Billie Eilish – Hit Me Hard and Soft: The Tour (Live in 3D),2026,May,,"Crime, Thriller",9.2,286219,146,67931673,48287782,"James Cameron,Billie Eilish",,"Billie Eilish, James Cameron,Finneas O'Connell",Paramount Pictures/Lightstorm Earth/Darkroom Films/Interscope Films,PG-13,English,United States,"'Billie Eilish – Hit Me Hard and Soft: The Tour (Live in 3D)' (2026) is a feature film directed by James Cameron,Billie Eilish, starring Billie Eilish, James Cameron,Finneas O'Connell, produced by Paramount Pictures/Lightstorm Earth/Darkroom Films/Interscope Films.",https://en.wikipedia.org/wiki/Billie_Eilish_–_Hit_Me_Hard_and_Soft:_The_Tour_(Live_in_3D),https://images.unsplash.com/photo-1489599849927-2ee91cede3ba?w=500&auto=format&fit=crop&q=60
Remarkably Bright Creatures,2026,May,,"Mystery, Thriller",8.1,35126,114,50964070,13767716,,John Whittington,"Olivia Newman, Sally Field,Lewis Pullman,Joan Chen,Kathy Baker,Beth Grant,Sofia Black-D'Elia,Colm Meaney,Alfred Molina",Netflix/Anonymous Content,R,English,United States,"'Remarkably Bright Creatures' (2026) is a feature film directed by acclaimed filmmakers, starring Olivia Newman, Sally Field,Lewis Pullman,Joan Chen,Kathy Baker,Beth Grant,Sofia Black-D'Elia,Colm Meaney,Alfred Molina, produced by Netflix/Anonymous Content.",https://en.wikipedia.org/wiki/Remarkably_Bright_Creatures_(film),https://images.unsplash.com/photo-1489599849927-2ee91cede3ba?w=500&auto=format&fit=crop&q=60
Takeover,2026,May,,"Sci-Fi, Adventure",8.1,123941,99,27529047,21352698,Greg Jonkajtys,"Jeb Stuart,Brandon M. Easton","Quavo,Billy Zane,Serayah,LaMonica Garrett,Martin Sensmeier",Firestorm Entertainment / Quality Control Trioscope,PG-13,English,United States,"'Takeover' (2026) is a feature film directed by Greg Jonkajtys, starring Quavo,Billy Zane,Serayah,LaMonica Garrett,Martin Sensmeier, produced by Firestorm Entertainment / Quality Control Trioscope.",https://en.wikipedia.org/wiki/Takeover_(2026_film),https://images.unsplash.com/photo-1489599849927-2ee91cede3ba?w=500&auto=format&fit=crop&q=60
Influenced,2026,May,,"Sci-Fi, Adventure",7.1,161353,137,28155651,21770434,Rachel Israel,"Jill Kargman, Carol Hartsell, Sean Crespo","Jill Kargman,Laura Bell Bundy,Justin Bartha,Eugene Cordero, Clara Wong,Nathan Lee Graham,Christine Taylor,Jessica Capshaw,David Krumholtz,Dan Hedaya",Brainstorm Media/ Menemsha Films,PG-13,English,United States,"'Influenced' (2026) is a feature film directed by Rachel Israel, starring Jill Kargman,Laura Bell Bundy,Justin Bartha,Eugene Cordero, Clara Wong,Nathan Lee Graham,Christine Taylor,Jessica Capshaw,David Krumholtz,Dan Hedaya, produced by Brainstorm Media/ Menemsha Films.",https://en.wikipedia.org/wiki/Influenced_(film),https://images.unsplash.com/photo-1489599849927-2ee91cede3ba?w=500&auto=format&fit=crop&q=60
Neglected,2026,May,,"Sci-Fi, Adventure",8.9,138667,98,27775689,21517126,,"Nicholas Ferwerda, Adam G. Levine","David Lipper, Josh Duhamel,Dylan Sprouse, Elena Sanchez,Til Schweiger",Inaugural Entertainment,PG-13,English,United States,"'Neglected' (2026) is a feature film directed by acclaimed filmmakers, starring David Lipper, Josh Duhamel,Dylan Sprouse, Elena Sanchez,Til Schweiger, produced by Inaugural Entertainment.",https://en.wikipedia.org/wiki/Neglected_(film),https://images.unsplash.com/photo-1489599849927-2ee91cede3ba?w=500&auto=format&fit=crop&q=60
Broad Trip,2026,May,,"Horror, Thriller",8.4,144239,126,41448355,11653874,Crystal Lowe,Chelsea Davison,"Sophia Bush,Lauren Holly,Steve Guttenberg",The Roku Channel,R,English,United States,"'Broad Trip' (2026) is a feature film directed by Crystal Lowe, starring Sophia Bush,Lauren Holly,Steve Guttenberg, produced by The Roku Channel.",https://en.wikipedia.org/wiki/Broad_Trip,https://images.unsplash.com/photo-1489599849927-2ee91cede3ba?w=500&auto=format&fit=crop&q=60
Driver's Ed,2026,May,,"Sci-Fi, Adventure",9.1,152199,91,28002333,21668222,Bobby Farrelly,Thomas Moffett,"Sam Nivola, Sophie Telegadis, Mohana Krishnan,Aidan Laprete,Molly Shannon,Kumail Nanjiani",Vertical/AGC Studios,PG-13,English,United States,"'Driver's Ed' (2026) is a feature film directed by Bobby Farrelly, starring Sam Nivola, Sophie Telegadis, Mohana Krishnan,Aidan Laprete,Molly Shannon,Kumail Nanjiani, produced by Vertical/AGC Studios.",https://en.wikipedia.org/wiki/Driver's_Ed_(film),https://images.unsplash.com/photo-1489599849927-2ee91cede3ba?w=500&auto=format&fit=crop&q=60
Magic Hour,2026,May,,"Sci-Fi, Adventure",7.6,142647,118,27842349,21561566,,Mark Duplass,"Katie Aselton, Katie Aselton,Daveed Diggs,Brad Garrett,Susan Sullivan",Greenwich Entertainment/Duplass Brothers Productions,PG-13,English,United States,"'Magic Hour' (2026) is a feature film directed by acclaimed filmmakers, starring Katie Aselton, Katie Aselton,Daveed Diggs,Brad Garrett,Susan Sullivan, produced by Greenwich Entertainment/Duplass Brothers Productions.",https://en.wikipedia.org/wiki/Magic_Hour_(2025_film),https://images.unsplash.com/photo-1489599849927-2ee91cede3ba?w=500&auto=format&fit=crop&q=60
Jack Ryan: Ghost War,2026,May,20,"Horror, Mystery, Thriller",8.0,307618,122,46009010,12666988,Andrew Bernstein,"John Krasinski, Aaron Rabin","John Krasinski,Wendell Pierce,Michael Kelly,Sienna Miller",Amazon MGM Studios/Paramount Pictures/Sunday Night Productions,R,English,United States,"'Jack Ryan: Ghost War' (2026) is a feature film directed by Andrew Bernstein, starring John Krasinski,Wendell Pierce,Michael Kelly,Sienna Miller, produced by Amazon MGM Studios/Paramount Pictures/Sunday Night Productions.",https://en.wikipedia.org/wiki/Jack_Ryan:_Ghost_War,https://images.unsplash.com/photo-1489599849927-2ee91cede3ba?w=500&auto=format&fit=crop&q=60
The Mandalorian and Grogu,2026,May,22,"Sci-Fi, Adventure",6.4,422640,100,32531880,24687920,,"Dave Filoni, Noah Kloor","Jon Favreau, Pedro Pascal,Jeremy Allen White, Brendan Wayne,Lateef Crowder,Jonny Coyne,Martin Scorsese,Sigourney Weaver",Lucasfilm/Fairview Entertainment,PG-13,English,United States,"'The Mandalorian and Grogu' (2026) is a feature film directed by acclaimed filmmakers, starring Jon Favreau, Pedro Pascal,Jeremy Allen White, Brendan Wayne,Lateef Crowder,Jonny Coyne,Martin Scorsese,Sigourney Weaver, produced by Lucasfilm/Fairview Entertainment.",https://en.wikipedia.org/wiki/The_Mandalorian_and_Grogu,https://images.unsplash.com/photo-1489599849927-2ee91cede3ba?w=500&auto=format&fit=crop&q=60
Passenger,2026,May,,"Adventure, Drama",8.5,144438,127,27872346,21581564,André Øvredal,"T.W. Burgess, Zachary Donohue","Jacob Scipio,Lou Llobell,Melissa Leo",Paramount Pictures,PG-13,English,United States,"'Passenger' (2026) is a feature film directed by André Øvredal, starring Jacob Scipio,Lou Llobell,Melissa Leo, produced by Paramount Pictures.",https://en.wikipedia.org/wiki/Passenger_(2026_film),https://images.unsplash.com/photo-1489599849927-2ee91cede3ba?w=500&auto=format&fit=crop&q=60
Ladies First,2026,May,,"Adventure, Drama",6.4,186228,112,28572276,22048184,Thea Sharrock,"Cinco Paul,Katie Silberman, Natalie Krinsky","Sacha Baron Cohen,Rosamund Pike,Charles Dance,Emily Mortimer,Tom Davis,Kathryn Hunter,Richard E. Grant,Fiona Shaw",Netflix/3dot Productions,PG-13,English,United States,"'Ladies First' (2026) is a feature film directed by Thea Sharrock, starring Sacha Baron Cohen,Rosamund Pike,Charles Dance,Emily Mortimer,Tom Davis,Kathryn Hunter,Richard E. Grant,Fiona Shaw, produced by Netflix/3dot Productions.",https://en.wikipedia.org/wiki/Ladies_First_(2026_film),https://images.unsplash.com/photo-1489599849927-2ee91cede3ba?w=500&auto=format&fit=crop&q=60
Tuner,2026,May,,"Adventure, Drama",7.1,62848,92,26505816,20670544,,Robert Ramsey,"Daniel Roher, Leo Woodall,Havana Rose Liu,Lior Raz,Tovah Feldshuh,Jean Reno,Dustin Hoffman",Black Bear Pictures/Elevation Pictures,PG-13,English,United States,"'Tuner' (2026) is a feature film directed by acclaimed filmmakers, starring Daniel Roher, Leo Woodall,Havana Rose Liu,Lior Raz,Tovah Feldshuh,Jean Reno,Dustin Hoffman, produced by Black Bear Pictures/Elevation Pictures.",https://en.wikipedia.org/wiki/Tuner_(film),https://images.unsplash.com/photo-1489599849927-2ee91cede3ba?w=500&auto=format&fit=crop&q=60
Corporate Retreat,2026,May,,"Action, Thriller",9.2,296872,143,30425424,23283616,,Kerri Lee Romeo,"Aaron Fisher, Odeya Rush,Zión Moreno,Ashton Sanders,Sasha Lane,Alan Ruck,Rosanna Arquette",Western Film Service / Passage Pictures,PG-13,English,United States,"'Corporate Retreat' (2026) is a feature film directed by acclaimed filmmakers, starring Aaron Fisher, Odeya Rush,Zión Moreno,Ashton Sanders,Sasha Lane,Alan Ruck,Rosanna Arquette, produced by Western Film Service / Passage Pictures.",https://en.wikipedia.org/wiki/Corporate_Retreat,https://images.unsplash.com/photo-1489599849927-2ee91cede3ba?w=500&auto=format&fit=crop&q=60
Situations,2026,May,,"Horror, Thriller",9.2,172099,116,42226055,11826634,,Daniel Hartigan,"Greg Vrotsos, Greg Vrotsos,P.J. Byrne,Melora Walters,Gino Vento,Katie Parker,Fiona Dourif,Fernanda Andrade",Utopia,R,English,United States,"'Situations' (2026) is a feature film directed by acclaimed filmmakers, starring Greg Vrotsos, Greg Vrotsos,P.J. Byrne,Melora Walters,Gino Vento,Katie Parker,Fiona Dourif,Fernanda Andrade, produced by Utopia.",https://en.wikipedia.org/wiki/Situations,https://images.unsplash.com/photo-1489599849927-2ee91cede3ba?w=500&auto=format&fit=crop&q=60
Backrooms,2026,May,29,"Sci-Fi, Adventure",7.8,143045,120,27849015,21566010,Kane Parsons,Will Soodik,"Chiwetel Ejiofor,Renate Reinsve,Mark Duplass,Finn Bennett,Lukita Maxwell",A24/North Road Films/21 Laps Entertainment/Atomic Monster,PG-13,English,United States,"'Backrooms' (2026) is a feature film directed by Kane Parsons, starring Chiwetel Ejiofor,Renate Reinsve,Mark Duplass,Finn Bennett,Lukita Maxwell, produced by A24/North Road Films/21 Laps Entertainment/Atomic Monster.",https://en.wikipedia.org/wiki/Backrooms_(film),https://images.unsplash.com/photo-1489599849927-2ee91cede3ba?w=500&auto=format&fit=crop&q=60
The Breadwinner,2026,May,,"Sci-Fi, Adventure",7.9,248316,124,29612172,22741448,,"Nate Bargatze,Dan Lagana","Eric Appel, Nate Bargatze,Mandy Moore,Colin Jost,Zach Cherry,Martin Herlihy,Kumail Nanjiani,Will Forte",TriStar Pictures/Wonder Project,PG-13,English,United States,"'The Breadwinner' (2026) is a feature film directed by acclaimed filmmakers, starring Eric Appel, Nate Bargatze,Mandy Moore,Colin Jost,Zach Cherry,Martin Herlihy,Kumail Nanjiani,Will Forte, produced by TriStar Pictures/Wonder Project.",https://en.wikipedia.org/wiki/The_Breadwinner_(2026_film),https://images.unsplash.com/photo-1489599849927-2ee91cede3ba?w=500&auto=format&fit=crop&q=60
Power Ballad,2026,May,,"Drama, Thriller",8.4,183641,99,28528947,22019298,,Peter McDonald,"John Carney, Paul Rudd,Nick Jonas, Peter McDonald, Marcella Plunkett,Havana Rose Liu,Jack Reynor",Lionsgate/30West/Screen Ireland/Likely Story,PG-13,English,United States,"'Power Ballad' (2026) is a feature film directed by acclaimed filmmakers, starring John Carney, Paul Rudd,Nick Jonas, Peter McDonald, Marcella Plunkett,Havana Rose Liu,Jack Reynor, produced by Lionsgate/30West/Screen Ireland/Likely Story.",https://en.wikipedia.org/wiki/Power_Ballad_(film),https://images.unsplash.com/photo-1489599849927-2ee91cede3ba?w=500&auto=format&fit=crop&q=60
Pitfall,2026,May,,"Sci-Fi, Adventure",6.3,100658,132,27139086,21092724,James Kondelik,Victor Rose,"Randy Couture,Richard Harmon,Alexandra Essoe,Jordan Claire Robbins, Matt Hamilton, Stephanie Izsak,Brenna Llewellyn, Michael Ryan",Voltage Pictures,PG-13,English,United States,"'Pitfall' (2026) is a feature film directed by James Kondelik, starring Randy Couture,Richard Harmon,Alexandra Essoe,Jordan Claire Robbins, Matt Hamilton, Stephanie Izsak,Brenna Llewellyn, Michael Ryan, produced by Voltage Pictures.",https://en.wikipedia.org/wiki/Pitfall,https://images.unsplash.com/photo-1489599849927-2ee91cede3ba?w=500&auto=format&fit=crop&q=60
Speed Demon,2026,May,31,"Horror, Mystery, Thriller",7.8,162746,144,41964970,11768636,Jon Keeyes,Domenico Salvaggio,"Katie Cassidy,William H. Macy,John Patrick Jordan,Sari Arambulo",Maverick Film / Complex Corp,R,English,United States,"'Speed Demon' (2026) is a feature film directed by Jon Keeyes, starring Katie Cassidy,William H. Macy,John Patrick Jordan,Sari Arambulo, produced by Maverick Film / Complex Corp.",https://en.wikipedia.org/wiki/Speed_Demon_(2026_film),https://images.unsplash.com/photo-1489599849927-2ee91cede3ba?w=500&auto=format&fit=crop&q=60
Scary Movie,2026,June,5,Drama,7.5,168716,99,28278972,21852648,Michael Tiddes,"Marlon Wayans,Shawn Wayans,Keenen Ivory Wayans, Rick Alvarez","Marlon Wayans, Shawn Wayans,Anna Faris,Regina Hall",Paramount Pictures/Miramax,PG-13,English,United States,"'Scary Movie' (2026) is a feature film directed by Michael Tiddes, starring Marlon Wayans, Shawn Wayans,Anna Faris,Regina Hall, produced by Paramount Pictures/Miramax.",https://en.wikipedia.org/wiki/Scary_Movie_(2026_film),https://images.unsplash.com/photo-1489599849927-2ee91cede3ba?w=500&auto=format&fit=crop&q=60
Masters of the Universe,2026,June,,Comedy,7.6,398760,130,32131920,24421280,Travis Knight,Chris Butler,"Nicholas Galitzine,Camila Mendes,Alison Brie,James Purefoy,Morena Baccarin,Jóhannes Haukur Jóhannesson,Charlotte Riley,Kristen Wiig,Jared Leto,Idris Elba",Metro-Goldwyn-Mayer/Mattel Studios/Escape Artists,PG-13,English,United States,"'Masters of the Universe' (2026) is a feature film directed by Travis Knight, starring Nicholas Galitzine,Camila Mendes,Alison Brie,James Purefoy,Morena Baccarin,Jóhannes Haukur Jóhannesson,Charlotte Riley,Kristen Wiig,Jared Leto,Idris Elba, produced by Metro-Goldwyn-Mayer/Mattel Studios/Escape Artists.",https://en.wikipedia.org/wiki/Masters_of_the_Universe_(2026_film),https://images.unsplash.com/photo-1489599849927-2ee91cede3ba?w=500&auto=format&fit=crop&q=60
Office Romance,2026,June,,"Action, Adventure, Drama, History",8.2,222645,145,29182215,22454810,Ol Parker,"Brett Goldstein, Joe Kelly","Jennifer Lopez, Brett Goldstein,Betty Gilpin,Amy Sedaris,Tony Hale,Bradley Whitford,Edward James Olmos",Netflix/Ryder Picture Company/Nuyorican Productions,PG-13,English,United States,"'Office Romance' (2026) is a feature film directed by Ol Parker, starring Jennifer Lopez, Brett Goldstein,Betty Gilpin,Amy Sedaris,Tony Hale,Bradley Whitford,Edward James Olmos, produced by Netflix/Ryder Picture Company/Nuyorican Productions.",https://en.wikipedia.org/wiki/Office_Romance_(2026_film),https://images.unsplash.com/photo-1489599849927-2ee91cede3ba?w=500&auto=format&fit=crop&q=60
Chum,2026,June,,Drama,7.4,37177,113,26075859,20383906,,Joe Leone,"Jonathan Zuck, Alice Eve,Eric Michael Cole, Elle Haymond, Sarah Siadat, Jim Klock",Independent Film Company,PG-13,English,United States,"'Chum' (2026) is a feature film directed by acclaimed filmmakers, starring Jonathan Zuck, Alice Eve,Eric Michael Cole, Elle Haymond, Sarah Siadat, Jim Klock, produced by Independent Film Company.",https://en.wikipedia.org/wiki/Chum_(film),https://images.unsplash.com/photo-1489599849927-2ee91cede3ba?w=500&auto=format&fit=crop&q=60
Carolina Caroline,2026,June,,"Sci-Fi, Adventure",7.7,287320,95,30265440,23176960,Adam Carter Rehmeier,William Thomas Dean IV,"Samara Weaving,Kyle Gallner,Jon Gries,Kyra Sedgwick",Magnolia Pictures/FilmNation Entertainment,PG-13,English,United States,"'Carolina Caroline' (2026) is a feature film directed by Adam Carter Rehmeier, starring Samara Weaving,Kyle Gallner,Jon Gries,Kyra Sedgwick, produced by Magnolia Pictures/FilmNation Entertainment.",https://en.wikipedia.org/wiki/Carolina_Caroline,https://images.unsplash.com/photo-1489599849927-2ee91cede3ba?w=500&auto=format&fit=crop&q=60
The Passenger,2026,June,,"Sci-Fi, Adventure",7.6,208317,148,28942239,22294826,Vadim Perelman,Bennett Fisher,"Kodi Smit-McPhee,Djimon Hounsou",Vertical/Dark Castle Entertainment/Amasia Entertainment,PG-13,English,United States,"'The Passenger' (2026) is a feature film directed by Vadim Perelman, starring Kodi Smit-McPhee,Djimon Hounsou, produced by Vertical/Dark Castle Entertainment/Amasia Entertainment.",https://en.wikipedia.org/wiki/The_Passenger_(2026_film),https://images.unsplash.com/photo-1489599849927-2ee91cede3ba?w=500&auto=format&fit=crop&q=60
Disclosure Day,2026,June,12,"Sci-Fi, Adventure",9.1,231003,112,29322201,22548134,Steven Spielberg,David Koepp,"Emily Blunt,Josh O'Connor,Colin Firth,Eve Hewson,Colman Domingo",Universal Pictures/Amblin Entertainment,PG-13,English,United States,"'Disclosure Day' (2026) is a feature film directed by Steven Spielberg, starring Emily Blunt,Josh O'Connor,Colin Firth,Eve Hewson,Colman Domingo, produced by Universal Pictures/Amblin Entertainment.",https://en.wikipedia.org/wiki/Disclosure_Day,https://images.unsplash.com/photo-1489599849927-2ee91cede3ba?w=500&auto=format&fit=crop&q=60
In the Hand of Dante,2026,June,,"Sci-Fi, Adventure",7.3,299658,157,30472086,23314724,,Louise Kugelberg,"Julian Schnabel, Oscar Isaac,Gal Gadot,Gerard Butler,John Malkovich,Sabrina Impacciatore,Martin Scorsese,Al Pacino,Jason Momoa",Netflix/DreamCrew Entertainment,PG-13,English,United States,"'In the Hand of Dante' (2026) is a feature film directed by acclaimed filmmakers, starring Julian Schnabel, Oscar Isaac,Gal Gadot,Gerard Butler,John Malkovich,Sabrina Impacciatore,Martin Scorsese,Al Pacino,Jason Momoa, produced by Netflix/DreamCrew Entertainment.",https://en.wikipedia.org/wiki/In_the_Hand_of_Dante_(film),https://images.unsplash.com/photo-1489599849927-2ee91cede3ba?w=500&auto=format&fit=crop&q=60
Stop! That! Train!,2026,June,,"Sci-Fi, Adventure",8.4,255878,162,29738826,22825884,Adam Shankman,"Connor Wright, Christina Friel","RuPaul,Ginger Minj,Jujubee,Brooke Lynn Hytes,Latrice Royale,Marcia Marcia Marcia,Monét X Change,Symone",Bleecker Street/World of Wonder,PG-13,English,United States,"'Stop! That! Train!' (2026) is a feature film directed by Adam Shankman, starring RuPaul,Ginger Minj,Jujubee,Brooke Lynn Hytes,Latrice Royale,Marcia Marcia Marcia,Monét X Change,Symone, produced by Bleecker Street/World of Wonder.",https://en.wikipedia.org/wiki/Stop!_That!_Train!,https://images.unsplash.com/photo-1489599849927-2ee91cede3ba?w=500&auto=format&fit=crop&q=60
This Tempting Madness,2026,June,,"Crime, Drama",8.7,361547,93,31508649,24005766,,Andrew Davis,"Jennifer E. Montgomery, Simone Ashley,Austin Stowell,Suraj Sharma,Mojean Aria, Amol Shah,Zenobia Shroff",Vertical,PG-13,English,United States,"'This Tempting Madness' (2026) is a feature film directed by acclaimed filmmakers, starring Jennifer E. Montgomery, Simone Ashley,Austin Stowell,Suraj Sharma,Mojean Aria, Amol Shah,Zenobia Shroff, produced by Vertical.",https://en.wikipedia.org/wiki/This_Tempting_Madness,https://images.unsplash.com/photo-1489599849927-2ee91cede3ba?w=500&auto=format&fit=crop&q=60
Broken Land,2026,June,,"Sci-Fi, Adventure",7.4,161950,140,28165650,21777100,,Christopher Young,"J.T. Walker, David Morse, Jaklyn Bejarano,Bill Heck",Well Go USA Entertainment,PG-13,English,United States,"'Broken Land' (2026) is a feature film directed by acclaimed filmmakers, starring J.T. Walker, David Morse, Jaklyn Bejarano,Bill Heck, produced by Well Go USA Entertainment.",https://en.wikipedia.org/wiki/Broken_Land,https://images.unsplash.com/photo-1489599849927-2ee91cede3ba?w=500&auto=format&fit=crop&q=60
Time of Death,2026,June,,Drama,8.0,189412,128,28625604,22083736,Will Wernick,Jason Rosen,"Michael Kelly,Kevin Pollak,Mena Suvari,Dennis Haysbert",Vertical,PG-13,English,United States,"'Time of Death' (2026) is a feature film directed by Will Wernick, starring Michael Kelly,Kevin Pollak,Mena Suvari,Dennis Haysbert, produced by Vertical.",https://en.wikipedia.org/wiki/Time_of_Death,https://images.unsplash.com/photo-1489599849927-2ee91cede3ba?w=500&auto=format&fit=crop&q=60
40 Dates and 40 Nights,2026,June,16,"Action, Adventure, Drama, History",7.7,307021,119,30595407,23396938,Andy Delaney,Sarah Howard,"Bailee Madison,Joel Courtney,Annie Potts,Jai Rodriguez,Jack Schumacher, Luxy Banner,Eric Nelsen",Brainstorm Media,PG-13,English,United States,"'40 Dates and 40 Nights' (2026) is a feature film directed by Andy Delaney, starring Bailee Madison,Joel Courtney,Annie Potts,Jai Rodriguez,Jack Schumacher, Luxy Banner,Eric Nelsen, produced by Brainstorm Media.",https://en.wikipedia.org/wiki/40_Dates_and_40_Nights,https://images.unsplash.com/photo-1489599849927-2ee91cede3ba?w=500&auto=format&fit=crop&q=60
Never Change!,2026,June,17,"Sci-Fi, Adventure",7.7,188815,125,28615605,22077070,Marty Schousboe,John Reynolds,"John Reynolds,Sofia Black-D'Elia,Carmen Christopher,Jo Firestone,Rudy Pankow,Topher Grace,Jackie Cruz,Ana Gasteyer,Patti Harrison,Zach Cherry",Hulu/APT Entertainment/All Things Comedy/American High,PG-13,English,United States,"'Never Change!' (2026) is a feature film directed by Marty Schousboe, starring John Reynolds,Sofia Black-D'Elia,Carmen Christopher,Jo Firestone,Rudy Pankow,Topher Grace,Jackie Cruz,Ana Gasteyer,Patti Harrison,Zach Cherry, produced by Hulu/APT Entertainment/All Things Comedy/American High.",https://en.wikipedia.org/wiki/Never_Change!,https://images.unsplash.com/photo-1489599849927-2ee91cede3ba?w=500&auto=format&fit=crop&q=60
Black Box,2026,June,,"Sci-Fi, Adventure",8.7,118568,147,27439056,21292704,Steven Quale,Stephen Susco,"Tom Brittney, Holly White, Boadicea Ricketts, Betsy-Blue English, Georgi S. Georgiev,Georgina Leonidas",Signature Entertainment/ Aura Entertainment,PG-13,English,United States,"'Black Box' (2026) is a feature film directed by Steven Quale, starring Tom Brittney, Holly White, Boadicea Ricketts, Betsy-Blue English, Georgi S. Georgiev,Georgina Leonidas, produced by Signature Entertainment/ Aura Entertainment.",https://en.wikipedia.org/wiki/Black_Box_(2026_film),https://images.unsplash.com/photo-1489599849927-2ee91cede3ba?w=500&auto=format&fit=crop&q=60
Toy Story 5,2026,June,19,"Animation, Family, Adventure",6.1,152796,94,28012332,21674888,,Kenna Harris,"Andrew Stanton, Tom Hanks,Tim Allen,Joan Cusack,Conan O'Brien,Scarlett Spears,Greta Lee,Shelby Rabara,Mykal-Michelle Harris,Craig Robinson",Walt Disney Pictures/Pixar Animation Studios,PG-13,English,United States,"'Toy Story 5' (2026) is a feature film directed by acclaimed filmmakers, starring Andrew Stanton, Tom Hanks,Tim Allen,Joan Cusack,Conan O'Brien,Scarlett Spears,Greta Lee,Shelby Rabara,Mykal-Michelle Harris,Craig Robinson, produced by Walt Disney Pictures/Pixar Animation Studios.",https://en.wikipedia.org/wiki/Toy_Story_5,https://images.unsplash.com/photo-1489599849927-2ee91cede3ba?w=500&auto=format&fit=crop&q=60
Girls Like Girls,2026,June,,"Romance, Drama",6.7,252495,145,29682165,22788110,,Stefanie Scott,"Hayley Kiyoko, Maya da Costa,Myra Molloy,Levon Hawke,Zach Braff",Focus Features/BuzzFeed Studios/Marc Platt Productions,PG-13,English,United States,"'Girls Like Girls' (2026) is a feature film directed by acclaimed filmmakers, starring Hayley Kiyoko, Maya da Costa,Myra Molloy,Levon Hawke,Zach Braff, produced by Focus Features/BuzzFeed Studios/Marc Platt Productions.",https://en.wikipedia.org/wiki/Girls_Like_Girls_(film),https://images.unsplash.com/photo-1489599849927-2ee91cede3ba?w=500&auto=format&fit=crop&q=60
Supergirl,2026,June,26,"Action, Sci-Fi, Superhero",7.3,148617,148,27942339,21628226,Craig Gillespie,Ana Nogueira,"Milly Alcock,Matthias Schoenaerts,Eve Ridley,David Krumholtz,Emily Beecham,David Corenswet,Jason Momoa",Warner Bros. Pictures/DC Studios,PG-13,English,United States,"'Supergirl' (2026) is a feature film directed by Craig Gillespie, starring Milly Alcock,Matthias Schoenaerts,Eve Ridley,David Krumholtz,Emily Beecham,David Corenswet,Jason Momoa, produced by Warner Bros. Pictures/DC Studios.",https://en.wikipedia.org/wiki/Supergirl_(2026_film),https://images.unsplash.com/photo-1489599849927-2ee91cede3ba?w=500&auto=format&fit=crop&q=60
Jackass: Best and Last,2026,June,,"Sci-Fi, Adventure",6.0,349607,108,31308669,23872446,Jeff Tremaine,,"Johnny Knoxville,Steve-O,Chris Pontius,Jason Acuña,Preston Lacy,Dave England,Ehren McGhehey,Zach Holmes,Jasper Dolphin,Eric Manaka,Rachel Wolfson",Paramount Pictures/MTV Entertainment Studios,PG-13,English,United States,"'Jackass: Best and Last' (2026) is a feature film directed by Jeff Tremaine, starring Johnny Knoxville,Steve-O,Chris Pontius,Jason Acuña,Preston Lacy,Dave England,Ehren McGhehey,Zach Holmes,Jasper Dolphin,Eric Manaka,Rachel Wolfson, produced by Paramount Pictures/MTV Entertainment Studios.",https://en.wikipedia.org/wiki/Jackass:_Best_and_Last,https://images.unsplash.com/photo-1489599849927-2ee91cede3ba?w=500&auto=format&fit=crop&q=60
Little Brother,2026,June,,Drama,6.7,232794,121,29352198,22568132,Matt Spicer,"Jarrad Paul, Andrew Mogel","John Cena,Eric André,Michelle Monaghan,Christopher Meloni,Ego Nwodim,Sherry Cola",Netflix/The District,PG-13,English,United States,"'Little Brother' (2026) is a feature film directed by Matt Spicer, starring John Cena,Eric André,Michelle Monaghan,Christopher Meloni,Ego Nwodim,Sherry Cola, produced by Netflix/The District.",https://en.wikipedia.org/wiki/Little_Brother_(2026_film),https://images.unsplash.com/photo-1489599849927-2ee91cede3ba?w=500&auto=format&fit=crop&q=60
The Invite,2026,June,,"Action, Adventure, Drama, History",6.0,146030,135,27899010,21599340,Olivia Wilde,"Rashida Jones,Will McCormack","Seth Rogen, Olivia Wilde,Penélope Cruz,Edward Norton",A24/Annapurna Pictures/FilmNation Entertainment,PG-13,English,United States,"'The Invite' (2026) is a feature film directed by Olivia Wilde, starring Seth Rogen, Olivia Wilde,Penélope Cruz,Edward Norton, produced by A24/Annapurna Pictures/FilmNation Entertainment.",https://en.wikipedia.org/wiki/The_Invite,https://images.unsplash.com/photo-1489599849927-2ee91cede3ba?w=500&auto=format&fit=crop&q=60
Strung,2026,June,,"Horror, Mystery, Thriller",8.9,86131,134,39826295,11293546,Malcolm D. Lee,"Alan B. McElroy, Matthew Mixon","Chloe Bailey,Lynn Whitfield,Lucien Laviscount,Anna Diop,Coco Jones, Romy Woods",Peacock/Universal Pictures/Peachtree & Vine/Blumhouse Productions,R,English,United States,"'Strung' (2026) is a feature film directed by Malcolm D. Lee, starring Chloe Bailey,Lynn Whitfield,Lucien Laviscount,Anna Diop,Coco Jones, Romy Woods, produced by Peacock/Universal Pictures/Peachtree & Vine/Blumhouse Productions.",https://en.wikipedia.org/wiki/Strung,https://images.unsplash.com/photo-1489599849927-2ee91cede3ba?w=500&auto=format&fit=crop&q=60
The Get Out,2026,June,,"Drama, Thriller",6.9,147821,144,27929007,21619338,,Daniel Forte,"Derrick Borte, Russell Crowe, Kartiah Vergara,Nina Dobrev,Teresa Palmer,Aaron Paul,Luke Evans,Daniel Zovatto",Vertical,PG-13,English,United States,"'The Get Out' (2026) is a feature film directed by acclaimed filmmakers, starring Derrick Borte, Russell Crowe, Kartiah Vergara,Nina Dobrev,Teresa Palmer,Aaron Paul,Luke Evans,Daniel Zovatto, produced by Vertical.",https://en.wikipedia.org/wiki/The_Get_Out,https://images.unsplash.com/photo-1489599849927-2ee91cede3ba?w=500&auto=format&fit=crop&q=60
Lucky Strike,2026,June,,"Action, Adventure, Drama, History",6.3,192596,144,28678932,22119288,,Marc Frydman,"Rod Lurie, Scott Eastwood,Colin Hanks,Aunjanue Ellis-Taylor,Taylor John Smith",Roadside Attractions/Saban Films,PG-13,English,United States,"'Lucky Strike' (2026) is a feature film directed by acclaimed filmmakers, starring Rod Lurie, Scott Eastwood,Colin Hanks,Aunjanue Ellis-Taylor,Taylor John Smith, produced by Roadside Attractions/Saban Films.",https://en.wikipedia.org/wiki/Lucky_Strike_(2026_film),https://images.unsplash.com/photo-1489599849927-2ee91cede3ba?w=500&auto=format&fit=crop&q=60
The Room Returns!,2026,June,,Comedy,7.6,267420,145,29932140,22954760,Brando Crawford,Tommy Wiseau,"Bob Odenkirk,Mike Flanagan,Kate Siegel,Bella Heathcote,Arturo Castro,Greg Sestero,Cameron Kasky, Brando Crawford",Acting for a Cause,PG-13,English,United States,"'The Room Returns!' (2026) is a feature film directed by Brando Crawford, starring Bob Odenkirk,Mike Flanagan,Kate Siegel,Bella Heathcote,Arturo Castro,Greg Sestero,Cameron Kasky, Brando Crawford, produced by Acting for a Cause.",https://en.wikipedia.org/wiki/The_Room_Returns!,https://images.unsplash.com/photo-1489599849927-2ee91cede3ba?w=500&auto=format&fit=crop&q=60
Above the Line,2026,June,,"Sci-Fi, Adventure",8.9,210904,161,28985568,22323712,,Jono Matt,"Jeffrey Scott Collins, Sophia Ali,Cedric the Entertainer,Gregg Henry,Reno Wilson,Jamie Lee,Dylan Playfair,Jackson Pace, John Way",Quiver Distribution,PG-13,English,United States,"'Above the Line' (2026) is a feature film directed by acclaimed filmmakers, starring Jeffrey Scott Collins, Sophia Ali,Cedric the Entertainer,Gregg Henry,Reno Wilson,Jamie Lee,Dylan Playfair,Jackson Pace, John Way, produced by Quiver Distribution.",https://en.wikipedia.org/wiki/Above_the_Line,https://images.unsplash.com/photo-1489599849927-2ee91cede3ba?w=500&auto=format&fit=crop&q=60
Jacked,2026,June,,"Mystery, Thriller",9.0,73196,144,39465220,11213336,,Simon Fraser,"John Fucile, Marla Robison, Tom Koch, Anthony Cipriani, Wynn Reichert, Kam Perez",Indican Pictures,R,English,United States,"'Jacked' (2026) is a feature film directed by acclaimed filmmakers, starring John Fucile, Marla Robison, Tom Koch, Anthony Cipriani, Wynn Reichert, Kam Perez, produced by Indican Pictures.",https://en.wikipedia.org/wiki/Jacked,https://images.unsplash.com/photo-1489599849927-2ee91cede3ba?w=500&auto=format&fit=crop&q=60
Sugar Beach,2026,June,,"Musical, Drama",6.3,159761,129,28128987,21752658,Noely Mendoza,Zoe Manzotti,"Zoe Manzotti, Emma Blomquist, Ryley Schroeder,Kelli Garner,Michael Landes",Seismic Releasing / Brace Yourself,PG-13,English,United States,"'Sugar Beach' (2026) is a feature film directed by Noely Mendoza, starring Zoe Manzotti, Emma Blomquist, Ryley Schroeder,Kelli Garner,Michael Landes, produced by Seismic Releasing / Brace Yourself.",https://en.wikipedia.org/wiki/Sugar_Beach,https://images.unsplash.com/photo-1489599849927-2ee91cede3ba?w=500&auto=format&fit=crop&q=60
Bouchra,2026,June,,"Mystery, Thriller",8.8,99066,124,40187370,11373756,,Ayla Mrabet,"Meriem Bennani, Orian Barki, Meriem Bennani, Fatim-Zahra Alami, Yto Barrada, Dounia Berrada, Orian Barki, Ariana Faye Allensworth",Film Movement/Fondazione Prada,R,English,United States,"'Bouchra' (2026) is a feature film directed by acclaimed filmmakers, starring Meriem Bennani, Orian Barki, Meriem Bennani, Fatim-Zahra Alami, Yto Barrada, Dounia Berrada, Orian Barki, Ariana Faye Allensworth, produced by Film Movement/Fondazione Prada.",https://en.wikipedia.org/wiki/Bouchra,https://images.unsplash.com/photo-1489599849927-2ee91cede3ba?w=500&auto=format&fit=crop&q=60
Minions & Monsters,2026,July,1,"Animation, Family, Adventure",8.4,295280,135,30398760,23265840,,Brian Lynch,"Pierre Coffin, Pierre Coffin,Trey Parker,Allison Janney,Christoph Waltz,Jesse Eisenberg,Jeff Bridges,Zoey Deutch,Bobby Moynihan,Phil LaMarr",Universal Pictures/Illumination,PG-13,English,United States,"'Minions & Monsters' (2026) is a feature film directed by acclaimed filmmakers, starring Pierre Coffin, Pierre Coffin,Trey Parker,Allison Janney,Christoph Waltz,Jesse Eisenberg,Jeff Bridges,Zoey Deutch,Bobby Moynihan,Phil LaMarr, produced by Universal Pictures/Illumination.",https://en.wikipedia.org/wiki/Minions_&_Monsters,https://images.unsplash.com/photo-1489599849927-2ee91cede3ba?w=500&auto=format&fit=crop&q=60
Enola Holmes 3,2026,July,,"Adventure, Drama",7.8,202148,117,28838916,22225944,Philip Barantini,Jack Thorne,"Millie Bobby Brown,Louis Partridge,Himesh Patel,Sharon Duncan-Brewster,Henry Cavill,Helena Bonham Carter",Netflix/Legendary Pictures,PG-13,English,United States,"'Enola Holmes 3' (2026) is a feature film directed by Philip Barantini, starring Millie Bobby Brown,Louis Partridge,Himesh Patel,Sharon Duncan-Brewster,Henry Cavill,Helena Bonham Carter, produced by Netflix/Legendary Pictures.",https://en.wikipedia.org/wiki/Enola_Holmes_3,https://images.unsplash.com/photo-1489599849927-2ee91cede3ba?w=500&auto=format&fit=crop&q=60
Young Washington,2026,July,3,Drama,7.6,280554,136,30152118,23101412,,"Tom Provost, Diederik Hoogstraten","Jon Erwin, William Franklyn-Miller,Mary-Louise Parker,Kelsey Grammer,Andy Serkis,Ben Kingsley",Angel Studios/Wonder Project,PG-13,English,United States,"'Young Washington' (2026) is a feature film directed by acclaimed filmmakers, starring Jon Erwin, William Franklyn-Miller,Mary-Louise Parker,Kelsey Grammer,Andy Serkis,Ben Kingsley, produced by Angel Studios/Wonder Project.",https://en.wikipedia.org/wiki/Young_Washington,https://images.unsplash.com/photo-1489599849927-2ee91cede3ba?w=500&auto=format&fit=crop&q=60
Lockbox,2026,July,,"Sci-Fi, Adventure",6.9,101852,138,27159084,21106056,Daniel Stamm,Justin Yoffe,"Carla Gugino,Lou Taylor Pucci,Katharine Isabelle",Aura Entertainment /Dark Castle Entertainment,PG-13,English,United States,"'Lockbox' (2026) is a feature film directed by Daniel Stamm, starring Carla Gugino,Lou Taylor Pucci,Katharine Isabelle, produced by Aura Entertainment /Dark Castle Entertainment.",https://en.wikipedia.org/wiki/Lockbox_(film),https://images.unsplash.com/photo-1489599849927-2ee91cede3ba?w=500&auto=format&fit=crop&q=60
Gangland,2026,July,,"Adventure, Drama",7.7,116578,137,27405726,21270484,Vincent Grashaw,Zach Montague,"Lou Diamond Phillips,Nick Stahl,Irene Bedard,Lane Factor",Saban Films,PG-13,English,United States,"'Gangland' (2026) is a feature film directed by Vincent Grashaw, starring Lou Diamond Phillips,Nick Stahl,Irene Bedard,Lane Factor, produced by Saban Films.",https://en.wikipedia.org/wiki/Gangland,https://images.unsplash.com/photo-1489599849927-2ee91cede3ba?w=500&auto=format&fit=crop&q=60
Man of War,2026,July,,"Action, Adventure, Drama, History",7.4,129115,125,27615705,21410470,,Paul Reichelt,"William Kaufman, LaMonica Garrett,Andrew Howard, Linds Edwards, Rosmary Yaneva,Jason Patric,Daniel Bernhardt",Well Go USA Entertainment,PG-13,English,United States,"'Man of War' (2026) is a feature film directed by acclaimed filmmakers, starring William Kaufman, LaMonica Garrett,Andrew Howard, Linds Edwards, Rosmary Yaneva,Jason Patric,Daniel Bernhardt, produced by Well Go USA Entertainment.",https://en.wikipedia.org/wiki/Man_of_War,https://images.unsplash.com/photo-1489599849927-2ee91cede3ba?w=500&auto=format&fit=crop&q=60
Moana,2026,July,10,"Animation, Family, Adventure",7.0,56082,133,481084710,160880278,Thomas Kail,"Jared Bush, Dana Ledoux Miller","Dwayne Johnson,Catherine Laga'aia,Rena Owen,John Tui,Frankie Adams,Jemaine Clement",Walt Disney Pictures/Seven Bucks Productions,PG,English,United States,"'Moana' (2026) is a feature film directed by Thomas Kail, starring Dwayne Johnson,Catherine Laga'aia,Rena Owen,John Tui,Frankie Adams,Jemaine Clement, produced by Walt Disney Pictures/Seven Bucks Productions.",https://en.wikipedia.org/wiki/Moana_(2026_film),https://images.unsplash.com/photo-1489599849927-2ee91cede3ba?w=500&auto=format&fit=crop&q=60
Evil Dead Burn,2026,July,,"Horror, Mystery, Thriller",8.9,204337,128,43125965,12026542,,Florent Bernard,"Sébastien Vaniček, Souheila Yacoub,Tandi Wright,Hunter Doohan,Luciane Buchanan,Erroll Shand, Maude Davey",Warner Bros. Pictures/New Line Cinema/Screen Gems/Ghost House Pictures,R,English,United States,"'Evil Dead Burn' (2026) is a feature film directed by acclaimed filmmakers, starring Sébastien Vaniček, Souheila Yacoub,Tandi Wright,Hunter Doohan,Luciane Buchanan,Erroll Shand, Maude Davey, produced by Warner Bros. Pictures/New Line Cinema/Screen Gems/Ghost House Pictures.",https://en.wikipedia.org/wiki/Evil_Dead_Burn,https://images.unsplash.com/photo-1489599849927-2ee91cede3ba?w=500&auto=format&fit=crop&q=60
Gail Daughtry and the Celebrity Sex Pass,2026,July,,"Sci-Fi, Adventure",6.0,241091,99,37028097,27685398,,Ken Marino,"David Wain, Zoey Deutch,John Slattery, Ken Marino,Miles Gutierrez-Riley,Ben Wang,Sabrina Impacciatore,Jon Hamm",Sony Pictures Classics/Likely Story,PG-13,English,United States,"'Gail Daughtry and the Celebrity Sex Pass' (2026) is a feature film directed by acclaimed filmmakers, starring David Wain, Zoey Deutch,John Slattery, Ken Marino,Miles Gutierrez-Riley,Ben Wang,Sabrina Impacciatore,Jon Hamm, produced by Sony Pictures Classics/Likely Story.",https://en.wikipedia.org/wiki/Gail_Daughtry_and_the_Celebrity_Sex_Pass,https://images.unsplash.com/photo-1489599849927-2ee91cede3ba?w=500&auto=format&fit=crop&q=60
The Isolate Thief,2026,July,,"Sci-Fi, Adventure",9.2,270604,161,29985468,22990312,John Suits,Kevin Lefler,"Sean Bean,Odeya Rush,Mackenzie Foy,Joe Pantoliano,Ty Simpkins,Jack Kesy,Martin Sensmeier",Radial Entertainment /Hideout Pictures,PG-13,English,United States,"'The Isolate Thief' (2026) is a feature film directed by John Suits, starring Sean Bean,Odeya Rush,Mackenzie Foy,Joe Pantoliano,Ty Simpkins,Jack Kesy,Martin Sensmeier, produced by Radial Entertainment /Hideout Pictures.",https://en.wikipedia.org/wiki/The_Isolate_Thief,https://images.unsplash.com/photo-1489599849927-2ee91cede3ba?w=500&auto=format&fit=crop&q=60
The Floaters,2026,July,,"Sci-Fi, Adventure",7.1,187621,119,28595607,22063738,Rachel Israel,"Brent Hoff, Andra Gordon, Amelia Brain","Jackie Tohn,Sarah Podemski,Aya Cash,Judah Lewis,Nina Bloomgarden,Jake Ryan,Seth Green,Jonathan Silverman,Steve Guttenberg, Jacob Moskovitz",Brainstorm Media,PG-13,English,United States,"'The Floaters' (2026) is a feature film directed by Rachel Israel, starring Jackie Tohn,Sarah Podemski,Aya Cash,Judah Lewis,Nina Bloomgarden,Jake Ryan,Seth Green,Jonathan Silverman,Steve Guttenberg, Jacob Moskovitz, produced by Brainstorm Media.",https://en.wikipedia.org/wiki/The_Floaters,https://images.unsplash.com/photo-1489599849927-2ee91cede3ba?w=500&auto=format&fit=crop&q=60
Descendants: Wicked Wonderland,2026,July,16,"Musical, Drama",6.0,83483,132,510700365,171246357,Kimmy Gatewood,"Tamara Chestna, Dan Frey, Ru Sommer","Kylie Cantrall,Malia Baker,Leonardo Nam,Liamani Segura,Melanie Paxson,Joel Oulette,Rita Ora,Brandy Norwood,Awkwafina",Disney Channel/Disney+,PG-13,English,United States,"'Descendants: Wicked Wonderland' (2026) is a feature film directed by Kimmy Gatewood, starring Kylie Cantrall,Malia Baker,Leonardo Nam,Liamani Segura,Melanie Paxson,Joel Oulette,Rita Ora,Brandy Norwood,Awkwafina, produced by Disney Channel/Disney+.",https://en.wikipedia.org/wiki/Descendants:_Wicked_Wonderland,https://images.unsplash.com/photo-1489599849927-2ee91cede3ba?w=500&auto=format&fit=crop&q=60
They Fight,2026,July,,"Sci-Fi, Adventure",8.9,145234,131,27885678,21590452,,Andrew Renzi,"Sheldon Candis, André Holland,Wendell Pierce,Samira Wiley, Anthony B. Jenkins, Toissaint Francois Battiste,Mykelti Williamson",Hulu/Andscape/Mandalay Pictures,PG-13,English,United States,"'They Fight' (2026) is a feature film directed by acclaimed filmmakers, starring Sheldon Candis, André Holland,Wendell Pierce,Samira Wiley, Anthony B. Jenkins, Toissaint Francois Battiste,Mykelti Williamson, produced by Hulu/Andscape/Mandalay Pictures.",https://en.wikipedia.org/wiki/They_Fight,https://images.unsplash.com/photo-1489599849927-2ee91cede3ba?w=500&auto=format&fit=crop&q=60
Borderline,2026,July,,Drama,8.0,163144,146,28185648,21790432,Ryan Jordan,Jeffrey Ronald Cohen,"Oscar Gonzalez, Marcus Jean Pirae, Michael-Eoin Stanney, Marissa Arguijo",Vertical,PG-13,English,United States,"'Borderline' (2026) is a feature film directed by Ryan Jordan, starring Oscar Gonzalez, Marcus Jean Pirae, Michael-Eoin Stanney, Marissa Arguijo, produced by Vertical.",https://en.wikipedia.org/wiki/Borderline,https://images.unsplash.com/photo-1489599849927-2ee91cede3ba?w=500&auto=format&fit=crop&q=60
Hadestown: The Musical,2026,July,24,"Sci-Fi, Adventure",6.4,370104,136,31651968,24101312,Brett Sullivan,Anaïs Mitchell,"Reeve Carney,André De Shields,Amber Gray,Eva Noblezada,Patrick Page",Crosswalk/LD Entertainment,PG-13,English,United States,"'Hadestown: The Musical' (2026) is a feature film directed by Brett Sullivan, starring Reeve Carney,André De Shields,Amber Gray,Eva Noblezada,Patrick Page, produced by Crosswalk/LD Entertainment.",https://en.wikipedia.org/wiki/Hadestown:_The_Musical,https://images.unsplash.com/photo-1489599849927-2ee91cede3ba?w=500&auto=format&fit=crop&q=60
Motor City,2026,July,,"Sci-Fi, Adventure",8.6,151204,161,27985668,21657112,Potsy Ponciroli,Chad St. John,"Alan Ritchson,Ben Foster,Pablo Schreiber,Lionel Boyce,Shailene Woodley",Independent Film Company/Stampede Ventures,PG-13,English,United States,"'Motor City' (2026) is a feature film directed by Potsy Ponciroli, starring Alan Ritchson,Ben Foster,Pablo Schreiber,Lionel Boyce,Shailene Woodley, produced by Independent Film Company/Stampede Ventures.",https://en.wikipedia.org/wiki/Motor_City_(film),https://images.unsplash.com/photo-1489599849927-2ee91cede3ba?w=500&auto=format&fit=crop&q=60
The Dink,2026,July,,"Comedy, Drama",9.1,99663,127,27122421,21081614,Josh Greenbaum,Sean Clements,"Jake Johnson,Mary Steenburgen,Andy Roddick,Chloe Fineman,Patton Oswalt,Chris Parnell,Aaron Chen,Ben Stiller,Ed Harris",Apple TV/Apple Original Films/Red Hour Films,PG-13,English,United States,"'The Dink' (2026) is a feature film directed by Josh Greenbaum, starring Jake Johnson,Mary Steenburgen,Andy Roddick,Chloe Fineman,Patton Oswalt,Chris Parnell,Aaron Chen,Ben Stiller,Ed Harris, produced by Apple TV/Apple Original Films/Red Hour Films.",https://en.wikipedia.org/wiki/The_Dink,https://images.unsplash.com/photo-1489599849927-2ee91cede3ba?w=500&auto=format&fit=crop&q=60
72 Hours,2026,July,,"Sci-Fi, Adventure",7.9,90708,157,26972436,20981624,Tim Story,"Jon Hurwitz,Hayden Schlossberg, Kevin Burrows, Matt Mider","Kevin Hart,Marcello Hernández,Mason Gooding,Kam Patterson,Ben Marshall,Teyana Taylor",Netflix/Sony Pictures/Davis Entertainment/Hartbeat Productions,PG-13,English,United States,"'72 Hours' (2026) is a feature film directed by Tim Story, starring Kevin Hart,Marcello Hernández,Mason Gooding,Kam Patterson,Ben Marshall,Teyana Taylor, produced by Netflix/Sony Pictures/Davis Entertainment/Hartbeat Productions.",https://en.wikipedia.org/wiki/72_Hours_(2026_film),https://images.unsplash.com/photo-1489599849927-2ee91cede3ba?w=500&auto=format&fit=crop&q=60
Her Private Hell,2026,July,,"Comedy, Drama",9.2,250903,137,29655501,22770334,,Esti Giordani,"Nicolas Winding Refn, Sophie Thatcher,Charles Melton,Havana Rose Liu,Kristine Froseth,Shioli Kutsuna,Aoi Yamada,Dougray Scott,Diego Calva,Hidetoshi Nishijima",Neon,PG-13,English,United States,"'Her Private Hell' (2026) is a feature film directed by acclaimed filmmakers, starring Nicolas Winding Refn, Sophie Thatcher,Charles Melton,Havana Rose Liu,Kristine Froseth,Shioli Kutsuna,Aoi Yamada,Dougray Scott,Diego Calva,Hidetoshi Nishijima, produced by Neon.",https://en.wikipedia.org/wiki/Her_Private_Hell_(2026_film),https://images.unsplash.com/photo-1489599849927-2ee91cede3ba?w=500&auto=format&fit=crop&q=60
Haunted Heist,2026,July,,"Horror, Mystery, Thriller",7.3,207720,145,43220400,12047520,Lil Rel Howery,Carl Reid,"Lil Rel Howery,Tiffany Haddish,Andrew Bachelor,Karlous Miller,Brett Gelman",Variance Films/Saban Films,R,English,United States,"'Haunted Heist' (2026) is a feature film directed by Lil Rel Howery, starring Lil Rel Howery,Tiffany Haddish,Andrew Bachelor,Karlous Miller,Brett Gelman, produced by Variance Films/Saban Films.",https://en.wikipedia.org/wiki/Haunted_Heist,https://images.unsplash.com/photo-1489599849927-2ee91cede3ba?w=500&auto=format&fit=crop&q=60
Avatar Aang: The Last Airbender,2026,July,25,"Action, Adventure, Drama, Sci-Fi",7.0,59205,160,509194275,170719195,Lauren Montgomery,"Tim Hedrick,Christopher Yost","Eric Nam,Dave Bautista,Steven Yeun,Jessica Matten,Román Zaragoza,Dionne Quan,Taika Waititi,Geraldine Viswanathan,Ronny Chieng,Ken Jeong,Dee Bradley Baker,Frieda Pinto,Ke Huy Quan",Paramount+/Paramount Pictures/Nickelodeon Movies/Avatar Studios,PG-13,English,United States,"'Avatar Aang: The Last Airbender' (2026) is a feature film directed by Lauren Montgomery, starring Eric Nam,Dave Bautista,Steven Yeun,Jessica Matten,Román Zaragoza,Dionne Quan,Taika Waititi,Geraldine Viswanathan,Ronny Chieng,Ken Jeong,Dee Bradley Baker,Frieda Pinto,Ke Huy Quan, produced by Paramount+/Paramount Pictures/Nickelodeon Movies/Avatar Studios.",https://en.wikipedia.org/wiki/Avatar_Aang:_The_Last_Airbender,https://images.unsplash.com/photo-1489599849927-2ee91cede3ba?w=500&auto=format&fit=crop&q=60
The Gentleman Thief,2026,July,28,"Action, Thriller",6.3,310802,138,30658734,23439156,Ives,Chris Sivertson,"John Travolta,Lukas Haas,Rebecca De Mornay,Sam Asghari,Quavo,DJ Khaled",Vertical,PG-13,English,United States,"'The Gentleman Thief' (2026) is a feature film directed by Ives, starring John Travolta,Lukas Haas,Rebecca De Mornay,Sam Asghari,Quavo,DJ Khaled, produced by Vertical.",https://en.wikipedia.org/wiki/The_Gentleman_Thief_(film),https://images.unsplash.com/photo-1489599849927-2ee91cede3ba?w=500&auto=format&fit=crop&q=60
The Devil's Mouth,2026,July,29,"Horror, Mystery, Thriller",8.7,263042,123,44764690,12390572,Jeff Wadlow,"Aja Gabel, Myung Joh Wesner","Kathryn Newton,Lana Condor,Gavin Casalegno,Nico Hiraga",Amazon MGM Studios/Lionsgate/Thunder Road Films,R,English,United States,"'The Devil's Mouth' (2026) is a feature film directed by Jeff Wadlow, starring Kathryn Newton,Lana Condor,Gavin Casalegno,Nico Hiraga, produced by Amazon MGM Studios/Lionsgate/Thunder Road Films.",https://en.wikipedia.org/wiki/The_Devil's_Mouth,https://images.unsplash.com/photo-1489599849927-2ee91cede3ba?w=500&auto=format&fit=crop&q=60
Above & Below,2026,July,,"Sci-Fi, Adventure",8.4,177074,141,28418958,21945972,Jesse V. Johnson,Tony Giordano,"Laura Marano,Antonio Banderas,Christina Ochoa,Timothy V. Murphy,Louis Mandylor,Jess Liaudin",Aura Entertainment / AF Films / Match Point,PG-13,English,United States,"'Above & Below' (2026) is a feature film directed by Jesse V. Johnson, starring Laura Marano,Antonio Banderas,Christina Ochoa,Timothy V. Murphy,Louis Mandylor,Jess Liaudin, produced by Aura Entertainment / AF Films / Match Point.",https://en.wikipedia.org/wiki/Above_&_Below,https://images.unsplash.com/photo-1489599849927-2ee91cede3ba?w=500&auto=format&fit=crop&q=60
Spider-Man: Brand New Day,2026,July,31,"Action, Sci-Fi, Superhero",6.4,389805,160,501787275,168126595,Destin Daniel Cretton,"Chris McKenna,Erik Sommers","Tom Holland,Zendaya,Sadie Sink,Jacob Batalon,Jon Bernthal,Florence Pugh,Tramell Tillman,Marisa Tomei,Mark Ruffalo",Columbia Pictures/Marvel Studios/Pascal Pictures,PG-13,English,United States,"'Spider-Man: Brand New Day' (2026) is a feature film directed by Destin Daniel Cretton, starring Tom Holland,Zendaya,Sadie Sink,Jacob Batalon,Jon Bernthal,Florence Pugh,Tramell Tillman,Marisa Tomei,Mark Ruffalo, produced by Columbia Pictures/Marvel Studios/Pascal Pictures.",https://en.wikipedia.org/wiki/Spider-Man:_Brand_New_Day,https://images.unsplash.com/photo-1489599849927-2ee91cede3ba?w=500&auto=format&fit=crop&q=60
I Want Your Sex,2026,July,,"Action, Adventure, Drama, History",6.7,219660,130,29132220,22421480,,Karley Sciortino,"Gregg Araki, Olivia Wilde,Cooper Hoffman,Mason Gooding,Chase Sui Wonders,Johnny Knoxville,Margaret Cho,Roxane Mesquida,Charli XCX,Daveed Diggs",Magnolia Pictures/Black Bear Pictures,PG-13,English,United States,"'I Want Your Sex' (2026) is a feature film directed by acclaimed filmmakers, starring Gregg Araki, Olivia Wilde,Cooper Hoffman,Mason Gooding,Chase Sui Wonders,Johnny Knoxville,Margaret Cho,Roxane Mesquida,Charli XCX,Daveed Diggs, produced by Magnolia Pictures/Black Bear Pictures.",https://en.wikipedia.org/wiki/I_Want_Your_Sex_(film),https://images.unsplash.com/photo-1489599849927-2ee91cede3ba?w=500&auto=format&fit=crop&q=60
Terrestrial,2026,July,,"Sci-Fi, Adventure",8.7,190805,135,28648935,22099290,Steve Pink,"Samuel Johnson, Connor Diedrich","Jermaine Fowler,James Morosini,Pauline Chalamet,Rob Yang,Brendan Hunt, Edy Modica",Aero Films,PG-13,English,United States,"'Terrestrial' (2026) is a feature film directed by Steve Pink, starring Jermaine Fowler,James Morosini,Pauline Chalamet,Rob Yang,Brendan Hunt, Edy Modica, produced by Aero Films.",https://en.wikipedia.org/wiki/Terrestrial_(film),https://images.unsplash.com/photo-1489599849927-2ee91cede3ba?w=500&auto=format&fit=crop&q=60
Soulm8te,2026,August,1,"Horror, Mystery, Thriller",8.2,117573,142,40703985,11488518,,Rafael Jordan,"Kate Dolan, Lily Sullivan,David Rysdahl,Claudia Doumit",Universal Pictures Home Entertainment/Blumhouse Productions/Atomic Monster,R,English,United States,"'Soulm8te' (2026) is a feature film directed by acclaimed filmmakers, starring Kate Dolan, Lily Sullivan,David Rysdahl,Claudia Doumit, produced by Universal Pictures Home Entertainment/Blumhouse Productions/Atomic Monster.",https://en.wikipedia.org/wiki/Soulm8te,https://images.unsplash.com/photo-1489599849927-2ee91cede3ba?w=500&auto=format&fit=crop&q=60
One Night Only,2026,August,7,"Sci-Fi, Adventure",6.4,212496,94,29012232,22341488,,Travis Braun,"Will Gluck, Monica Barbaro,Callum Turner,Maya Hawke,Julia Fox,King Princess,Ben Marshall,Ziwe,Molly Ringwald,LeVar Burton",Universal Pictures/Olive Bridge Entertainment,PG-13,English,United States,"'One Night Only' (2026) is a feature film directed by acclaimed filmmakers, starring Will Gluck, Monica Barbaro,Callum Turner,Maya Hawke,Julia Fox,King Princess,Ben Marshall,Ziwe,Molly Ringwald,LeVar Burton, produced by Universal Pictures/Olive Bridge Entertainment.",https://en.wikipedia.org/wiki/One_Night_Only_(2026_film),https://images.unsplash.com/photo-1489599849927-2ee91cede3ba?w=500&auto=format&fit=crop&q=60
Super Troopers 3,2026,August,,Comedy,9.2,257470,95,29765490,22843660,Jay Chandrasekhar,Broken Lizard,"Jay Chandrasekhar,Kevin Heffernan,Steve Lemme,Paul Soter,Erik Stolhanske,Hannah Simone,Nat Faxon,Chace Crawford,Brian Cox",Searchlight Pictures/Broken Lizard Industries,PG-13,English,United States,"'Super Troopers 3' (2026) is a feature film directed by Jay Chandrasekhar, starring Jay Chandrasekhar,Kevin Heffernan,Steve Lemme,Paul Soter,Erik Stolhanske,Hannah Simone,Nat Faxon,Chace Crawford,Brian Cox, produced by Searchlight Pictures/Broken Lizard Industries.",https://en.wikipedia.org/wiki/Super_Troopers_3,https://images.unsplash.com/photo-1489599849927-2ee91cede3ba?w=500&auto=format&fit=crop&q=60
The Last House,2026,August,,"Sci-Fi, Adventure",9.2,211501,164,28995567,22330378,Louis Leterrier,Matthew Robinson,"Greta Lee,Wagner Moura",Netflix/Chernin Entertainment/3 Arts Entertainment,PG-13,English,United States,"'The Last House' (2026) is a feature film directed by Louis Leterrier, starring Greta Lee,Wagner Moura, produced by Netflix/Chernin Entertainment/3 Arts Entertainment.",https://en.wikipedia.org/wiki/The_Last_House,https://images.unsplash.com/photo-1489599849927-2ee91cede3ba?w=500&auto=format&fit=crop&q=60
Tony,2026,August,,"Adventure, Drama",7.0,42948,142,26172516,20448344,,"Matthew Miller, Todd Bartels, Lou Howe","Matt Johnson, Dominic Sessa,Emilia Jones,Dagmara Domińczyk,Rich Sommer,Stavros Halkias,Leo Woodall,Antonio Banderas",A24,PG-13,English,United States,"'Tony' (2026) is a feature film directed by acclaimed filmmakers, starring Matt Johnson, Dominic Sessa,Emilia Jones,Dagmara Domińczyk,Rich Sommer,Stavros Halkias,Leo Woodall,Antonio Banderas, produced by A24.",https://en.wikipedia.org/wiki/Tony_(2026_film),https://images.unsplash.com/photo-1489599849927-2ee91cede3ba?w=500&auto=format&fit=crop&q=60
Ice Cream Man,2026,August,,"Romance, Drama",6.0,178865,150,28448955,21965970,,Noah Belson,"Eli Roth, Ari Millen,Benjamin Byron Davis,Karen Cliche, Dylan Hawco,Sarah Abbott",Iconic Events,PG-13,English,United States,"'Ice Cream Man' (2026) is a feature film directed by acclaimed filmmakers, starring Eli Roth, Ari Millen,Benjamin Byron Davis,Karen Cliche, Dylan Hawco,Sarah Abbott, produced by Iconic Events.",https://en.wikipedia.org/wiki/Ice_Cream_Man_(2026_film),https://images.unsplash.com/photo-1489599849927-2ee91cede3ba?w=500&auto=format&fit=crop&q=60
Late Fame,2026,August,,"Crime, Thriller",8.0,117175,140,27415725,21277150,Kent Jones,Samy Burch,"Willem Dafoe,Greta Lee,Edmund Donovan",Magnolia Pictures/Killer Films,PG-13,English,United States,"'Late Fame' (2026) is a feature film directed by Kent Jones, starring Willem Dafoe,Greta Lee,Edmund Donovan, produced by Magnolia Pictures/Killer Films.",https://en.wikipedia.org/wiki/Late_Fame,https://images.unsplash.com/photo-1489599849927-2ee91cede3ba?w=500&auto=format&fit=crop&q=60
Attack of the Killer Tomatoes: Organic Intelligence,2026,August,,"Sci-Fi, Adventure",6.9,9593,147,40687731,30125154,David Ferino,"Costa Dillon,J. Stephen Peace","John Astin,Myrna Velasco, Zachary Roozen, Noor Razooky,Dan Bakkedahl,Daniel Roebuck,  Paul Bates,Eric Allan Kramer, Samantha Bailey,David Koechner,Eric Roberts,Catherine Corcoran, David Brown, Joshua Poon,Vernee Watson,Tom Arnold",Anchor Bay Entertainment,PG-13,English,United States,"'Attack of the Killer Tomatoes: Organic Intelligence' (2026) is a feature film directed by David Ferino, starring John Astin,Myrna Velasco, Zachary Roozen, Noor Razooky,Dan Bakkedahl,Daniel Roebuck,  Paul Bates,Eric Allan Kramer, Samantha Bailey,David Koechner,Eric Roberts,Catherine Corcoran, David Brown, Joshua Poon,Vernee Watson,Tom Arnold, produced by Anchor Bay Entertainment.",https://en.wikipedia.org/wiki/Attack_of_the_Killer_Tomatoes:_Organic_Intelligence,https://images.unsplash.com/photo-1489599849927-2ee91cede3ba?w=500&auto=format&fit=crop&q=60
Olmo,2026,August,,"Sci-Fi, Adventure",8.4,39167,123,26109189,20406126,,Vanesa Garnica,"Fernando Eimbcke, Gustavo Sánchez Parra, Aivan Uttapa, Diego Olmedo, Andrea Suárez Paz, Rosa Armendariz",Greenwich Entertainment/Plan B Entertainment,PG-13,English,United States,"'Olmo' (2026) is a feature film directed by acclaimed filmmakers, starring Fernando Eimbcke, Gustavo Sánchez Parra, Aivan Uttapa, Diego Olmedo, Andrea Suárez Paz, Rosa Armendariz, produced by Greenwich Entertainment/Plan B Entertainment.",https://en.wikipedia.org/wiki/Olmo_(film),https://images.unsplash.com/photo-1489599849927-2ee91cede3ba?w=500&auto=format&fit=crop&q=60
Camp Rock 3,2026,August,13,"Romance, Drama",8.1,137075,90,27749025,21499350,Veronica Rodriguez,Eydie Faye,"Joe Jonas,Nick Jonas,Kevin Jonas,Maria Canals-Barrera,Sherry Cola,Liamani Segura,Malachi Barton,Lumi Pollack",Disney+/Disney Channel,PG-13,English,United States,"'Camp Rock 3' (2026) is a feature film directed by Veronica Rodriguez, starring Joe Jonas,Nick Jonas,Kevin Jonas,Maria Canals-Barrera,Sherry Cola,Liamani Segura,Malachi Barton,Lumi Pollack, produced by Disney+/Disney Channel.",https://en.wikipedia.org/wiki/Camp_Rock_3,https://images.unsplash.com/photo-1489599849927-2ee91cede3ba?w=500&auto=format&fit=crop&q=60
Don't Say Good Luck,2026,August,,"Drama, Thriller",8.9,283141,149,30195447,23130298,,"Laura Hankin,Jordan Horowitz","Julia Hart, Sunny Sandler,Melanie Lynskey,Max Greenfield,Jack Champion,Stephanie Beatriz,Scarlett Estevez,Jon Lovitz,Bebe Neuwirth,Steve Buscemi",Netflix/Happy Madison Productions,PG-13,English,United States,"'Don't Say Good Luck' (2026) is a feature film directed by acclaimed filmmakers, starring Julia Hart, Sunny Sandler,Melanie Lynskey,Max Greenfield,Jack Champion,Stephanie Beatriz,Scarlett Estevez,Jon Lovitz,Bebe Neuwirth,Steve Buscemi, produced by Netflix/Happy Madison Productions.",https://en.wikipedia.org/wiki/Don't_Say_Good_Luck,https://images.unsplash.com/photo-1489599849927-2ee91cede3ba?w=500&auto=format&fit=crop&q=60
All Night Wrong,2026,August,,"Adventure, Drama",6.3,231998,117,29338866,22559244,Jason James,Jason Filiatrault,"Zach Cherry,Maria Bakalova,Emily Hampshire,Tyler Labine,Ryan Beil",Voltage Pictures,PG-13,English,United States,"'All Night Wrong' (2026) is a feature film directed by Jason James, starring Zach Cherry,Maria Bakalova,Emily Hampshire,Tyler Labine,Ryan Beil, produced by Voltage Pictures.",https://en.wikipedia.org/wiki/All_Night_Wrong_(film),https://images.unsplash.com/photo-1489599849927-2ee91cede3ba?w=500&auto=format&fit=crop&q=60
Insidious: Out of the Further,2026,August,21,"Horror, Mystery, Thriller",8.6,49255,110,51358475,13855330,,David Leslie Johnson-McGoldrick,"Jacob Chase, Amelia Eve,Brandon Perea,Maisie Richardson-Sellers,Lin Shaye",Screen Gems/Stage 6 Films/Blumhouse Productions/Atomic Monster,R,English,United States,"'Insidious: Out of the Further' (2026) is a feature film directed by acclaimed filmmakers, starring Jacob Chase, Amelia Eve,Brandon Perea,Maisie Richardson-Sellers,Lin Shaye, produced by Screen Gems/Stage 6 Films/Blumhouse Productions/Atomic Monster.",https://en.wikipedia.org/wiki/Insidious:_Out_of_the_Further,https://images.unsplash.com/photo-1489599849927-2ee91cede3ba?w=500&auto=format&fit=crop&q=60
Mutiny,2026,August,,"Adventure, Drama",9.2,86728,137,26905776,20937184,Jean-François Richet,"J. P. Davis, Lindsay Michel","Jason Statham,Annabelle Wallis,Roland Møller,Jason Wong,Arnas Fedaravicius,Adrian Lester",Lionsgate/MadRiver Pictures/Punch Palace Productions,PG-13,English,United States,"'Mutiny' (2026) is a feature film directed by Jean-François Richet, starring Jason Statham,Annabelle Wallis,Roland Møller,Jason Wong,Arnas Fedaravicius,Adrian Lester, produced by Lionsgate/MadRiver Pictures/Punch Palace Productions.",https://en.wikipedia.org/wiki/Mutiny_(2026_film),https://images.unsplash.com/photo-1489599849927-2ee91cede3ba?w=500&auto=format&fit=crop&q=60
The Magic Faraway Tree,2026,August,,"Animation, Family, Comedy",7.4,352393,122,31355331,23903554,Ben Gregor,Simon Farnaby,"Andrew Garfield,Claire Foy,Nonso Anozie,Nicola Coughlan,Jessica Gunning,Jennifer Saunders,Rebecca Ferguson",Vertical/Neal Street Productions,PG-13,English,United States,"'The Magic Faraway Tree' (2026) is a feature film directed by Ben Gregor, starring Andrew Garfield,Claire Foy,Nonso Anozie,Nicola Coughlan,Jessica Gunning,Jennifer Saunders,Rebecca Ferguson, produced by Vertical/Neal Street Productions.",https://en.wikipedia.org/wiki/The_Magic_Faraway_Tree_(film),https://images.unsplash.com/photo-1489599849927-2ee91cede3ba?w=500&auto=format&fit=crop&q=60
The Last Sunrise,2026,August,26,"Sci-Fi, Adventure",9.0,257072,93,29758824,22839216,Carlson Young,Anna Klassen,"Maia Reficco, Fernando Lindez,Eva Longoria,Andrés Velencoso",Amazon MGM Studios,PG-13,English,United States,"'The Last Sunrise' (2026) is a feature film directed by Carlson Young, starring Maia Reficco, Fernando Lindez,Eva Longoria,Andrés Velencoso, produced by Amazon MGM Studios.",https://en.wikipedia.org/wiki/The_Last_Sunrise,https://images.unsplash.com/photo-1489599849927-2ee91cede3ba?w=500&auto=format&fit=crop&q=60
The Dog Stars,2026,August,28,Drama,7.8,189014,126,28618938,22079292,Ridley Scott,Mark L. Smith,"Jacob Elordi,Josh Brolin,Margaret Qualley,Allison Janney,Benedict Wong,Guy Pearce",20th Century Studios/Scott Free Productions,PG-13,English,United States,"'The Dog Stars' (2026) is a feature film directed by Ridley Scott, starring Jacob Elordi,Josh Brolin,Margaret Qualley,Allison Janney,Benedict Wong,Guy Pearce, produced by 20th Century Studios/Scott Free Productions.",https://en.wikipedia.org/wiki/The_Dog_Stars_(film),https://images.unsplash.com/photo-1489599849927-2ee91cede3ba?w=500&auto=format&fit=crop&q=60
Coyote vs. Acme,2026,August,,"Animation, Family, Adventure",6.4,225630,160,29232210,22488140,Dave Green,Samy Burch,"Will Forte,Lana Condor,Tone Bell,John Cena",Ketchup Entertainment/Warner Bros. Pictures/Warner Animation Group,PG-13,English,United States,"'Coyote vs. Acme' (2026) is a feature film directed by Dave Green, starring Will Forte,Lana Condor,Tone Bell,John Cena, produced by Ketchup Entertainment/Warner Bros. Pictures/Warner Animation Group.",https://en.wikipedia.org/wiki/Coyote_vs._Acme,https://images.unsplash.com/photo-1489599849927-2ee91cede3ba?w=500&auto=format&fit=crop&q=60
Buddy,2026,August,,"Action, Adventure, Drama, History",8.2,58470,145,26432490,20621660,,Jamie King,"Casper Kelly, Cristin Milioti,Topher Grace,Keegan-Michael Key,Michael Shannon,Patton Oswalt",Roadside Attractions/Saban Films,PG-13,English,United States,"'Buddy' (2026) is a feature film directed by acclaimed filmmakers, starring Casper Kelly, Cristin Milioti,Topher Grace,Keegan-Michael Key,Michael Shannon,Patton Oswalt, produced by Roadside Attractions/Saban Films.",https://en.wikipedia.org/wiki/Buddy_(2026_film),https://images.unsplash.com/photo-1489599849927-2ee91cede3ba?w=500&auto=format&fit=crop&q=60
The Whisper Man,2026,August,,"Action, Adventure, Drama, History",6.2,231799,116,29335533,22557022,James Ashcroft,"Ben Jacoby, Chase Palmer","Robert De Niro,Michelle Monaghan,Adam Scott,Hamish Linklater,Owen Teague,John Carroll Lynch,Michael Keaton",Netflix/AGBO,PG-13,English,United States,"'The Whisper Man' (2026) is a feature film directed by James Ashcroft, starring Robert De Niro,Michelle Monaghan,Adam Scott,Hamish Linklater,Owen Teague,John Carroll Lynch,Michael Keaton, produced by Netflix/AGBO.",https://en.wikipedia.org/wiki/The_Whisper_Man,https://images.unsplash.com/photo-1489599849927-2ee91cede3ba?w=500&auto=format&fit=crop&q=60
Legend of the White Dragon,2026,August,,"Sci-Fi, Adventure",6.6,429605,135,32648535,24765690,,"Sean Schoenke,Jason David Frank, Alex Kellerman","Aaron Schoenke, Jason David Frank, Aaron Schoenke,Mayling Ng,David Ramsey,Andrew Bachelor,Jason Faunt,Ciara Hanna,Mark Dacascos,Michael Madsen",Well Go USA Entertainment,PG-13,English,United States,"'Legend of the White Dragon' (2026) is a feature film directed by acclaimed filmmakers, starring Aaron Schoenke, Jason David Frank, Aaron Schoenke,Mayling Ng,David Ramsey,Andrew Bachelor,Jason Faunt,Ciara Hanna,Mark Dacascos,Michael Madsen, produced by Well Go USA Entertainment.",https://en.wikipedia.org/wiki/Legend_of_the_White_Dragon,https://images.unsplash.com/photo-1489599849927-2ee91cede3ba?w=500&auto=format&fit=crop&q=60
Fall 2: Deadpoint,2026,September,2,"Sci-Fi, Adventure",6.3,251699,141,29668833,22779222,Peter and Michael Spierig,"Scott Mann, Jonathan Frank","Harriet Slater,Arsema Thomas,Tom Brittney",Lionsgate/Grindstone Entertainment Group,PG-13,English,United States,"'Fall 2: Deadpoint' (2026) is a feature film directed by Peter and Michael Spierig, starring Harriet Slater,Arsema Thomas,Tom Brittney, produced by Lionsgate/Grindstone Entertainment Group.",https://en.wikipedia.org/wiki/Fall_2:_Deadpoint,https://images.unsplash.com/photo-1489599849927-2ee91cede3ba?w=500&auto=format&fit=crop&q=60
By Any Means,2026,September,4,"Sci-Fi, Adventure",6.4,166527,163,28242309,21828206,Elegance Bratton,Sascha Penn,"Mark Wahlberg,Yahya Abdul-Mateen II,Nicole Beharie,Giancarlo Esposito,Josh Lucas,David Strathairn,Ethan Embry,LisaGay Hamilton,LaChanze",Paramount Pictures/Hammerstone Studios/Thunder Road,PG-13,English,United States,"'By Any Means' (2026) is a feature film directed by Elegance Bratton, starring Mark Wahlberg,Yahya Abdul-Mateen II,Nicole Beharie,Giancarlo Esposito,Josh Lucas,David Strathairn,Ethan Embry,LisaGay Hamilton,LaChanze, produced by Paramount Pictures/Hammerstone Studios/Thunder Road.",https://en.wikipedia.org/wiki/By_Any_Means_(2026_film),https://images.unsplash.com/photo-1489599849927-2ee91cede3ba?w=500&auto=format&fit=crop&q=60
Onslaught,2026,September,,"Action, Adventure, Drama, History",6.5,147025,140,27915675,21610450,Adam Wingard,Simon Barrett,"Adria Arjona,Dan Stevens,Eric Wareheim,Reginald VelJohnson,Michael Biehn,Alex Pereira,Drew Starkey,Rebecca Hall",A24/Lyrical Media,PG-13,English,United States,"'Onslaught' (2026) is a feature film directed by Adam Wingard, starring Adria Arjona,Dan Stevens,Eric Wareheim,Reginald VelJohnson,Michael Biehn,Alex Pereira,Drew Starkey,Rebecca Hall, produced by A24/Lyrical Media.",https://en.wikipedia.org/wiki/Onslaught_(film),https://images.unsplash.com/photo-1489599849927-2ee91cede3ba?w=500&auto=format&fit=crop&q=60
Virginia Woolf's Night and Day,2026,September,,"Action, Adventure, Drama, History",9.2,50449,116,33835083,25556722,Tina Gharavi,Justine Waddell,"Haley Bennett,Timothy Spall,Elyas M'Barek,Lily Allen,Jack Whitehall,Jennifer Saunders,Sally Phillips, John Edward Miller IV",Quiver Distribution,PG-13,English,United States,"'Virginia Woolf's Night and Day' (2026) is a feature film directed by Tina Gharavi, starring Haley Bennett,Timothy Spall,Elyas M'Barek,Lily Allen,Jack Whitehall,Jennifer Saunders,Sally Phillips, John Edward Miller IV, produced by Quiver Distribution.",https://en.wikipedia.org/wiki/Virginia_Woolf's_Night_and_Day,https://images.unsplash.com/photo-1489599849927-2ee91cede3ba?w=500&auto=format&fit=crop&q=60
Practical Magic 2,2026,September,11,"Action, Adventure, Drama, History",6.5,258664,101,29785488,22856992,Susanne Bier,"Akiva Goldsman,Georgia Pritchett","Sandra Bullock,Nicole Kidman,Joey King,Lee Pace,Maisie Williams,Xolo Maridueña,Solly McLeod,Stockard Channing,Dianne Wiest",Warner Bros. Pictures/Alcon Entertainment/Fortis Films/Blossom Films,PG-13,English,United States,"'Practical Magic 2' (2026) is a feature film directed by Susanne Bier, starring Sandra Bullock,Nicole Kidman,Joey King,Lee Pace,Maisie Williams,Xolo Maridueña,Solly McLeod,Stockard Channing,Dianne Wiest, produced by Warner Bros. Pictures/Alcon Entertainment/Fortis Films/Blossom Films.",https://en.wikipedia.org/wiki/Practical_Magic_2,https://images.unsplash.com/photo-1489599849927-2ee91cede3ba?w=500&auto=format&fit=crop&q=60
Runner,2026,September,,Comedy,8.0,84340,125,26865780,20910520,Scott Waugh,Miles Hubley and Tommy White,"Alan Ritchson,Owen Wilson,Rodrigo Santoro,Leila George,Adriana Barraza,Sullivan Stapleton,Peta Sergeant,Geraldine Hakewill",Angel Studios,PG-13,English,United States,"'Runner' (2026) is a feature film directed by Scott Waugh, starring Alan Ritchson,Owen Wilson,Rodrigo Santoro,Leila George,Adriana Barraza,Sullivan Stapleton,Peta Sergeant,Geraldine Hakewill, produced by Angel Studios.",https://en.wikipedia.org/wiki/Runner_(2026_American_film),https://images.unsplash.com/photo-1489599849927-2ee91cede3ba?w=500&auto=format&fit=crop&q=60
The Fix,2026,September,,"Sci-Fi, Adventure",6.2,80758,107,26805786,20870524,,Mark Bacci,"Guy Moshe, Liam Neeson,Zachary Levi,Annet Mahendru,Grant Harvey,Augusto Aguilera,Elnaaz Norouzi",Inaugural Entertainment / Astral Future,PG-13,English,United States,"'The Fix' (2026) is a feature film directed by acclaimed filmmakers, starring Guy Moshe, Liam Neeson,Zachary Levi,Annet Mahendru,Grant Harvey,Augusto Aguilera,Elnaaz Norouzi, produced by Inaugural Entertainment / Astral Future.",https://en.wikipedia.org/wiki/The_Fix_(2026_film),https://images.unsplash.com/photo-1489599849927-2ee91cede3ba?w=500&auto=format&fit=crop&q=60
Don't Move,2026,September,,"Sci-Fi, Adventure",6.5,133891,149,27695697,21463798,,"James Murray, Darren Wearmouth","Maclain Nelson, Lyndsy Fonseca,Russ,Tom Cavanagh,Hunter King",Impractical Studios / Redline Entertainment,PG-13,English,United States,"'Don't Move' (2026) is a feature film directed by acclaimed filmmakers, starring Maclain Nelson, Lyndsy Fonseca,Russ,Tom Cavanagh,Hunter King, produced by Impractical Studios / Redline Entertainment.",https://en.wikipedia.org/wiki/Don%27t_Move,https://images.unsplash.com/photo-1489599849927-2ee91cede3ba?w=500&auto=format&fit=crop&q=60
Resident Evil,2026,September,18,"Horror, Mystery, Thriller",8.1,209312,153,43264840,12057392,,Shay Hatten,"Zach Cregger, Austin Abrams,Zach Cherry,Kali Reis,Paul Walter Hauser",Columbia Pictures/Constantin Film/Davis Films/Vertigo Entertainment/PlayStation Productions,R,English,United States,"'Resident Evil' (2026) is a feature film directed by acclaimed filmmakers, starring Zach Cregger, Austin Abrams,Zach Cherry,Kali Reis,Paul Walter Hauser, produced by Columbia Pictures/Constantin Film/Davis Films/Vertigo Entertainment/PlayStation Productions.",https://en.wikipedia.org/wiki/Resident_Evil_(2026_film),https://images.unsplash.com/photo-1489599849927-2ee91cede3ba?w=500&auto=format&fit=crop&q=60
The Weight,2026,September,,"Animation, Family, Adventure",8.6,144637,128,27875679,21583786,Padraic McKinley,"Shelby Gaines, Matthew Chapman, Matthew Booi","Ethan Hawke,Russell Crowe,Julia Jones,Austin Amelio",Vertical,PG-13,English,United States,"'The Weight' (2026) is a feature film directed by Padraic McKinley, starring Ethan Hawke,Russell Crowe,Julia Jones,Austin Amelio, produced by Vertical.",https://en.wikipedia.org/wiki/The_Weight_(2026_film),https://images.unsplash.com/photo-1489599849927-2ee91cede3ba?w=500&auto=format&fit=crop&q=60
Best of the Best,2026,September,,"Sci-Fi, Adventure",8.0,241948,92,29505516,22670344,Lena Khan,"Hasan Minhaj, Prashanth Venkataramanujam","Maitreyi Ramakrishnan, Priyanka Kedia, Hasan Minhaj,Saara Chaudry,Lilly Singh,Janina Gavankar",Netflix/Rideback,PG-13,English,United States,"'Best of the Best' (2026) is a feature film directed by Lena Khan, starring Maitreyi Ramakrishnan, Priyanka Kedia, Hasan Minhaj,Saara Chaudry,Lilly Singh,Janina Gavankar, produced by Netflix/Rideback.",https://en.wikipedia.org/wiki/Best_of_the_Best,https://images.unsplash.com/photo-1489599849927-2ee91cede3ba?w=500&auto=format&fit=crop&q=60
The Musical,2026,September,,"Sci-Fi, Adventure",8.9,164935,155,28215645,21810430,Giselle Bonilla,Alexander Heller,"Will Brill,Gillian Jacobs,Rob Lowe",Blue Harbor Entertainment /Variance Films,PG-13,English,United States,"'The Musical' (2026) is a feature film directed by Giselle Bonilla, starring Will Brill,Gillian Jacobs,Rob Lowe, produced by Blue Harbor Entertainment /Variance Films.",https://en.wikipedia.org/wiki/The_Musical_(2026_film),https://images.unsplash.com/photo-1489599849927-2ee91cede3ba?w=500&auto=format&fit=crop&q=60
Last Train to Fortune,2026,September,,"Sci-Fi, Adventure",6.9,351398,117,31338666,23892444,Adam Rifkin,Michele Rifkin,"Malcolm McDowell,James Paxton,Mary Steenburgen,Bernadette Peters,Laura Marano",TriCoast Worldwide / Vitagraph Films,PG-13,English,United States,"'Last Train to Fortune' (2026) is a feature film directed by Adam Rifkin, starring Malcolm McDowell,James Paxton,Mary Steenburgen,Bernadette Peters,Laura Marano, produced by TriCoast Worldwide / Vitagraph Films.",https://en.wikipedia.org/wiki/Last_Train_to_Fortune,https://images.unsplash.com/photo-1489599849927-2ee91cede3ba?w=500&auto=format&fit=crop&q=60
The Love Hypothesis,2026,September,23,"Sci-Fi, Adventure",8.9,322543,122,30855381,23570254,Claire Scanlon,Sarah Rothschild,"Lili Reinhart,Tom Bateman,Rachel Marsh,Jaboukie Young-White,Arty Froushan",Amazon MGM Studios/MRC,PG-13,English,United States,"'The Love Hypothesis' (2026) is a feature film directed by Claire Scanlon, starring Lili Reinhart,Tom Bateman,Rachel Marsh,Jaboukie Young-White,Arty Froushan, produced by Amazon MGM Studios/MRC.",https://en.wikipedia.org/wiki/The_Love_Hypothesis_(film),https://images.unsplash.com/photo-1489599849927-2ee91cede3ba?w=500&auto=format&fit=crop&q=60
Heart of the Beast,2026,September,,"Sci-Fi, Adventure",8.1,281549,141,30168783,23112522,David Ayer,Cameron Alexander,"Brad Pitt,J. K. Simmons,Anna Lambe",Paramount Pictures/Temple Hill Entertainment,PG-13,English,United States,"'Heart of the Beast' (2026) is a feature film directed by David Ayer, starring Brad Pitt,J. K. Simmons,Anna Lambe, produced by Paramount Pictures/Temple Hill Entertainment.",https://en.wikipedia.org/wiki/Heart_of_the_Beast,https://images.unsplash.com/photo-1489599849927-2ee91cede3ba?w=500&auto=format&fit=crop&q=60
Primetime,2026,September,,"Musical, Drama",8.9,145234,131,27885678,21590452,Lance Oppenheim,Ajon Singh,"Robert Pattinson,Merritt Wever,Skyler Gisondo,Matthew Maher,Bokeem Woodbine,Anna Faris",A24/Square Peg,PG-13,English,United States,"'Primetime' (2026) is a feature film directed by Lance Oppenheim, starring Robert Pattinson,Merritt Wever,Skyler Gisondo,Matthew Maher,Bokeem Woodbine,Anna Faris, produced by A24/Square Peg.",https://en.wikipedia.org/wiki/Primetime_(2026_film),https://images.unsplash.com/photo-1489599849927-2ee91cede3ba?w=500&auto=format&fit=crop&q=60
Unabomber,2026,September,,"Sci-Fi, Adventure",7.2,141851,114,27829017,21552678,Janus Metz,"Sam Chalsen, Nelson Greaves","Jacob Tremblay,Russell Crowe,Shailene Woodley,Annabelle Wallis,Alexander Ludwig,Steven Ogg,Marc Menchaca",Netflix/2.0 Entertainment/MRC,PG-13,English,United States,"'Unabomber' (2026) is a feature film directed by Janus Metz, starring Jacob Tremblay,Russell Crowe,Shailene Woodley,Annabelle Wallis,Alexander Ludwig,Steven Ogg,Marc Menchaca, produced by Netflix/2.0 Entertainment/MRC.",https://en.wikipedia.org/wiki/Unabomber_(film),https://images.unsplash.com/photo-1489599849927-2ee91cede3ba?w=500&auto=format&fit=crop&q=60
Charlie Harper,2026,September,,"Sci-Fi, Adventure",9.1,224436,154,29212212,22474808,Mac Eldridge,,"Tom Dean, Emilia Jones,Nick Robinson,Nicholas Cirillo",Row K Entertainment/Temple Hill Entertainment,PG-13,English,United States,"'Charlie Harper' (2026) is a feature film directed by Mac Eldridge, starring Tom Dean, Emilia Jones,Nick Robinson,Nicholas Cirillo, produced by Row K Entertainment/Temple Hill Entertainment.",https://en.wikipedia.org/wiki/Charlie_Harper_(film),https://images.unsplash.com/photo-1489599849927-2ee91cede3ba?w=500&auto=format&fit=crop&q=60
"Ha-Chan, Shake Your Booty!",2026,September,,"Drama, Thriller",7.5,398561,129,32128587,24419058,,Nicholas Huynh,"Josef Kubota Wladyka, Rinko Kikuchi,Alberto Guerra,Alejandro Edda,You,Damián Alcázar",Sony Pictures Classics,PG-13,English,United States,"'Ha-Chan, Shake Your Booty!' (2026) is a feature film directed by acclaimed filmmakers, starring Josef Kubota Wladyka, Rinko Kikuchi,Alberto Guerra,Alejandro Edda,You,Damián Alcázar, produced by Sony Pictures Classics.","https://en.wikipedia.org/wiki/Ha-Chan,_Shake_Your_Booty!",https://images.unsplash.com/photo-1489599849927-2ee91cede3ba?w=500&auto=format&fit=crop&q=60
April X,2026,September,,Comedy,7.0,82350,115,26832450,20888300,,Jack Coulton,"Michel K. Parandi, Lily Krug,Connor Storrie,Tudor Chirilă",Rialto Pictures/ Lavi Star / Redflyingfox,PG-13,English,United States,"'April X' (2026) is a feature film directed by acclaimed filmmakers, starring Michel K. Parandi, Lily Krug,Connor Storrie,Tudor Chirilă, produced by Rialto Pictures/ Lavi Star / Redflyingfox.",https://en.wikipedia.org/wiki/April_X,https://images.unsplash.com/photo-1489599849927-2ee91cede3ba?w=500&auto=format&fit=crop&q=60
The Deputy,2026,September,,"Sci-Fi, Adventure",7.2,148418,147,27939006,21626004,Matt Sukkar,Carlo Bernard,"Duke Nicholson,Stephen Dorff,Tiffany Haddish,Billie Lourd,Colleen Camp,Julia Fox,Daniel Diemer,William H. Macy",Well Go USA Entertainment,PG-13,English,United States,"'The Deputy' (2026) is a feature film directed by Matt Sukkar, starring Duke Nicholson,Stephen Dorff,Tiffany Haddish,Billie Lourd,Colleen Camp,Julia Fox,Daniel Diemer,William H. Macy, produced by Well Go USA Entertainment.",https://en.wikipedia.org/wiki/The_Deputy,https://images.unsplash.com/photo-1489599849927-2ee91cede3ba?w=500&auto=format&fit=crop&q=60
Digger,2026,October,2,"Action, Adventure, Drama, History",7.3,76380,160,26732460,20821640,,"Sabina Berman,Alexander Dinelaris Jr.,Nicolás Giacobone","Alejandro González Iñárritu, Tom Cruise,Riz Ahmed,John Goodman,Sandra Hüller,Michael Stuhlbarg,Jesse Plemons",Warner Bros. Pictures/Legendary Pictures/TC Productions,PG-13,English,United States,"'Digger' (2026) is a feature film directed by acclaimed filmmakers, starring Alejandro González Iñárritu, Tom Cruise,Riz Ahmed,John Goodman,Sandra Hüller,Michael Stuhlbarg,Jesse Plemons, produced by Warner Bros. Pictures/Legendary Pictures/TC Productions.",https://en.wikipedia.org/wiki/Digger_(2026_film),https://images.unsplash.com/photo-1489599849927-2ee91cede3ba?w=500&auto=format&fit=crop&q=60
Verity,2026,October,,Drama,8.9,86131,134,26895777,20930518,Michael Showalter,Nick Antosca,"Anne Hathaway,Dakota Johnson,Josh Hartnett,Ismael Cruz Córdova, Brady Wagner",Metro-Goldwyn-Mayer/Shiny Penny Productions,PG-13,English,United States,"'Verity' (2026) is a feature film directed by Michael Showalter, starring Anne Hathaway,Dakota Johnson,Josh Hartnett,Ismael Cruz Córdova, Brady Wagner, produced by Metro-Goldwyn-Mayer/Shiny Penny Productions.",https://en.wikipedia.org/wiki/Verity_(film),https://images.unsplash.com/photo-1489599849927-2ee91cede3ba?w=500&auto=format&fit=crop&q=60
California Schemin',2026,October,,"Sci-Fi, Adventure",8.9,315976,164,30745392,23496928,James McAvoy,"Elaine Gracie, Archie Thomson","Séamus McLean Ross,Samuel Bottomley,Lucy Halliday, Rebekah Murrell, James McAvoy",Magenta Light Studios,PG-13,English,United States,"'California Schemin'' (2026) is a feature film directed by James McAvoy, starring Séamus McLean Ross,Samuel Bottomley,Lucy Halliday, Rebekah Murrell, James McAvoy, produced by Magenta Light Studios.",https://en.wikipedia.org/wiki/California_Schemin',https://images.unsplash.com/photo-1489599849927-2ee91cede3ba?w=500&auto=format&fit=crop&q=60
Crawlers,2026,October,,"Action, Adventure, Drama, History",8.3,124339,101,27535713,21357142,Angel Gómez Hernandez,Jayson Rothwell,"Matilda Lutz,Gregg Sulkin,Melina Matthews,William Miller",Roadside Attractions/Saban Films/Thunder Road Films,PG-13,English,United States,"'Crawlers' (2026) is a feature film directed by Angel Gómez Hernandez, starring Matilda Lutz,Gregg Sulkin,Melina Matthews,William Miller, produced by Roadside Attractions/Saban Films/Thunder Road Films.",https://en.wikipedia.org/wiki/Crawlers,https://images.unsplash.com/photo-1489599849927-2ee91cede3ba?w=500&auto=format&fit=crop&q=60
Nickels,2026,October,,"Sci-Fi, Adventure",6.0,100061,129,27129087,21086058,Spencer King,Tim Tuchrello,"Rob Riggle,Elizabeth Tulloch,Odessa A'zion,Tom Arnold,Rebecca Gayheart,Vinessa Shaw",Briarcliff Entertainment,PG-13,English,United States,"'Nickels' (2026) is a feature film directed by Spencer King, starring Rob Riggle,Elizabeth Tulloch,Odessa A'zion,Tom Arnold,Rebecca Gayheart,Vinessa Shaw, produced by Briarcliff Entertainment.",https://en.wikipedia.org/wiki/Nickels,https://images.unsplash.com/photo-1489599849927-2ee91cede3ba?w=500&auto=format&fit=crop&q=60
Love of Your Life,2026,October,7,"Action, Adventure, Drama, History",8.5,262644,121,29852148,22901432,Rachel Morrison,Julia Cox,"Margaret Qualley,Patrick Schwarzenegger,Aaron Pierre,Gabriel Basso,Catherine Keener",Amazon MGM Studios/Open Invite Entertainment,PG-13,English,United States,"'Love of Your Life' (2026) is a feature film directed by Rachel Morrison, starring Margaret Qualley,Patrick Schwarzenegger,Aaron Pierre,Gabriel Basso,Catherine Keener, produced by Amazon MGM Studios/Open Invite Entertainment.",https://en.wikipedia.org/wiki/Love_of_Your_Life_(film),https://images.unsplash.com/photo-1489599849927-2ee91cede3ba?w=500&auto=format&fit=crop&q=60
Other Mommy,2026,October,,"Horror, Mystery, Thriller",9.0,171701,114,42214945,11824166,Rob Savage,Nathan Elston,"Jessica Chastain,Jay Duplass, Arabella Olivia Clark,Dichen Lachman,Arian Moayed,Karen Allen",Universal Pictures/Blumhouse Productions/Atomic Monster,R,English,United States,"'Other Mommy' (2026) is a feature film directed by Rob Savage, starring Jessica Chastain,Jay Duplass, Arabella Olivia Clark,Dichen Lachman,Arian Moayed,Karen Allen, produced by Universal Pictures/Blumhouse Productions/Atomic Monster.",https://en.wikipedia.org/wiki/Other_Mommy,https://images.unsplash.com/photo-1489599849927-2ee91cede3ba?w=500&auto=format&fit=crop&q=60
Tenzing,2026,October,,"Horror, Mystery, Thriller",8.2,104439,151,40337355,11407074,Jennifer Peedom,Luke Davies,"Genden Phuntsok,Tom Hiddleston,Willem Dafoe,Caitríona Balfe",Apple Original Films/Apple Studios/See-Saw Films,R,English,United States,"'Tenzing' (2026) is a feature film directed by Jennifer Peedom, starring Genden Phuntsok,Tom Hiddleston,Willem Dafoe,Caitríona Balfe, produced by Apple Original Films/Apple Studios/See-Saw Films.",https://en.wikipedia.org/wiki/Tenzing_(film),https://images.unsplash.com/photo-1489599849927-2ee91cede3ba?w=500&auto=format&fit=crop&q=60
Matchbox: The Movie,2026,October,,"Sci-Fi, Adventure",6.9,305429,111,30568743,23379162,Sam Hargrave,"David Coggeshall,Jonathan Tropper","John Cena,Jessica Biel,Sam Richardson,Arturo Castro,Teyonah Parris,Randeep Hooda,Danai Gurira,Corey Stoll,Golshifteh Farahani,Bill Camp",Apple TV/Apple Studios/Skydance Media/Mattel Studios,PG-13,English,United States,"'Matchbox: The Movie' (2026) is a feature film directed by Sam Hargrave, starring John Cena,Jessica Biel,Sam Richardson,Arturo Castro,Teyonah Parris,Randeep Hooda,Danai Gurira,Corey Stoll,Golshifteh Farahani,Bill Camp, produced by Apple TV/Apple Studios/Skydance Media/Mattel Studios.",https://en.wikipedia.org/wiki/Matchbox:_The_Movie,https://images.unsplash.com/photo-1489599849927-2ee91cede3ba?w=500&auto=format&fit=crop&q=60
Angel and the Badman,2026,October,,Drama,8.1,314384,156,30718728,23479152,Julio Quintana,,"Zachary Levi,Neal McDonough,Tommy Lee Jones",Angel Studios,PG-13,English,United States,"'Angel and the Badman' (2026) is a feature film directed by Julio Quintana, starring Zachary Levi,Neal McDonough,Tommy Lee Jones, produced by Angel Studios.",https://en.wikipedia.org/wiki/Angel_and_the_Badman,https://images.unsplash.com/photo-1489599849927-2ee91cede3ba?w=500&auto=format&fit=crop&q=60
Street Fighter,2026,October,16,"Sci-Fi, Adventure",6.3,231998,117,29338866,22559244,Kitao Sakurai,Dalan Musson,"Noah Centineo,Andrew Koji,Callina Liang,Roman Reigns,David Dastmalchian,Cody Rhodes,Andrew Schulz,Vidyut Jammwal,Eric André,Orville Peck,Curtis ""50 Cent"" Jackson,Jason Momoa",Paramount Pictures/Legendary Pictures/Capcom,PG-13,English,United States,"'Street Fighter' (2026) is a feature film directed by Kitao Sakurai, starring Noah Centineo,Andrew Koji,Callina Liang,Roman Reigns,David Dastmalchian,Cody Rhodes,Andrew Schulz,Vidyut Jammwal,Eric André,Orville Peck,Curtis ""50 Cent"" Jackson,Jason Momoa, produced by Paramount Pictures/Legendary Pictures/Capcom.",https://en.wikipedia.org/wiki/Street_Fighter_(2026_film),https://images.unsplash.com/photo-1489599849927-2ee91cede3ba?w=500&auto=format&fit=crop&q=60
Whalefall,2026,October,,"Sci-Fi, Adventure",6.1,139662,103,27792354,21528236,,Daniel Kraus,"Brian Duffield, Austin Abrams,Josh Brolin,Elisabeth Shue,John Ortiz,Jane Levy,Emily Rudd",20th Century Studios/Imagine Entertainment/3 Arts Entertainment,PG-13,English,United States,"'Whalefall' (2026) is a feature film directed by acclaimed filmmakers, starring Brian Duffield, Austin Abrams,Josh Brolin,Elisabeth Shue,John Ortiz,Jane Levy,Emily Rudd, produced by 20th Century Studios/Imagine Entertainment/3 Arts Entertainment.",https://en.wikipedia.org/wiki/Whalefall_(film),https://images.unsplash.com/photo-1489599849927-2ee91cede3ba?w=500&auto=format&fit=crop&q=60
Sense and Sensibility,2026,October,,"Sci-Fi, Adventure",7.5,365726,114,31578642,24052428,Georgia Oakley,Diana Reid,"Daisy Edgar-Jones,Esmé Creed-Miles,Caitríona Balfe,Frank Dillane,George MacKay,Fiona Shaw",Focus Features/Working Title Films,PG-13,English,United States,"'Sense and Sensibility' (2026) is a feature film directed by Georgia Oakley, starring Daisy Edgar-Jones,Esmé Creed-Miles,Caitríona Balfe,Frank Dillane,George MacKay,Fiona Shaw, produced by Focus Features/Working Title Films.",https://en.wikipedia.org/wiki/Sense_and_Sensibility_(2026_film),https://images.unsplash.com/photo-1489599849927-2ee91cede3ba?w=500&auto=format&fit=crop&q=60
Clayface,2026,October,23,"Action, Sci-Fi, Superhero",7.3,115782,133,27392394,21261596,James Watkins,"Mike Flanagan,Hossein Amini","Tom Rhys Harries,Naomi Ackie,David Dencik,Max Minghella,Eddie Marsan",Warner Bros. Pictures/DC Studios/6th & Idaho Productions,PG-13,English,United States,"'Clayface' (2026) is a feature film directed by James Watkins, starring Tom Rhys Harries,Naomi Ackie,David Dencik,Max Minghella,Eddie Marsan, produced by Warner Bros. Pictures/DC Studios/6th & Idaho Productions.",https://en.wikipedia.org/wiki/Clayface_(film),https://images.unsplash.com/photo-1489599849927-2ee91cede3ba?w=500&auto=format&fit=crop&q=60
Klara and the Sun,2026,October,,"Sci-Fi, Adventure",8.0,261649,116,29835483,22890322,,Dahvi Waller,"Taika Waititi, Jenna Ortega,Amy Adams,Mia Tharia, Aran Murphy,Steve Buscemi,Natasha Lyonne",Columbia Pictures/3000 Pictures/Spyglass Media Group/Heyday Films/Piki Films,PG-13,English,United States,"'Klara and the Sun' (2026) is a feature film directed by acclaimed filmmakers, starring Taika Waititi, Jenna Ortega,Amy Adams,Mia Tharia, Aran Murphy,Steve Buscemi,Natasha Lyonne, produced by Columbia Pictures/3000 Pictures/Spyglass Media Group/Heyday Films/Piki Films.",https://en.wikipedia.org/wiki/Klara_and_the_Sun_(film),https://images.unsplash.com/photo-1489599849927-2ee91cede3ba?w=500&auto=format&fit=crop&q=60
Wildwood,2026,October,,"Sci-Fi, Adventure",8.9,125533,107,27555711,21370474,Travis Knight,Chris Butler,"Carey Mulligan,Mahershala Ali,Peyton Elizabeth Lee,Jacob Tremblay,Awkwafina,Angela Bassett,Jake Johnson,Charlie Day,Amandla Stenberg,Jemaine Clement,Maya Erskine,Tantoo Cardinal,Tom Waits,Richard E. Grant",Fathom Entertainment/Laika,PG-13,English,United States,"'Wildwood' (2026) is a feature film directed by Travis Knight, starring Carey Mulligan,Mahershala Ali,Peyton Elizabeth Lee,Jacob Tremblay,Awkwafina,Angela Bassett,Jake Johnson,Charlie Day,Amandla Stenberg,Jemaine Clement,Maya Erskine,Tantoo Cardinal,Tom Waits,Richard E. Grant, produced by Fathom Entertainment/Laika.",https://en.wikipedia.org/wiki/Wildwood_(film),https://images.unsplash.com/photo-1489599849927-2ee91cede3ba?w=500&auto=format&fit=crop&q=60
Possible Love,2026,October,,"Romance, Drama",9.0,211103,162,28988901,22325934,,Oh Jung-mi,"Lee Chang-dong, Jeon Do-yeon,Sul Kyung-gu,Zo In-sung,Cho Yeo-jeong",Netflix/Anonymous Content,PG-13,English,United States,"'Possible Love' (2026) is a feature film directed by acclaimed filmmakers, starring Lee Chang-dong, Jeon Do-yeon,Sul Kyung-gu,Zo In-sung,Cho Yeo-jeong, produced by Netflix/Anonymous Content.",https://en.wikipedia.org/wiki/Possible_Love,https://images.unsplash.com/photo-1489599849927-2ee91cede3ba?w=500&auto=format&fit=crop&q=60
A Talent for Murder,2026,October,,"Sci-Fi, Adventure",8.4,301847,93,30508749,23339166,Anton Corbijn,Joanna Murray-Smith,"Helen Mirren,Alden Ehrenreich,Olivia Cooke,Juliet Stevenson",Bleecker Street/LD Entertainment,PG-13,English,United States,"'A Talent for Murder' (2026) is a feature film directed by Anton Corbijn, starring Helen Mirren,Alden Ehrenreich,Olivia Cooke,Juliet Stevenson, produced by Bleecker Street/LD Entertainment.",https://en.wikipedia.org/wiki/A_Talent_for_Murder_(2026_film),https://images.unsplash.com/photo-1489599849927-2ee91cede3ba?w=500&auto=format&fit=crop&q=60
Christmas at the Kringles,2026,October,30,"Sci-Fi, Adventure",6.7,436371,94,32761857,24841238,Kevin Lewis,Zack Imbrogno,"Ron Livingston,Rachel Bilson,Rob Riggle,Thomas Lennon,Arden Myrin,Donald Faison,Beverly D'Angelo,David Wain, Alexis Kemp, Zeke Jones",Briarcliff Entertainment,PG-13,English,United States,"'Christmas at the Kringles' (2026) is a feature film directed by Kevin Lewis, starring Ron Livingston,Rachel Bilson,Rob Riggle,Thomas Lennon,Arden Myrin,Donald Faison,Beverly D'Angelo,David Wain, Alexis Kemp, Zeke Jones, produced by Briarcliff Entertainment.",https://en.wikipedia.org/wiki/Christmas_at_the_Kringles,https://images.unsplash.com/photo-1489599849927-2ee91cede3ba?w=500&auto=format&fit=crop&q=60
The Mongoose,2026,October,,Drama,7.8,189014,126,28618938,22079292,Mark Vanselow,Thompson Evans,"Liam Neeson,Marisa Tomei,Ving Rhames,Michael Chiklis",Samuel Goldwyn Films,PG-13,English,United States,"'The Mongoose' (2026) is a feature film directed by Mark Vanselow, starring Liam Neeson,Marisa Tomei,Ving Rhames,Michael Chiklis, produced by Samuel Goldwyn Films.",https://en.wikipedia.org/wiki/The_Mongoose_(film),https://images.unsplash.com/photo-1489599849927-2ee91cede3ba?w=500&auto=format&fit=crop&q=60
Stiletto,2026,October,,"Horror, Mystery, Thriller",7.1,128518,122,41009510,11556388,,Eli Roth,"Samuel Gonzales Jr., Gigi Gustin,Charlotte McKinney,Colleen Camp, Meghan Carrasquillo,Stephen Blackehart",The Horror Section,R,English,United States,"'Stiletto' (2026) is a feature film directed by acclaimed filmmakers, starring Samuel Gonzales Jr., Gigi Gustin,Charlotte McKinney,Colleen Camp, Meghan Carrasquillo,Stephen Blackehart, produced by The Horror Section.",https://en.wikipedia.org/wiki/Stiletto_(2026_film),https://images.unsplash.com/photo-1489599849927-2ee91cede3ba?w=500&auto=format&fit=crop&q=60
Ghost Soldier,2026,November,,"Horror, Mystery, Thriller",9.0,211103,162,43314835,12068498,William Eubank,"Chris Papasadero,Randall Wallace","Jim Caviezel,Olivia Thirlby,Garret Dillahunt,Shea Whigham",Columbia Pictures/Mandalay Pictures,R,English,United States,"'Ghost Soldier' (2026) is a feature film directed by William Eubank, starring Jim Caviezel,Olivia Thirlby,Garret Dillahunt,Shea Whigham, produced by Columbia Pictures/Mandalay Pictures.",https://en.wikipedia.org/wiki/Ghost_Soldier_(film),https://images.unsplash.com/photo-1489599849927-2ee91cede3ba?w=500&auto=format&fit=crop&q=60
I Play Rocky,2026,November,,"Sci-Fi, Adventure",8.0,169711,104,28295637,21863758,Peter Farrelly,Peter Gamble,"Anthony Ippolito,Stephan James,AnnaSophia Robb,Matt Dillon,P. J. Byrne,Toby Kebbell,Tracy Letts,Jay Duplass,Robert Morgan",Metro-Goldwyn-Mayer/FilmNation Entertainment,PG-13,English,United States,"'I Play Rocky' (2026) is a feature film directed by Peter Farrelly, starring Anthony Ippolito,Stephan James,AnnaSophia Robb,Matt Dillon,P. J. Byrne,Toby Kebbell,Tracy Letts,Jay Duplass,Robert Morgan, produced by Metro-Goldwyn-Mayer/FilmNation Entertainment.",https://en.wikipedia.org/wiki/I_Play_Rocky,https://images.unsplash.com/photo-1489599849927-2ee91cede3ba?w=500&auto=format&fit=crop&q=60
Being Heumann,2026,November,,Drama,8.5,203541,124,28862247,22241498,,Rebekah Taussig,"Sian Heder, Ruth Madeley,Mark Ruffalo,Dylan O'Brien,Rob Delaney,Ray Fisher,Michael Patrick Thornton",Apple Original Films/Apple Studios,PG-13,English,United States,"'Being Heumann' (2026) is a feature film directed by acclaimed filmmakers, starring Sian Heder, Ruth Madeley,Mark Ruffalo,Dylan O'Brien,Rob Delaney,Ray Fisher,Michael Patrick Thornton, produced by Apple Original Films/Apple Studios.",https://en.wikipedia.org/wiki/Being_Heumann,https://images.unsplash.com/photo-1489599849927-2ee91cede3ba?w=500&auto=format&fit=crop&q=60
Jimmy,2026,November,,"Sci-Fi, Adventure",6.3,61256,159,26479152,20652768,Aaron Burns,Justin Strawhand,"KJ Apa,Kara Killmer,Neal McDonough,Max Casella,Jason Alexander,Christopher McDonald,Sarah Drew,Rob Riggle,Julian Works,Jen Lilley",Fathom Entertainment,PG-13,English,United States,"'Jimmy' (2026) is a feature film directed by Aaron Burns, starring KJ Apa,Kara Killmer,Neal McDonough,Max Casella,Jason Alexander,Christopher McDonald,Sarah Drew,Rob Riggle,Julian Works,Jen Lilley, produced by Fathom Entertainment.",https://en.wikipedia.org/wiki/Jimmy_(2026_film),https://images.unsplash.com/photo-1489599849927-2ee91cede3ba?w=500&auto=format&fit=crop&q=60
Drummer Boy,2026,November,,"Action, Thriller",7.9,169512,103,28292304,21861536,"Joel David Smallbone, Ben Smallbone",Richard L. Ramsey,"Joel David Smallbone, Lucas Leach, Beth Easdown",Angel Studios,PG-13,English,United States,"'Drummer Boy' (2026) is a feature film directed by Joel David Smallbone, Ben Smallbone, starring Joel David Smallbone, Lucas Leach, Beth Easdown, produced by Angel Studios.",https://en.wikipedia.org/wiki/Drummer_Boy,https://images.unsplash.com/photo-1489599849927-2ee91cede3ba?w=500&auto=format&fit=crop&q=60
Ebenezer,2026,November,13,"Sci-Fi, Adventure",6.4,120558,157,27472386,21314924,Ti West,Nathaniel Halpern,"Johnny Depp,Rupert Grint,Andrea Riseborough,Sam Claflin,Daisy Ridley,Arthur Conti,Ellie Bamber,Charlie Murphy,Henry Lloyd-Hughes,Tramell Tillman,Ian McKellen",Paramount Pictures,PG-13,English,United States,"'Ebenezer' (2026) is a feature film directed by Ti West, starring Johnny Depp,Rupert Grint,Andrea Riseborough,Sam Claflin,Daisy Ridley,Arthur Conti,Ellie Bamber,Charlie Murphy,Henry Lloyd-Hughes,Tramell Tillman,Ian McKellen, produced by Paramount Pictures.",https://en.wikipedia.org/wiki/Ebenezer_(2026_film),https://images.unsplash.com/photo-1489599849927-2ee91cede3ba?w=500&auto=format&fit=crop&q=60
How to Rob a Bank,2026,November,,"Horror, Mystery, Thriller",7.9,241749,91,44170305,12258534,David Leitch,Mark Bianculli,"Nicholas Hoult,Zoë Kravitz,Anna Sawai,Rhenzy Feliz,Christian Slater,Pete Davidson,John C. Reilly",Metro-Goldwyn-Mayer/Imagine Entertainment/87North Productions,R,English,United States,"'How to Rob a Bank' (2026) is a feature film directed by David Leitch, starring Nicholas Hoult,Zoë Kravitz,Anna Sawai,Rhenzy Feliz,Christian Slater,Pete Davidson,John C. Reilly, produced by Metro-Goldwyn-Mayer/Imagine Entertainment/87North Productions.",https://en.wikipedia.org/wiki/How_to_Rob_a_Bank_(2026_film),https://images.unsplash.com/photo-1489599849927-2ee91cede3ba?w=500&auto=format&fit=crop&q=60
Madden,2026,November,18,"Horror, Thriller",6.4,74589,151,39504105,11221974,,Cambron Clark,"David O. Russell, Nicolas Cage,Christian Bale,Kathryn Hahn,John Mulaney,Sienna Miller,Shane Gillis",Amazon MGM Studios/Escape Artists/Skydance Sports,R,English,United States,"'Madden' (2026) is a feature film directed by acclaimed filmmakers, starring David O. Russell, Nicolas Cage,Christian Bale,Kathryn Hahn,John Mulaney,Sienna Miller,Shane Gillis, produced by Amazon MGM Studios/Escape Artists/Skydance Sports.",https://en.wikipedia.org/wiki/Madden_(film),https://images.unsplash.com/photo-1489599849927-2ee91cede3ba?w=500&auto=format&fit=crop&q=60
The Hunger Games: Sunrise on the Reaping,2026,November,20,Drama,8.9,233728,137,36904776,27603184,Francis Lawrence,"Billy Ray,Michael Lesslie","Joseph Zada,Jesse Plemons,Elle Fanning,Kieran Culkin,Mckenna Grace,Whitney Peak,Ben Wang,Maya Hawke,Kelvin Harrison Jr.,Ralph Fiennes,Glenn Close",Lionsgate/Color Force,PG-13,English,United States,"'The Hunger Games: Sunrise on the Reaping' (2026) is a feature film directed by Francis Lawrence, starring Joseph Zada,Jesse Plemons,Elle Fanning,Kieran Culkin,Mckenna Grace,Whitney Peak,Ben Wang,Maya Hawke,Kelvin Harrison Jr.,Ralph Fiennes,Glenn Close, produced by Lionsgate/Color Force.",https://en.wikipedia.org/wiki/The_Hunger_Games:_Sunrise_on_the_Reaping,https://images.unsplash.com/photo-1489599849927-2ee91cede3ba?w=500&auto=format&fit=crop&q=60
Way of the Warrior Kid,2026,November,,"Action, Adventure, Drama, History",8.2,353985,130,31381995,23921330,McG,Will Staples,"Chris Pratt,Jude Hill,Linda Cardellini",Apple TV/Apple Studios/Skydance Media/Wonderland Sound and Vision/FilmNation Entertainment,PG-13,English,United States,"'Way of the Warrior Kid' (2026) is a feature film directed by McG, starring Chris Pratt,Jude Hill,Linda Cardellini, produced by Apple TV/Apple Studios/Skydance Media/Wonderland Sound and Vision/FilmNation Entertainment.",https://en.wikipedia.org/wiki/Way_of_the_Warrior_Kid,https://images.unsplash.com/photo-1489599849927-2ee91cede3ba?w=500&auto=format&fit=crop&q=60
Steps,2026,November,,"Animation, Family, Adventure",7.2,63047,93,26509149,20672766,"Alyce Tzue, John Ripa","Ava Tramer, James Madejski, Jen Chuck, Dana Schwartz, Felicia Ho","Ali Wong,Stephanie Hsu,Amanda Seyfried,Nikki Glaser,Daniel Radcliffe,Young Mazino,Peter Dinklage,Bette Midler",Netflix/Netflix Animation Studios/Paper Kite Productions,PG-13,English,United States,"'Steps' (2026) is a feature film directed by Alyce Tzue, John Ripa, starring Ali Wong,Stephanie Hsu,Amanda Seyfried,Nikki Glaser,Daniel Radcliffe,Young Mazino,Peter Dinklage,Bette Midler, produced by Netflix/Netflix Animation Studios/Paper Kite Productions.",https://en.wikipedia.org/wiki/Steps_(film),https://images.unsplash.com/photo-1489599849927-2ee91cede3ba?w=500&auto=format&fit=crop&q=60
Elsinore,2026,November,,"Sci-Fi, Adventure",8.1,123941,99,27529047,21352698,Simon Stone,Stephen Beresford,"Andrew Scott,Olivia Colman,Billie Piper,Johnny Flynn,Luke Thompson,Monica Dolan,Juliet Stevenson",Focus Features/StudioCanal/LD Entertainment,PG-13,English,United States,"'Elsinore' (2026) is a feature film directed by Simon Stone, starring Andrew Scott,Olivia Colman,Billie Piper,Johnny Flynn,Luke Thompson,Monica Dolan,Juliet Stevenson, produced by Focus Features/StudioCanal/LD Entertainment.",https://en.wikipedia.org/wiki/Elsinore_(film),https://images.unsplash.com/photo-1489599849927-2ee91cede3ba?w=500&auto=format&fit=crop&q=60
Hexed,2026,November,,"Animation, Family, Adventure",7.2,56480,135,26399160,20599440,"Fawn Veerasunthorn, Jason Hand",,"Hailee Steinfeld,Rashida Jones,Tracey Ullman,Stephen Fry",Walt Disney Pictures/Walt Disney Animation Studios,PG-13,English,United States,"'Hexed' (2026) is a feature film directed by Fawn Veerasunthorn, Jason Hand, starring Hailee Steinfeld,Rashida Jones,Tracey Ullman,Stephen Fry, produced by Walt Disney Pictures/Walt Disney Animation Studios.",https://en.wikipedia.org/wiki/Hexed_(2026_film),https://images.unsplash.com/photo-1489599849927-2ee91cede3ba?w=500&auto=format&fit=crop&q=60
The Adventures of Cliff Booth,2026,November,,"Sci-Fi, Adventure",7.9,41295,145,33681765,25454510,David Fincher,Quentin Tarantino,"Brad Pitt,Elizabeth Debicki,Scott Caan,Carla Gugino,Yahya Abdul-Mateen II,Peter Weller, Matt Groove,JB Tadena,Corey Fogelmanis,Karren Karagulian,Holt McCallany,Timothy Olyphant",Netflix/Plan B Entertainment/Heyday Films,PG-13,English,United States,"'The Adventures of Cliff Booth' (2026) is a feature film directed by David Fincher, starring Brad Pitt,Elizabeth Debicki,Scott Caan,Carla Gugino,Yahya Abdul-Mateen II,Peter Weller, Matt Groove,JB Tadena,Corey Fogelmanis,Karren Karagulian,Holt McCallany,Timothy Olyphant, produced by Netflix/Plan B Entertainment/Heyday Films.",https://en.wikipedia.org/wiki/The_Adventures_of_Cliff_Booth,https://images.unsplash.com/photo-1489599849927-2ee91cede3ba?w=500&auto=format&fit=crop&q=60
Hershey,2026,November,,Drama,7.5,103046,144,27179082,21119388,Mark Waters,"Sharon Paul, Timothy Michael Hayes","Finn Wittrock,Alexandra Daddario,Alan Ruck,Richard Kind,David Costabile,Heléne Yorke",Angel Studios,PG-13,English,United States,"'Hershey' (2026) is a feature film directed by Mark Waters, starring Finn Wittrock,Alexandra Daddario,Alan Ruck,Richard Kind,David Costabile,Heléne Yorke, produced by Angel Studios.",https://en.wikipedia.org/wiki/Hershey_(film),https://images.unsplash.com/photo-1489599849927-2ee91cede3ba?w=500&auto=format&fit=crop&q=60
The Man with the Bag,2026,December,2,"Action, Adventure, Drama, History",8.9,302842,98,30525414,23350276,Adam Shankman,Allan Rice,"Alan Ritchson,Arnold Schwarzenegger,Awkwafina,Michael Cyril Creighton,Liza Koshy,Kyle Mooney,Adrian Martinez,Jane Krakowski,Ken Jeong",Amazon MGM Studios/Grey Matter,PG-13,English,United States,"'The Man with the Bag' (2026) is a feature film directed by Adam Shankman, starring Alan Ritchson,Arnold Schwarzenegger,Awkwafina,Michael Cyril Creighton,Liza Koshy,Kyle Mooney,Adrian Martinez,Jane Krakowski,Ken Jeong, produced by Amazon MGM Studios/Grey Matter.",https://en.wikipedia.org/wiki/The_Man_with_the_Bag_(film),https://images.unsplash.com/photo-1489599849927-2ee91cede3ba?w=500&auto=format&fit=crop&q=60
Violent Night 2,2026,December,4,"Crime, Drama",7.7,228217,98,29275539,22517026,Tommy Wirkola,"Pat Casey,Josh Miller","David Harbour,Kristen Bell,Daniela Melchior,Maxwell Friedman,Andrew Bachelor,Jared Harris,Joe Pantoliano",Universal Pictures/87North Productions,PG-13,English,United States,"'Violent Night 2' (2026) is a feature film directed by Tommy Wirkola, starring David Harbour,Kristen Bell,Daniela Melchior,Maxwell Friedman,Andrew Bachelor,Jared Harris,Joe Pantoliano, produced by Universal Pictures/87North Productions.",https://en.wikipedia.org/wiki/Violent_Night_2,https://images.unsplash.com/photo-1489599849927-2ee91cede3ba?w=500&auto=format&fit=crop&q=60
The Gallerist,2026,December,,"Action, Adventure, Drama, History",7.5,208118,147,28938906,22292604,,James Pedersen,"Cathy Yan, Natalie Portman,Jenna Ortega,Sterling K. Brown,Zach Galifianakis,Da'Vine Joy Randolph,Catherine Zeta-Jones",Roadside Attractions/Vertical/MountainA/Concordia Studio/MRC,PG-13,English,United States,"'The Gallerist' (2026) is a feature film directed by acclaimed filmmakers, starring Cathy Yan, Natalie Portman,Jenna Ortega,Sterling K. Brown,Zach Galifianakis,Da'Vine Joy Randolph,Catherine Zeta-Jones, produced by Roadside Attractions/Vertical/MountainA/Concordia Studio/MRC.",https://en.wikipedia.org/wiki/The_Gallerist_(film),https://images.unsplash.com/photo-1489599849927-2ee91cede3ba?w=500&auto=format&fit=crop&q=60
Flavia,2026,December,,"Crime, Thriller",7.4,76579,161,26735793,20823862,Bharat Nalluri,Susan Coyne,"Molly Belle Wright,Martin Freeman,Jonathan Pryce,Toby Jones",Magenta Light Studios,PG-13,English,United States,"'Flavia' (2026) is a feature film directed by Bharat Nalluri, starring Molly Belle Wright,Martin Freeman,Jonathan Pryce,Toby Jones, produced by Magenta Light Studios.",https://en.wikipedia.org/wiki/Flavia_(film),https://images.unsplash.com/photo-1489599849927-2ee91cede3ba?w=500&auto=format&fit=crop&q=60
Clarissa,2026,December,11,"Mystery, Thriller",6.6,120956,159,40798420,11509496,"Arie Esiri,Chuko Esiri",Chuko Esiri,"Sophie Okonedo,David Oyelowo,India Amarteifio,Toheeb Jimoh,Nikki Amuka-Bird,Ayo Edebiri",Neon,R,English,United States,"'Clarissa' (2026) is a feature film directed by Arie Esiri,Chuko Esiri, starring Sophie Okonedo,David Oyelowo,India Amarteifio,Toheeb Jimoh,Nikki Amuka-Bird,Ayo Edebiri, produced by Neon.",https://en.wikipedia.org/wiki/Clarissa_(2026_film),https://images.unsplash.com/photo-1489599849927-2ee91cede3ba?w=500&auto=format&fit=crop&q=60
Zero A. D.,2026,December,,"Horror, Thriller",8.5,98469,121,40170705,11370054,Alejandro Gómez Monteverde,Rod Barr,"Deva Cassel,Sam Worthington,Ben Mendelsohn,Gael García Bernal,Jim Caviezel",Angel Studios,R,English,United States,"'Zero A. D.' (2026) is a feature film directed by Alejandro Gómez Monteverde, starring Deva Cassel,Sam Worthington,Ben Mendelsohn,Gael García Bernal,Jim Caviezel, produced by Angel Studios.",https://en.wikipedia.org/wiki/Zero_A._D.,https://images.unsplash.com/photo-1489599849927-2ee91cede3ba?w=500&auto=format&fit=crop&q=60
In Waves,2026,December,,"Sci-Fi, Adventure",8.0,104041,149,27195747,21130498,Phuong Mai Nguyen,"Fanny Burdino, Samuel Doux","Will Sharpe,Stephanie Hsu",Netflix/Anonymous Content,PG-13,English,United States,"'In Waves' (2026) is a feature film directed by Phuong Mai Nguyen, starring Will Sharpe,Stephanie Hsu, produced by Netflix/Anonymous Content.",https://en.wikipedia.org/wiki/In_Waves,https://images.unsplash.com/photo-1489599849927-2ee91cede3ba?w=500&auto=format&fit=crop&q=60
Avengers: Doomsday,2026,December,18,"Action, Sci-Fi, Superhero",7.3,306225,115,496602375,166311775,Anthony Russo and Joe Russo,"Stephen McFeely,Michael Waldron","Robert Downey Jr.,Chris Evans,Chris Hemsworth,Pedro Pascal,Paul Rudd,Anthony Mackie,Florence Pugh,Vanessa Kirby,Ebon Moss-Bachrach,Wyatt Russell,Channing Tatum,Simu Liu,Ian McKellen,Tom Hiddleston,James Marsden,Patrick Stewart,Joseph Quinn,Sebastian Stan,David Harbour,Letitia Wright,Lewis Pullman,Kelsey Grammer,Kathryn Newton,Danny Ramirez,Winston Duke,Alan Cumming,Hannah John-Kamen,Rebecca Romijn,Mabel Cadena,Tenoch Huerta Mejía",Marvel Studios/AGBO,PG-13,English,United States,"'Avengers: Doomsday' (2026) is a feature film directed by Anthony Russo and Joe Russo, starring Robert Downey Jr.,Chris Evans,Chris Hemsworth,Pedro Pascal,Paul Rudd,Anthony Mackie,Florence Pugh,Vanessa Kirby,Ebon Moss-Bachrach,Wyatt Russell,Channing Tatum,Simu Liu,Ian McKellen,Tom Hiddleston,James Marsden,Patrick Stewart,Joseph Quinn,Sebastian Stan,David Harbour,Letitia Wright,Lewis Pullman,Kelsey Grammer,Kathryn Newton,Danny Ramirez,Winston Duke,Alan Cumming,Hannah John-Kamen,Rebecca Romijn,Mabel Cadena,Tenoch Huerta Mejía, produced by Marvel Studios/AGBO.",https://en.wikipedia.org/wiki/Avengers:_Doomsday,https://images.unsplash.com/photo-1489599849927-2ee91cede3ba?w=500&auto=format&fit=crop&q=60
Dune: Part Three,2026,December,,"Action, Adventure, Drama, History",8.3,242545,95,492651975,164929055,,Brian K. Vaughan,"Denis Villeneuve, Timothée Chalamet,Zendaya,Florence Pugh,Jason Momoa,Rebecca Ferguson,Isaach De Bankolé,Charlotte Rampling,Anya Taylor-Joy,Robert Pattinson,Javier Bardem",Warner Bros. Pictures/Legendary Pictures,PG-13,English,United States,"'Dune: Part Three' (2026) is a feature film directed by acclaimed filmmakers, starring Denis Villeneuve, Timothée Chalamet,Zendaya,Florence Pugh,Jason Momoa,Rebecca Ferguson,Isaach De Bankolé,Charlotte Rampling,Anya Taylor-Joy,Robert Pattinson,Javier Bardem, produced by Warner Bros. Pictures/Legendary Pictures.",https://en.wikipedia.org/wiki/Dune:_Part_Three,https://images.unsplash.com/photo-1489599849927-2ee91cede3ba?w=500&auto=format&fit=crop&q=60
Ray Gunn,2026,December,,"Animation, Family, Adventure",8.7,105434,156,27219078,21146052,,Matthew Robbins,"Brad Bird, Sam Rockwell,Scarlett Johansson,Tom Waits,John Ratzenberger,Jamie Costa",Netflix/Skydance Animation,PG-13,English,United States,"'Ray Gunn' (2026) is a feature film directed by acclaimed filmmakers, starring Brad Bird, Sam Rockwell,Scarlett Johansson,Tom Waits,John Ratzenberger,Jamie Costa, produced by Netflix/Skydance Animation.",https://en.wikipedia.org/wiki/Ray_Gunn,https://images.unsplash.com/photo-1489599849927-2ee91cede3ba?w=500&auto=format&fit=crop&q=60
The Angry Birds Movie 3,2026,December,23,"Animation, Family, Adventure",8.6,354781,134,31395327,23930218,John Rice,Thurop Van Orman,"Jason Sudeikis,Josh Gad,Emma Myers,Rachel Bloom,Walker Scobell,Danny McBride,Marcello Hernández,Tim Robinson,Anna Cathcart,Maitreyi Ramakrishnan,Nikki Glaser,MrBeast,Salish Matter,Psalm West,Sam Richardson,James Austin Johnson,Lily James,Keke Palmer",Paramount Pictures/Sega Sammy Group/Rovio Animation/Prime Focus Studios/One Cool Group/Dentsu,PG-13,English,United States,"'The Angry Birds Movie 3' (2026) is a feature film directed by John Rice, starring Jason Sudeikis,Josh Gad,Emma Myers,Rachel Bloom,Walker Scobell,Danny McBride,Marcello Hernández,Tim Robinson,Anna Cathcart,Maitreyi Ramakrishnan,Nikki Glaser,MrBeast,Salish Matter,Psalm West,Sam Richardson,James Austin Johnson,Lily James,Keke Palmer, produced by Paramount Pictures/Sega Sammy Group/Rovio Animation/Prime Focus Studios/One Cool Group/Dentsu.",https://en.wikipedia.org/wiki/The_Angry_Birds_Movie_3,https://images.unsplash.com/photo-1489599849927-2ee91cede3ba?w=500&auto=format&fit=crop&q=60
Jumanji: Open World,2026,December,25,"Sci-Fi, Adventure",8.6,308812,128,30625404,23416936,Jake Kasdan,"Jeff Pinkner,Scott Rosenberg","Dwayne Johnson,Jack Black,Kevin Hart,Karen Gillan,Nick Jonas,Awkwafina,Alex Wolff,Morgan Turner,Ser'Darius Blain,Madison Iseman,Rhys Darby,Lamorne Morris,Bebe Neuwirth,Danny DeVito",Columbia Pictures/Seven Bucks Productions,PG-13,English,United States,"'Jumanji: Open World' (2026) is a feature film directed by Jake Kasdan, starring Dwayne Johnson,Jack Black,Kevin Hart,Karen Gillan,Nick Jonas,Awkwafina,Alex Wolff,Morgan Turner,Ser'Darius Blain,Madison Iseman,Rhys Darby,Lamorne Morris,Bebe Neuwirth,Danny DeVito, produced by Columbia Pictures/Seven Bucks Productions.",https://en.wikipedia.org/wiki/Jumanji:_Open_World,https://images.unsplash.com/photo-1489599849927-2ee91cede3ba?w=500&auto=format&fit=crop&q=60
Werwulf,2026,December,,"Sci-Fi, Adventure",6.2,107026,164,27245742,21163828,,Sjón,"Robert Eggers, Aaron Taylor-Johnson,Willem Dafoe,Lily-Rose Depp,Ralph Ineson,Bodhi Rae Breathnach",Focus Features/Working Title Films/Maiden Voyage Pictures,PG-13,English,United States,"'Werwulf' (2026) is a feature film directed by acclaimed filmmakers, starring Robert Eggers, Aaron Taylor-Johnson,Willem Dafoe,Lily-Rose Depp,Ralph Ineson,Bodhi Rae Breathnach, produced by Focus Features/Working Title Films/Maiden Voyage Pictures.",https://en.wikipedia.org/wiki/Werwulf,https://images.unsplash.com/photo-1489599849927-2ee91cede3ba?w=500&auto=format&fit=crop&q=60
Mr. Irrelevant: The John Tuggle Story,2026,December,,Drama,6.3,176018,147,35938206,26958804,Jonathan Levine,Nick Santora,"David Corenswet,Isabel May,Michael Shannon,David Krumholtz",Paramount Pictures/Skydance Sports,PG-13,English,United States,"'Mr. Irrelevant: The John Tuggle Story' (2026) is a feature film directed by Jonathan Levine, starring David Corenswet,Isabel May,Michael Shannon,David Krumholtz, produced by Paramount Pictures/Skydance Sports.",https://en.wikipedia.org/wiki/Mr._Irrelevant:_The_John_Tuggle_Story,https://images.unsplash.com/photo-1489599849927-2ee91cede3ba?w=500&auto=format&fit=crop&q=60
Nutmeg & Mistletoe,2026,December,,"Sci-Fi, Adventure",6.6,291698,117,30338766,23225844,Peter Herro,"Jennifer Bascom, Deborah Dodge","Maia Kealoha,Madeleine Arthur,Sarah Jeffery,Arianna Rivas,Nia Vardalos",Abyssal Films,PG-13,English,United States,"'Nutmeg & Mistletoe' (2026) is a feature film directed by Peter Herro, starring Maia Kealoha,Madeleine Arthur,Sarah Jeffery,Arianna Rivas,Nia Vardalos, produced by Abyssal Films.",https://en.wikipedia.org/wiki/Nutmeg_&_Mistletoe,https://images.unsplash.com/photo-1489599849927-2ee91cede3ba?w=500&auto=format&fit=crop&q=60
The Odyssey,2026,July,17,"Action, Adventure, Drama, History",9.0,171701,114,488257155,163390779,Christopher Nolan,Christopher Nolan,"Matt Damon, Tom Holland, Anne Hathaway, Robert Pattinson, Lupita Nyong'o, Zendaya",Universal Pictures / Syncopy Inc.,PG-13,English,United States,"'The Odyssey' (2026) is a feature film directed by Christopher Nolan, starring Matt Damon, Tom Holland, Anne Hathaway, Robert Pattinson, Lupita Nyong'o, Zendaya, produced by Universal Pictures / Syncopy Inc..",https://en.wikipedia.org/wiki/The_Odyssey_(2026_film),https://images.unsplash.com/photo-1489599849927-2ee91cede3ba?w=500&auto=format&fit=crop&q=60
